fixture_id,fecha,confederacion,league_id,season,round,home_id,home,away_id,away,goles_local,goles_visita,status
1,2023-01-02,AFF Championship,,2023,,Thailand,Thailand,Cambodia,Cambodia,3,1,FT
2,2023-01-02,AFF Championship,,2023,,Philippines,Philippines,Indonesia,Indonesia,1,2,FT
3,2023-01-03,AFF Championship,,2023,,Vietnam,Vietnam,Myanmar,Myanmar,3,0,FT
4,2023-01-03,AFF Championship,,2023,,Malaysia,Malaysia,Singapore,Singapore,4,1,FT
5,2023-01-06,Gulf Cup,,2023,,Iraq,Iraq,Oman,Oman,0,0,FT
6,2023-01-06,Gulf Cup,,2023,,Yemen,Yemen,Saudi Arabia,Saudi Arabia,0,2,FT
7,2023-01-06,AFF Championship,,2023,,Indonesia,Indonesia,Vietnam,Vietnam,0,0,FT
8,2023-01-07,Gulf Cup,,2023,,Bahrain,Bahrain,United Arab Emirates,United Arab Emirates,2,1,FT
9,2023-01-07,Gulf Cup,,2023,,Kuwait,Kuwait,Qatar,Qatar,0,2,FT
10,2023-01-07,AFF Championship,,2023,,Malaysia,Malaysia,Thailand,Thailand,1,0,FT
11,2023-01-08,Friendly,,2023,,Iceland,Iceland,Estonia,Estonia,1,1,FT
12,2023-01-09,Friendly,,2023,,Sweden,Sweden,Finland,Finland,2,0,FT
13,2023-01-09,Gulf Cup,,2023,,Oman,Oman,Yemen,Yemen,3,2,FT
14,2023-01-09,Gulf Cup,,2023,,Iraq,Iraq,Saudi Arabia,Saudi Arabia,2,0,FT
15,2023-01-09,AFF Championship,,2023,,Vietnam,Vietnam,Indonesia,Indonesia,2,0,FT
16,2023-01-10,Gulf Cup,,2023,,United Arab Emirates,United Arab Emirates,Kuwait,Kuwait,0,1,FT
17,2023-01-10,Gulf Cup,,2023,,Qatar,Qatar,Bahrain,Bahrain,1,2,FT
18,2023-01-10,AFF Championship,,2023,,Thailand,Thailand,Malaysia,Malaysia,3,0,FT
19,2023-01-12,Friendly,,2023,,Finland,Finland,Estonia,Estonia,0,1,FT
20,2023-01-12,Friendly,,2023,,Sweden,Sweden,Iceland,Iceland,2,1,FT
21,2023-01-12,Gulf Cup,,2023,,Iraq,Iraq,Yemen,Yemen,5,0,FT
22,2023-01-12,Gulf Cup,,2023,,Saudi Arabia,Saudi Arabia,Oman,Oman,1,2,FT
23,2023-01-13,Gulf Cup,,2023,,Bahrain,Bahrain,Kuwait,Kuwait,1,1,FT
24,2023-01-13,Gulf Cup,,2023,,Qatar,Qatar,United Arab Emirates,United Arab Emirates,1,1,FT
25,2023-01-13,AFF Championship,,2023,,Vietnam,Vietnam,Thailand,Thailand,2,2,FT
26,2023-01-16,Gulf Cup,,2023,,Iraq,Iraq,Qatar,Qatar,2,1,FT
27,2023-01-16,Gulf Cup,,2023,,Bahrain,Bahrain,Oman,Oman,0,1,FT
28,2023-01-16,AFF Championship,,2023,,Thailand,Thailand,Vietnam,Vietnam,1,0,FT
29,2023-01-19,Gulf Cup,,2023,,Iraq,Iraq,Oman,Oman,3,2,FT
30,2023-01-25,Friendly,,2023,,United States,United States,Serbia,Serbia,1,2,FT
31,2023-01-28,Friendly,,2023,,United States,United States,Colombia,Colombia,0,0,FT
32,2023-02-22,Friendly,,2023,,Grenada,Grenada,Barbados,Barbados,1,1,FT
33,2023-02-26,Friendly,,2023,,Grenada,Grenada,Barbados,Barbados,2,2,FT
34,2023-03-03,Friendly,,2023,,Grenada,Grenada,Saint Lucia,Saint Lucia,1,2,FT
35,2023-03-04,Friendly,,2023,,Saint Barthélemy,Saint Barthélemy,Sint Maarten,Sint Maarten,5,1,FT
36,2023-03-05,Friendly,,2023,,Grenada,Grenada,Saint Lucia,Saint Lucia,2,0,FT
37,2023-03-10,Friendly,,2023,,Saint Martin,Saint Martin,Saint Barthélemy,Saint Barthélemy,3,2,FT
38,2023-03-11,Friendly,,2023,,Jamaica,Jamaica,Trinidad and Tobago,Trinidad and Tobago,0,1,FT
39,2023-03-12,Friendly,,2023,,Guatemala,Guatemala,Panama,Panama,1,1,FT
40,2023-03-14,Friendly,,2023,,Jamaica,Jamaica,Trinidad and Tobago,Trinidad and Tobago,0,0,FT
41,2023-03-15,Friendly,,2023,,Bangladesh,Bangladesh,Malawi,Malawi,1,1,FT
42,2023-03-19,Friendly,,2023,,Ethiopia,Ethiopia,Rwanda,Rwanda,1,0,FT
43,2023-03-20,Friendly,,2023,,Fiji,Fiji,Vanuatu,Vanuatu,1,2,FT
44,2023-03-21,Friendly,,2023,,Maldives,Maldives,Pakistan,Pakistan,1,0,FT
45,2023-03-21,Friendly,,2023,,Tahiti,Tahiti,New Caledonia,New Caledonia,0,2,FT
46,2023-03-22,Friendly,,2023,,Honduras,Honduras,El Salvador,El Salvador,1,0,FT
47,2023-03-22,Tri Nation Tournament,,2023,,India,India,Myanmar,Myanmar,1,0,FT
48,2023-03-22,Tri Nation Tournament,,2023,,Nepal,Nepal,Laos,Laos,2,0,FT
49,2023-03-22,Friendly,,2023,,Republic of Ireland,Republic of Ireland,Latvia,Latvia,3,2,FT
50,2023-03-22,African Cup of Nations qualification,,2023,,Sierra Leone,Sierra Leone,São Tomé and Príncipe,São Tomé and Príncipe,2,2,FT
51,2023-03-22,African Cup of Nations qualification,,2023,,Benin,Benin,Rwanda,Rwanda,1,1,FT
52,2023-03-23,Friendly,,2023,,Argentina,Argentina,Panama,Panama,2,0,FT
53,2023-03-23,Friendly,,2023,,Hong Kong,Hong Kong,Singapore,Singapore,1,1,FT
54,2023-03-23,Friendly,,2023,,Hungary,Hungary,Estonia,Estonia,1,0,FT
55,2023-03-23,Friendly,,2023,,Iran,Iran,Russia,Russia,1,1,FT
56,2023-03-23,Friendly,,2023,,Malaysia,Malaysia,Turkmenistan,Turkmenistan,1,0,FT
57,2023-03-23,Friendly,,2023,,New Zealand,New Zealand,China,China,0,0,FT
58,2023-03-23,Friendly,,2023,,Solomon Islands,Solomon Islands,Vanuatu,Vanuatu,2,0,FT
59,2023-03-23,African Cup of Nations qualification,,2023,,Madagascar,Madagascar,Central African Republic,Central African Republic,0,3,FT
60,2023-03-23,African Cup of Nations qualification,,2023,,Ghana,Ghana,Angola,Angola,1,0,FT
61,2023-03-23,African Cup of Nations qualification,,2023,,Algeria,Algeria,Niger,Niger,2,1,FT
62,2023-03-23,African Cup of Nations qualification,,2023,,Congo,Congo,South Sudan,South Sudan,1,2,FT
63,2023-03-23,African Cup of Nations qualification,,2023,,Zambia,Zambia,Lesotho,Lesotho,3,1,FT
64,2023-03-23,African Cup of Nations qualification,,2023,,Gabon,Gabon,Sudan,Sudan,1,0,FT
65,2023-03-23,UEFA Euro qualification,,2023,,Italy,Italy,England,England,1,2,FT
66,2023-03-23,UEFA Euro qualification,,2023,,North Macedonia,North Macedonia,Malta,Malta,2,1,FT
67,2023-03-23,UEFA Euro qualification,,2023,,Denmark,Denmark,Finland,Finland,3,1,FT
68,2023-03-23,UEFA Euro qualification,,2023,,San Marino,San Marino,Northern Ireland,Northern Ireland,0,2,FT
69,2023-03-23,UEFA Euro qualification,,2023,,Kazakhstan,Kazakhstan,Slovenia,Slovenia,1,2,FT
70,2023-03-23,UEFA Euro qualification,,2023,,Portugal,Portugal,Liechtenstein,Liechtenstein,4,0,FT
71,2023-03-23,UEFA Euro qualification,,2023,,Bosnia and Herzegovina,Bosnia and Herzegovina,Iceland,Iceland,3,0,FT
72,2023-03-23,UEFA Euro qualification,,2023,,Slovakia,Slovakia,Luxembourg,Luxembourg,0,0,FT
73,2023-03-23,CONCACAF Nations League,,2023,,Suriname,Suriname,Mexico,Mexico,0,2,FT
74,2023-03-23,CONCACAF Nations League,,2023,,Barbados,Barbados,Cuba,Cuba,0,1,FT
75,2023-03-23,CONCACAF Nations League,,2023,,Guadeloupe,Guadeloupe,Antigua and Barbuda,Antigua and Barbuda,0,1,FT
76,2023-03-23,CONCACAF Nations League,,2023,,French Guiana,French Guiana,Dominican Republic,Dominican Republic,1,1,FT
77,2023-03-23,CONCACAF Nations League,,2023,,Saint Martin,Saint Martin,Saint Kitts and Nevis,Saint Kitts and Nevis,1,3,FT
78,2023-03-23,CONCACAF Nations League,,2023,,British Virgin Islands,British Virgin Islands,Puerto Rico,Puerto Rico,1,3,FT
79,2023-03-24,Friendly,,2023,,Australia,Australia,Ecuador,Ecuador,3,1,FT
80,2023-03-24,Friendly,,2023,,Japan,Japan,Uruguay,Uruguay,1,1,FT
81,2023-03-24,Friendly,,2023,,South Korea,South Korea,Colombia,Colombia,2,2,FT
82,2023-03-24,Friendly,,2023,,Kuwait,Kuwait,Philippines,Philippines,2,0,FT
83,2023-03-24,Friendly,,2023,,Saudi Arabia,Saudi Arabia,Venezuela,Venezuela,1,2,FT
84,2023-03-24,Friendly,,2023,,Tahiti,Tahiti,New Caledonia,New Caledonia,2,1,FT
85,2023-03-24,Friendly,,2023,,Uzbekistan,Uzbekistan,Bolivia,Bolivia,1,0,FT
86,2023-03-24,African Cup of Nations qualification,,2023,,Nigeria,Nigeria,Guinea-Bissau,Guinea-Bissau,0,1,FT
87,2023-03-24,African Cup of Nations qualification,,2023,,Cape Verde,Cape Verde,Eswatini,Eswatini,0,0,FT
88,2023-03-24,African Cup of Nations qualification,,2023,,Burkina Faso,Burkina Faso,Togo,Togo,1,0,FT
89,2023-03-24,African Cup of Nations qualification,,2023,,Cameroon,Cameroon,Namibia,Namibia,1,1,FT
90,2023-03-24,African Cup of Nations qualification,,2023,,Guinea,Guinea,Ethiopia,Ethiopia,2,0,FT
91,2023-03-24,African Cup of Nations qualification,,2023,,Egypt,Egypt,Malawi,Malawi,2,0,FT
92,2023-03-24,African Cup of Nations qualification,,2023,,Uganda,Uganda,Tanzania,Tanzania,0,1,FT
93,2023-03-24,African Cup of Nations qualification,,2023,,Mali,Mali,Gambia,Gambia,2,0,FT
94,2023-03-24,African Cup of Nations qualification,,2023,,Ivory Coast,Ivory Coast,Comoros,Comoros,3,1,FT
95,2023-03-24,African Cup of Nations qualification,,2023,,DR Congo,DR Congo,Mauritania,Mauritania,3,1,FT
96,2023-03-24,African Cup of Nations qualification,,2023,,Equatorial Guinea,Equatorial Guinea,Botswana,Botswana,2,0,FT
97,2023-03-24,African Cup of Nations qualification,,2023,,Tunisia,Tunisia,Libya,Libya,3,0,FT
98,2023-03-24,African Cup of Nations qualification,,2023,,South Africa,South Africa,Liberia,Liberia,2,2,FT
99,2023-03-24,African Cup of Nations qualification,,2023,,Senegal,Senegal,Mozambique,Mozambique,5,1,FT
100,2023-03-24,UEFA Euro qualification,,2023,,Gibraltar,Gibraltar,Greece,Greece,0,3,FT
101,2023-03-24,UEFA Euro qualification,,2023,,France,France,Netherlands,Netherlands,4,0,FT
102,2023-03-24,UEFA Euro qualification,,2023,,Czech Republic,Czech Republic,Poland,Poland,3,1,FT
103,2023-03-24,UEFA Euro qualification,,2023,,Moldova,Moldova,Faroe Islands,Faroe Islands,1,1,FT
104,2023-03-24,UEFA Euro qualification,,2023,,Austria,Austria,Azerbaijan,Azerbaijan,4,1,FT
105,2023-03-24,UEFA Euro qualification,,2023,,Sweden,Sweden,Belgium,Belgium,0,3,FT
106,2023-03-24,UEFA Euro qualification,,2023,,Bulgaria,Bulgaria,Montenegro,Montenegro,0,1,FT
107,2023-03-24,UEFA Euro qualification,,2023,,Serbia,Serbia,Lithuania,Lithuania,2,0,FT
108,2023-03-24,CONCACAF Nations League,,2023,,Grenada,Grenada,United States,United States,1,7,FT
109,2023-03-24,CONCACAF Nations League,,2023,,Bahamas,Bahamas,Trinidad and Tobago,Trinidad and Tobago,0,3,FT
110,2023-03-24,CONCACAF Nations League,,2023,,Nicaragua,Nicaragua,Saint Vincent and the Grenadines,Saint Vincent and the Grenadines,4,1,FT
111,2023-03-24,CONCACAF Nations League,,2023,,Belize,Belize,Guatemala,Guatemala,1,2,FT
112,2023-03-24,CONCACAF Nations League,,2023,,Anguilla,Anguilla,Saint Lucia,Saint Lucia,1,2,FT
113,2023-03-25,Friendly,,2023,,Bahrain,Bahrain,Palestine,Palestine,1,2,FT
114,2023-03-25,Friendly,,2023,,Bangladesh,Bangladesh,Seychelles,Seychelles,1,0,FT
115,2023-03-25,Tri Nation Tournament,,2023,,Bhutan,Bhutan,Laos,Laos,1,2,FT
116,2023-03-25,Friendly,,2023,,Georgia,Georgia,Mongolia,Mongolia,6,1,FT
117,2023-03-25,Friendly,,2023,,Germany,Germany,Peru,Peru,2,0,FT
118,2023-03-25,Friendly,,2023,,Indonesia,Indonesia,Burundi,Burundi,3,1,FT
119,2023-03-25,Friendly,,2023,,Morocco,Morocco,Brazil,Brazil,2,1,FT
120,2023-03-25,Tri Nation Tournament,,2023,,Myanmar,Myanmar,Kyrgyzstan,Kyrgyzstan,1,1,FT
121,2023-03-25,Friendly,,2023,,Thailand,Thailand,Syria,Syria,1,3,FT
122,2023-03-25,Friendly,,2023,,United Arab Emirates,United Arab Emirates,Tajikistan,Tajikistan,0,0,FT
123,2023-03-25,UEFA Euro qualification,,2023,,Scotland,Scotland,Cyprus,Cyprus,3,0,FT
124,2023-03-25,UEFA Euro qualification,,2023,,Spain,Spain,Norway,Norway,3,0,FT
125,2023-03-25,UEFA Euro qualification,,2023,,Croatia,Croatia,Wales,Wales,1,1,FT
126,2023-03-25,UEFA Euro qualification,,2023,,Armenia,Armenia,Turkey,Turkey,1,2,FT
127,2023-03-25,UEFA Euro qualification,,2023,,Belarus,Belarus,Switzerland,Switzerland,0,5,FT
128,2023-03-25,UEFA Euro qualification,,2023,,Israel,Israel,Kosovo,Kosovo,1,1,FT
129,2023-03-25,UEFA Euro qualification,,2023,,Andorra,Andorra,Romania,Romania,0,2,FT
130,2023-03-25,CONCACAF Nations League,,2023,,Martinique,Martinique,Costa Rica,Costa Rica,1,2,FT
131,2023-03-25,CONCACAF Nations League,,2023,,Curaçao,Curaçao,Canada,Canada,0,2,FT
132,2023-03-25,CONCACAF Nations League,,2023,,Bermuda,Bermuda,Guyana,Guyana,0,2,FT
133,2023-03-25,CONCACAF Nations League,,2023,,Montserrat,Montserrat,Haiti,Haiti,0,4,FT
134,2023-03-25,CONCACAF Nations League,,2023,,Sint Maarten,Sint Maarten,Bonaire,Bonaire,6,1,FT
135,2023-03-25,CONCACAF Nations League,,2023,,Turks and Caicos Islands,Turks and Caicos Islands,United States Virgin Islands,United States Virgin Islands,1,0,FT
136,2023-03-26,Friendly,,2023,,Fiji,Fiji,Solomon Islands,Solomon Islands,0,2,FT
137,2023-03-26,Friendly,,2023,,Macau,Macau,Singapore,Singapore,0,1,FT
138,2023-03-26,Friendly,,2023,,New Zealand,New Zealand,China,China,2,1,FT
139,2023-03-26,Friendly,,2023,,Russia,Russia,Iraq,Iraq,2,0,FT
140,2023-03-26,African Cup of Nations qualification,,2023,,São Tomé and Príncipe,São Tomé and Príncipe,Sierra Leone,Sierra Leone,0,2,FT
141,2023-03-26,African Cup of Nations qualification,,2023,,Lesotho,Lesotho,Zambia,Zambia,0,2,FT
142,2023-03-26,UEFA Euro qualification,,2023,,England,England,Ukraine,Ukraine,2,0,FT
143,2023-03-26,UEFA Euro qualification,,2023,,Malta,Malta,Italy,Italy,0,2,FT
144,2023-03-26,UEFA Euro qualification,,2023,,Slovenia,Slovenia,San Marino,San Marino,2,0,FT
145,2023-03-26,UEFA Euro qualification,,2023,,Kazakhstan,Kazakhstan,Denmark,Denmark,3,2,FT
146,2023-03-26,UEFA Euro qualification,,2023,,Northern Ireland,Northern Ireland,Finland,Finland,0,1,FT
147,2023-03-26,UEFA Euro qualification,,2023,,Liechtenstein,Liechtenstein,Iceland,Iceland,0,7,FT
148,2023-03-26,UEFA Euro qualification,,2023,,Luxembourg,Luxembourg,Portugal,Portugal,0,6,FT
149,2023-03-26,UEFA Euro qualification,,2023,,Slovakia,Slovakia,Bosnia and Herzegovina,Bosnia and Herzegovina,2,0,FT
150,2023-03-26,CONCACAF Nations League,,2023,,Mexico,Mexico,Jamaica,Jamaica,2,2,FT
151,2023-03-26,CONCACAF Nations League,,2023,,Antigua and Barbuda,Antigua and Barbuda,Barbados,Barbados,1,2,FT
152,2023-03-26,CONCACAF Nations League,,2023,,Cuba,Cuba,Guadeloupe,Guadeloupe,1,0,FT
153,2023-03-26,CONCACAF Nations League,,2023,,Puerto Rico,Puerto Rico,Cayman Islands,Cayman Islands,5,1,FT
154,2023-03-27,Friendly,,2023,,Chile,Chile,Paraguay,Paraguay,3,2,FT
155,2023-03-27,Friendly,,2023,,Greece,Greece,Lithuania,Lithuania,0,0,FT
156,2023-03-27,Friendly,,2023,,North Macedonia,North Macedonia,Faroe Islands,Faroe Islands,1,0,FT
157,2023-03-27,Friendly,,2023,,Oman,Oman,Lebanon,Lebanon,2,0,FT
158,2023-03-27,African Cup of Nations qualification,,2023,,Guinea-Bissau,Guinea-Bissau,Nigeria,Nigeria,0,1,FT
159,2023-03-27,African Cup of Nations qualification,,2023,,Ethiopia,Ethiopia,Guinea,Guinea,2,3,FT
160,2023-03-27,African Cup of Nations qualification,,2023,,Central African Republic,Central African Republic,Madagascar,Madagascar,2,0,FT
161,2023-03-27,African Cup of Nations qualification,,2023,,Angola,Angola,Ghana,Ghana,1,1,FT
162,2023-03-27,African Cup of Nations qualification,,2023,,Niger,Niger,Algeria,Algeria,0,1,FT
163,2023-03-27,African Cup of Nations qualification,,2023,,South Sudan,South Sudan,Congo,Congo,0,1,FT
164,2023-03-27,African Cup of Nations qualification,,2023,,Sudan,Sudan,Gabon,Gabon,1,0,FT
165,2023-03-27,UEFA Euro qualification,,2023,,Republic of Ireland,Republic of Ireland,France,France,0,1,FT
166,2023-03-27,UEFA Euro qualification,,2023,,Netherlands,Netherlands,Gibraltar,Gibraltar,3,0,FT
167,2023-03-27,UEFA Euro qualification,,2023,,Poland,Poland,Albania,Albania,1,0,FT
168,2023-03-27,UEFA Euro qualification,,2023,,Moldova,Moldova,Czech Republic,Czech Republic,0,0,FT
169,2023-03-27,UEFA Euro qualification,,2023,,Austria,Austria,Estonia,Estonia,2,1,FT
170,2023-03-27,UEFA Euro qualification,,2023,,Sweden,Sweden,Azerbaijan,Azerbaijan,5,0,FT
171,2023-03-27,UEFA Euro qualification,,2023,,Hungary,Hungary,Bulgaria,Bulgaria,3,0,FT
172,2023-03-27,UEFA Euro qualification,,2023,,Montenegro,Montenegro,Serbia,Serbia,0,2,FT
173,2023-03-27,CONCACAF Nations League,,2023,,United States,United States,El Salvador,El Salvador,1,0,FT
174,2023-03-27,CONCACAF Nations League,,2023,,Saint Vincent and the Grenadines,Saint Vincent and the Grenadines,Bahamas,Bahamas,1,1,FT
175,2023-03-27,CONCACAF Nations League,,2023,,Trinidad and Tobago,Trinidad and Tobago,Nicaragua,Nicaragua,1,1,FT
176,2023-03-27,CONCACAF Nations League,,2023,,Dominican Republic,Dominican Republic,Belize,Belize,2,0,FT
177,2023-03-27,CONCACAF Nations League,,2023,,Guatemala,Guatemala,French Guiana,French Guiana,4,0,FT
178,2023-03-27,CONCACAF Nations League,,2023,,Saint Kitts and Nevis,Saint Kitts and Nevis,Aruba,Aruba,2,0,FT
179,2023-03-27,CONCACAF Nations League,,2023,,Saint Lucia,Saint Lucia,Dominica,Dominica,3,1,FT
180,2023-03-28,Friendly,,2023,,Argentina,Argentina,Curaçao,Curaçao,7,0,FT
181,2023-03-28,Friendly,,2023,,Armenia,Armenia,Cyprus,Cyprus,2,2,FT
182,2023-03-28,Friendly,,2023,,Australia,Australia,Ecuador,Ecuador,1,2,FT
183,2023-03-28,Friendly,,2023,,Bahrain,Bahrain,Syria,Syria,1,0,FT
184,2023-03-28,Friendly,,2023,,Bangladesh,Bangladesh,Seychelles,Seychelles,0,1,FT
185,2023-03-28,Friendly,,2023,,Germany,Germany,Belgium,Belgium,2,3,FT
186,2023-03-28,Tri Nation Tournament,,2023,,India,India,Kyrgyzstan,Kyrgyzstan,2,0,FT
187,2023-03-28,Friendly,,2023,,Indonesia,Indonesia,Burundi,Burundi,2,2,FT
188,2023-03-28,Friendly,,2023,,Iran,Iran,Kenya,Kenya,2,1,FT
189,2023-03-28,Friendly,,2023,,Japan,Japan,Colombia,Colombia,1,2,FT
190,2023-03-28,Friendly,,2023,,Jordan,Jordan,Philippines,Philippines,4,0,FT
191,2023-03-28,Friendly,,2023,,South Korea,South Korea,Uruguay,Uruguay,1,2,FT
192,2023-03-28,Friendly,,2023,,Kuwait,Kuwait,Tajikistan,Tajikistan,2,1,FT
193,2023-03-28,Friendly,,2023,,Malaysia,Malaysia,Hong Kong,Hong Kong,2,0,FT
194,2023-03-28,Friendly,,2023,,Morocco,Morocco,Peru,Peru,0,0,FT
195,2023-03-28,Tri Nation Tournament,,2023,,Nepal,Nepal,Bhutan,Bhutan,1,1,FT
196,2023-03-28,Friendly,,2023,,Saudi Arabia,Saudi Arabia,Bolivia,Bolivia,1,2,FT
197,2023-03-28,Friendly,,2023,,United Arab Emirates,United Arab Emirates,Thailand,Thailand,2,0,FT
198,2023-03-28,Friendly,,2023,,Uzbekistan,Uzbekistan,Venezuela,Venezuela,1,1,FT
199,2023-03-28,African Cup of Nations qualification,,2023,,Eswatini,Eswatini,Cape Verde,Cape Verde,0,1,FT
200,2023-03-28,African Cup of Nations qualification,,2023,,Togo,Togo,Burkina Faso,Burkina Faso,1,1,FT
201,2023-03-28,African Cup of Nations qualification,,2023,,Namibia,Namibia,Cameroon,Cameroon,2,1,FT
202,2023-03-28,African Cup of Nations qualification,,2023,,Malawi,Malawi,Egypt,Egypt,0,4,FT
203,2023-03-28,African Cup of Nations qualification,,2023,,Tanzania,Tanzania,Uganda,Uganda,0,1,FT
204,2023-03-28,African Cup of Nations qualification,,2023,,Gambia,Gambia,Mali,Mali,1,0,FT
205,2023-03-28,African Cup of Nations qualification,,2023,,Comoros,Comoros,Ivory Coast,Ivory Coast,0,2,FT
206,2023-03-28,African Cup of Nations qualification,,2023,,Mauritania,Mauritania,DR Congo,DR Congo,1,1,FT
207,2023-03-28,African Cup of Nations qualification,,2023,,Botswana,Botswana,Equatorial Guinea,Equatorial Guinea,2,3,FT
208,2023-03-28,African Cup of Nations qualification,,2023,,Libya,Libya,Tunisia,Tunisia,0,1,FT
209,2023-03-28,African Cup of Nations qualification,,2023,,Liberia,Liberia,South Africa,South Africa,1,2,FT
210,2023-03-28,African Cup of Nations qualification,,2023,,Mozambique,Mozambique,Senegal,Senegal,0,1,FT
211,2023-03-28,UEFA Euro qualification,,2023,,Scotland,Scotland,Spain,Spain,2,0,FT
212,2023-03-28,UEFA Euro qualification,,2023,,Georgia,Georgia,Norway,Norway,1,1,FT
213,2023-03-28,UEFA Euro qualification,,2023,,Wales,Wales,Latvia,Latvia,1,0,FT
214,2023-03-28,UEFA Euro qualification,,2023,,Turkey,Turkey,Croatia,Croatia,0,2,FT
215,2023-03-28,UEFA Euro qualification,,2023,,Kosovo,Kosovo,Andorra,Andorra,1,1,FT
216,2023-03-28,UEFA Euro qualification,,2023,,Switzerland,Switzerland,Israel,Israel,3,0,FT
217,2023-03-28,UEFA Euro qualification,,2023,,Romania,Romania,Belarus,Belarus,2,1,FT
218,2023-03-28,CONCACAF Nations League,,2023,,Costa Rica,Costa Rica,Panama,Panama,0,1,FT
219,2023-03-28,CONCACAF Nations League,,2023,,Canada,Canada,Honduras,Honduras,4,1,FT
220,2023-03-28,CONCACAF Nations League,,2023,,Haiti,Haiti,Bermuda,Bermuda,3,1,FT
221,2023-03-28,CONCACAF Nations League,,2023,,Guyana,Guyana,Montserrat,Montserrat,0,0,FT
222,2023-03-28,CONCACAF Nations League,,2023,,Bonaire,Bonaire,Turks and Caicos Islands,Turks and Caicos Islands,1,2,FT
223,2023-03-28,CONCACAF Nations League,,2023,,United States Virgin Islands,United States Virgin Islands,Sint Maarten,Sint Maarten,1,2,FT
224,2023-03-29,African Cup of Nations qualification,,2023,,Rwanda,Rwanda,Benin,Benin,1,1,FT
225,2023-03-31,Tri Nation Tournament,,2023,,Nepal,Nepal,Laos,Laos,2,1,FT
226,2023-04-19,Friendly,,2023,,United States,United States,Mexico,Mexico,1,1,FT
227,2023-06-07,Friendly,,2023,,Mexico,Mexico,Guatemala,Guatemala,2,0,FT
228,2023-06-09,Friendly,,2023,,Luxembourg,Luxembourg,Malta,Malta,0,1,FT
229,2023-06-10,Friendly,,2023,,Mexico,Mexico,Cameroon,Cameroon,2,2,FT
230,2023-06-10,Friendly,,2023,,Panama,Panama,Nicaragua,Nicaragua,3,2,FT
231,2023-06-11,Friendly,,2023,,Chile,Chile,Cuba,Cuba,3,0,FT
232,2023-06-11,Friendly,,2023,,Guatemala,Guatemala,Trinidad and Tobago,Trinidad and Tobago,0,1,FT
233,2023-06-11,CAFA Nations Cup,,2023,,Tajikistan,Tajikistan,Turkmenistan,Turkmenistan,1,1,FT
234,2023-06-11,CAFA Nations Cup,,2023,,Uzbekistan,Uzbekistan,Oman,Oman,3,0,FT
235,2023-06-11,Mauritius Four Nations Cup,,2023,,Mauritius,Mauritius,Pakistan,Pakistan,3,0,FT
236,2023-06-12,Friendly,,2023,,Germany,Germany,Ukraine,Ukraine,3,3,FT
237,2023-06-12,Friendly,,2023,,Morocco,Morocco,Cape Verde,Cape Verde,0,0,FT
238,2023-06-13,CAFA Nations Cup,,2023,,Iran,Iran,Afghanistan,Afghanistan,6,1,FT
239,2023-06-13,Friendly,,2023,,Curaçao,Curaçao,Costa Rica,Costa Rica,0,0,FT
240,2023-06-14,Friendly,,2023,,DR Congo,DR Congo,Uganda,Uganda,1,0,FT
241,2023-06-14,Friendly,,2023,,Indonesia,Indonesia,Palestine,Palestine,0,0,FT
242,2023-06-14,Friendly,,2023,,Malaysia,Malaysia,Solomon Islands,Solomon Islands,4,1,FT
243,2023-06-14,Friendly,,2023,,Mozambique,Mozambique,Malawi,Malawi,1,1,FT
244,2023-06-14,Friendly,,2023,,Togo,Togo,Lesotho,Lesotho,2,0,FT
245,2023-06-14,Friendly,,2023,,Uruguay,Uruguay,Nicaragua,Nicaragua,4,1,FT
246,2023-06-14,UEFA Nations League,,2023,,Netherlands,Netherlands,Croatia,Croatia,2,4,FT
247,2023-06-14,CAFA Nations Cup,,2023,,Oman,Oman,Tajikistan,Tajikistan,1,1,FT
248,2023-06-14,CAFA Nations Cup,,2023,,Uzbekistan,Uzbekistan,Turkmenistan,Turkmenistan,2,0,FT
249,2023-06-14,Mauritius Four Nations Cup,,2023,,Pakistan,Pakistan,Kenya,Kenya,0,1,FT
250,2023-06-14,Mauritius Four Nations Cup,,2023,,Mauritius,Mauritius,Djibouti,Djibouti,1,3,FT
251,2023-06-14,African Cup of Nations qualification,,2023,,Guinea-Bissau,Guinea-Bissau,São Tomé and Príncipe,São Tomé and Príncipe,1,0,FT
252,2023-06-14,African Cup of Nations qualification,,2023,,Guinea,Guinea,Egypt,Egypt,1,2,FT
253,2023-06-14,African Cup of Nations qualification,,2023,,South Sudan,South Sudan,Gambia,Gambia,2,3,FT
254,2023-06-15,CONCACAF Nations League,,2023,,Panama,Panama,Canada,Canada,0,2,FT
255,2023-06-15,CONCACAF Nations League,,2023,,United States,United States,Mexico,Mexico,3,0,FT
256,2023-06-15,Friendly,,2023,,Argentina,Argentina,Australia,Australia,2,0,FT
257,2023-06-15,Friendly,,2023,,Cambodia,Cambodia,Bangladesh,Bangladesh,0,1,FT
258,2023-06-15,Friendly,,2023,,Costa Rica,Costa Rica,Guatemala,Guatemala,0,1,FT
259,2023-06-15,Friendly,,2023,,Honduras,Honduras,Venezuela,Venezuela,0,1,FT
260,2023-06-15,Friendly,,2023,,Jamaica,Jamaica,Qatar,Qatar,1,2,FT
261,2023-06-15,Friendly,,2023,,Japan,Japan,El Salvador,El Salvador,6,0,FT
262,2023-06-15,Friendly,,2023,,Philippines,Philippines,Nepal,Nepal,1,0,FT
263,2023-06-15,Friendly,,2023,,Vietnam,Vietnam,Hong Kong,Hong Kong,1,0,FT
264,2023-06-15,UEFA Nations League,,2023,,Spain,Spain,Italy,Italy,2,1,FT
265,2023-06-16,Gold Cup qualification,,2023,,Antigua and Barbuda,Antigua and Barbuda,Guadeloupe,Guadeloupe,0,5,FT
266,2023-06-16,Gold Cup qualification,,2023,,Martinique,Martinique,Saint Lucia,Saint Lucia,3,1,FT
267,2023-06-16,Gold Cup qualification,,2023,,Curaçao,Curaçao,Saint Kitts and Nevis,Saint Kitts and Nevis,1,1,FT
268,2023-06-16,Friendly,,2023,,Chile,Chile,Dominican Republic,Dominican Republic,5,0,FT
269,2023-06-16,Friendly,,2023,,China,China,Myanmar,Myanmar,4,0,FT
270,2023-06-16,Friendly,,2023,,Taiwan,Taiwan,Thailand,Thailand,2,2,FT
271,2023-06-16,Friendly,,2023,,Colombia,Colombia,Iraq,Iraq,1,0,FT
272,2023-06-16,Friendly,,2023,,South Korea,South Korea,Peru,Peru,0,1,FT
273,2023-06-16,Friendly,,2023,,Poland,Poland,Germany,Germany,1,0,FT
274,2023-06-16,Friendly,,2023,,Serbia,Serbia,Jordan,Jordan,3,2,FT
275,2023-06-16,Friendly,,2023,,Singapore,Singapore,Papua New Guinea,Papua New Guinea,2,2,FT
276,2023-06-16,Friendly,,2023,,Sweden,Sweden,New Zealand,New Zealand,4,1,FT
277,2023-06-16,UEFA Euro qualification,,2023,,Gibraltar,Gibraltar,France,France,0,3,FT
278,2023-06-16,UEFA Euro qualification,,2023,,Greece,Greece,Republic of Ireland,Republic of Ireland,2,1,FT
279,2023-06-16,UEFA Euro qualification,,2023,,Malta,Malta,England,England,0,4,FT
280,2023-06-16,UEFA Euro qualification,,2023,,North Macedonia,North Macedonia,Ukraine,Ukraine,2,3,FT
281,2023-06-16,UEFA Euro qualification,,2023,,Wales,Wales,Armenia,Armenia,2,4,FT
282,2023-06-16,UEFA Euro qualification,,2023,,Latvia,Latvia,Turkey,Turkey,2,3,FT
283,2023-06-16,UEFA Euro qualification,,2023,,Finland,Finland,Slovenia,Slovenia,2,0,FT
284,2023-06-16,UEFA Euro qualification,,2023,,Denmark,Denmark,Northern Ireland,Northern Ireland,1,0,FT
285,2023-06-16,UEFA Euro qualification,,2023,,San Marino,San Marino,Kazakhstan,Kazakhstan,0,3,FT
286,2023-06-16,UEFA Euro qualification,,2023,,Andorra,Andorra,Switzerland,Switzerland,1,2,FT
287,2023-06-16,UEFA Euro qualification,,2023,,Belarus,Belarus,Israel,Israel,1,2,FT
288,2023-06-16,UEFA Euro qualification,,2023,,Kosovo,Kosovo,Romania,Romania,0,0,FT
289,2023-06-16,CAFA Nations Cup,,2023,,Kyrgyzstan,Kyrgyzstan,Iran,Iran,1,5,FT
290,2023-06-17,Gold Cup qualification,,2023,,Guyana,Guyana,Grenada,Grenada,1,1,FT
291,2023-06-17,Gold Cup qualification,,2023,,Suriname,Suriname,Puerto Rico,Puerto Rico,0,0,FT
292,2023-06-17,Gold Cup qualification,,2023,,French Guiana,French Guiana,Sint Maarten,Sint Maarten,4,1,FT
293,2023-06-17,Friendly,,2023,,Brazil,Brazil,Guinea,Guinea,4,1,FT
294,2023-06-17,Friendly,,2023,,Ecuador,Ecuador,Bolivia,Bolivia,1,0,FT
295,2023-06-17,UEFA Euro qualification,,2023,,Norway,Norway,Scotland,Scotland,1,2,FT
296,2023-06-17,UEFA Euro qualification,,2023,,Cyprus,Cyprus,Georgia,Georgia,1,2,FT
297,2023-06-17,UEFA Euro qualification,,2023,,Faroe Islands,Faroe Islands,Czech Republic,Czech Republic,0,3,FT
298,2023-06-17,UEFA Euro qualification,,2023,,Albania,Albania,Moldova,Moldova,2,0,FT
299,2023-06-17,UEFA Euro qualification,,2023,,Azerbaijan,Azerbaijan,Estonia,Estonia,1,1,FT
300,2023-06-17,UEFA Euro qualification,,2023,,Belgium,Belgium,Austria,Austria,1,1,FT
301,2023-06-17,UEFA Euro qualification,,2023,,Lithuania,Lithuania,Bulgaria,Bulgaria,1,1,FT
302,2023-06-17,UEFA Euro qualification,,2023,,Montenegro,Montenegro,Hungary,Hungary,0,0,FT
303,2023-06-17,UEFA Euro qualification,,2023,,Luxembourg,Luxembourg,Liechtenstein,Liechtenstein,2,0,FT
304,2023-06-17,UEFA Euro qualification,,2023,,Iceland,Iceland,Slovakia,Slovakia,1,2,FT
305,2023-06-17,UEFA Euro qualification,,2023,,Portugal,Portugal,Bosnia and Herzegovina,Bosnia and Herzegovina,3,0,FT
306,2023-06-17,CONIFA World Football Cup qualification,,2023,,Ticino,Ticino,Raetia,Raetia,1,8,FT
307,2023-06-17,CAFA Nations Cup,,2023,,Turkmenistan,Turkmenistan,Oman,Oman,0,2,FT
308,2023-06-17,CAFA Nations Cup,,2023,,Uzbekistan,Uzbekistan,Tajikistan,Tajikistan,5,1,FT
309,2023-06-17,Mauritius Four Nations Cup,,2023,,Djibouti,Djibouti,Pakistan,Pakistan,3,1,FT
310,2023-06-17,African Cup of Nations qualification,,2023,,Central African Republic,Central African Republic,Angola,Angola,1,2,FT
311,2023-06-17,African Cup of Nations qualification,,2023,,Zambia,Zambia,Ivory Coast,Ivory Coast,3,0,FT
312,2023-06-17,African Cup of Nations qualification,,2023,,Lesotho,Lesotho,Comoros,Comoros,0,1,FT
313,2023-06-17,African Cup of Nations qualification,,2023,,Equatorial Guinea,Equatorial Guinea,Tunisia,Tunisia,1,0,FT
314,2023-06-17,African Cup of Nations qualification,,2023,,Botswana,Botswana,Libya,Libya,1,0,FT
315,2023-06-17,African Cup of Nations qualification,,2023,,South Africa,South Africa,Morocco,Morocco,2,1,FT
316,2023-06-17,African Cup of Nations qualification,,2023,,Benin,Benin,Senegal,Senegal,1,1,FT
317,2023-06-18,CONCACAF Nations League,,2023,,Panama,Panama,Mexico,Mexico,0,1,FT
318,2023-06-18,CONCACAF Nations League,,2023,,United States,United States,Canada,Canada,2,0,FT
319,2023-06-18,Friendly,,2023,,Egypt,Egypt,South Sudan,South Sudan,3,0,FT
320,2023-06-18,Friendly,,2023,,Guatemala,Guatemala,Venezuela,Venezuela,0,1,FT
321,2023-06-18,Friendly,,2023,,Paraguay,Paraguay,Nicaragua,Nicaragua,2,0,FT
322,2023-06-18,Friendly,,2023,,Singapore,Singapore,Solomon Islands,Solomon Islands,1,1,FT
323,2023-06-18,UEFA Nations League,,2023,,Netherlands,Netherlands,Italy,Italy,2,3,FT
324,2023-06-18,UEFA Nations League,,2023,,Croatia,Croatia,Spain,Spain,0,0,FT
325,2023-06-18,Mauritius Four Nations Cup,,2023,,Mauritius,Mauritius,Kenya,Kenya,1,0,FT
326,2023-06-18,African Cup of Nations qualification,,2023,,Sierra Leone,Sierra Leone,Nigeria,Nigeria,2,3,FT
327,2023-06-18,African Cup of Nations qualification,,2023,,Cape Verde,Cape Verde,Burkina Faso,Burkina Faso,3,1,FT
328,2023-06-18,African Cup of Nations qualification,,2023,,Eswatini,Eswatini,Togo,Togo,0,2,FT
329,2023-06-18,African Cup of Nations qualification,,2023,,Madagascar,Madagascar,Ghana,Ghana,0,0,FT
330,2023-06-18,African Cup of Nations qualification,,2023,,Tanzania,Tanzania,Niger,Niger,1,0,FT
331,2023-06-18,African Cup of Nations qualification,,2023,,Uganda,Uganda,Algeria,Algeria,1,2,FT
332,2023-06-18,African Cup of Nations qualification,,2023,,Congo,Congo,Mali,Mali,0,2,FT
333,2023-06-18,African Cup of Nations qualification,,2023,,Gabon,Gabon,DR Congo,DR Congo,0,2,FT
334,2023-06-18,African Cup of Nations qualification,,2023,,Rwanda,Rwanda,Mozambique,Mozambique,0,2,FT
335,2023-06-19,Friendly,,2023,,Hong Kong,Hong Kong,Thailand,Thailand,0,1,FT
336,2023-06-19,Friendly,,2023,,Indonesia,Indonesia,Argentina,Argentina,0,2,FT
337,2023-06-19,Friendly,,2023,,Jamaica,Jamaica,Jordan,Jordan,1,2,FT
338,2023-06-19,Friendly,,2023,,Macau,Macau,Myanmar,Myanmar,0,2,FT
339,2023-06-19,Friendly,,2023,,Philippines,Philippines,Taiwan,Taiwan,2,3,FT
340,2023-06-19,UEFA Euro qualification,,2023,,Republic of Ireland,Republic of Ireland,Gibraltar,Gibraltar,3,0,FT
341,2023-06-19,UEFA Euro qualification,,2023,,France,France,Greece,Greece,1,0,FT
342,2023-06-19,UEFA Euro qualification,,2023,,Ukraine,Ukraine,Malta,Malta,1,0,FT
343,2023-06-19,UEFA Euro qualification,,2023,,England,England,North Macedonia,North Macedonia,7,0,FT
344,2023-06-19,UEFA Euro qualification,,2023,,Armenia,Armenia,Latvia,Latvia,2,1,FT
345,2023-06-19,UEFA Euro qualification,,2023,,Turkey,Turkey,Wales,Wales,2,0,FT
346,2023-06-19,UEFA Euro qualification,,2023,,Finland,Finland,San Marino,San Marino,6,0,FT
347,2023-06-19,UEFA Euro qualification,,2023,,Northern Ireland,Northern Ireland,Kazakhstan,Kazakhstan,0,1,FT
348,2023-06-19,UEFA Euro qualification,,2023,,Slovenia,Slovenia,Denmark,Denmark,1,1,FT
349,2023-06-19,UEFA Euro qualification,,2023,,Belarus,Belarus,Kosovo,Kosovo,2,1,FT
350,2023-06-19,UEFA Euro qualification,,2023,,Switzerland,Switzerland,Romania,Romania,2,2,FT
351,2023-06-19,UEFA Euro qualification,,2023,,Israel,Israel,Andorra,Andorra,2,1,FT
352,2023-06-20,Gold Cup qualification,,2023,,Guadeloupe,Guadeloupe,Guyana,Guyana,2,0,FT
353,2023-06-20,Gold Cup qualification,,2023,,Martinique,Martinique,Puerto Rico,Puerto Rico,2,0,FT
354,2023-06-20,Gold Cup qualification,,2023,,Saint Kitts and Nevis,Saint Kitts and Nevis,French Guiana,French Guiana,1,1,FT
355,2023-06-20,Friendly,,2023,,Algeria,Algeria,Tunisia,Tunisia,1,1,FT
356,2023-06-20,Friendly,,2023,,Bolivia,Bolivia,Chile,Chile,0,0,FT
357,2023-06-20,Friendly,,2023,,Brazil,Brazil,Senegal,Senegal,2,4,FT
358,2023-06-20,Friendly,,2023,,China,China,Palestine,Palestine,2,0,FT
359,2023-06-20,Friendly,,2023,,Ecuador,Ecuador,Costa Rica,Costa Rica,3,1,FT
360,2023-06-20,Friendly,,2023,,Germany,Germany,Colombia,Colombia,0,2,FT
361,2023-06-20,Friendly,,2023,,Haiti,Haiti,Trinidad and Tobago,Trinidad and Tobago,0,0,FT
362,2023-06-20,Friendly,,2023,,Japan,Japan,Peru,Peru,4,1,FT
363,2023-06-20,Friendly,,2023,,South Korea,South Korea,El Salvador,El Salvador,1,1,FT
364,2023-06-20,Friendly,,2023,,Malaysia,Malaysia,Papua New Guinea,Papua New Guinea,10,0,FT
365,2023-06-20,Friendly,,2023,,Montenegro,Montenegro,Czech Republic,Czech Republic,1,4,FT
366,2023-06-20,Friendly,,2023,,Uruguay,Uruguay,Cuba,Cuba,2,0,FT
367,2023-06-20,Friendly,,2023,,Vietnam,Vietnam,Syria,Syria,1,0,FT
368,2023-06-20,UEFA Euro qualification,,2023,,Scotland,Scotland,Georgia,Georgia,2,0,FT
369,2023-06-20,UEFA Euro qualification,,2023,,Norway,Norway,Cyprus,Cyprus,3,1,FT
370,2023-06-20,UEFA Euro qualification,,2023,,Faroe Islands,Faroe Islands,Albania,Albania,1,3,FT
371,2023-06-20,UEFA Euro qualification,,2023,,Moldova,Moldova,Poland,Poland,3,2,FT
372,2023-06-20,UEFA Euro qualification,,2023,,Austria,Austria,Sweden,Sweden,2,0,FT
373,2023-06-20,UEFA Euro qualification,,2023,,Estonia,Estonia,Belgium,Belgium,0,3,FT
374,2023-06-20,UEFA Euro qualification,,2023,,Hungary,Hungary,Lithuania,Lithuania,2,0,FT
375,2023-06-20,UEFA Euro qualification,,2023,,Bulgaria,Bulgaria,Serbia,Serbia,1,1,FT
376,2023-06-20,UEFA Euro qualification,,2023,,Iceland,Iceland,Portugal,Portugal,0,1,FT
377,2023-06-20,UEFA Euro qualification,,2023,,Bosnia and Herzegovina,Bosnia and Herzegovina,Luxembourg,Luxembourg,0,2,FT
378,2023-06-20,UEFA Euro qualification,,2023,,Liechtenstein,Liechtenstein,Slovakia,Slovakia,0,1,FT
379,2023-06-20,CAFA Nations Cup,,2023,,Kyrgyzstan,Kyrgyzstan,Oman,Oman,0,1,FT
380,2023-06-20,CAFA Nations Cup,,2023,,Uzbekistan,Uzbekistan,Iran,Iran,0,1,FT
381,2023-06-20,African Cup of Nations qualification,,2023,,Burundi,Burundi,Namibia,Namibia,3,2,FT
382,2023-06-20,African Cup of Nations qualification,,2023,,Ethiopia,Ethiopia,Malawi,Malawi,0,0,FT
383,2023-06-20,African Cup of Nations qualification,,2023,,Sudan,Sudan,Mauritania,Mauritania,0,3,FT
384,2023-06-21,SAFF Cup,,2023,,Kuwait,Kuwait,Nepal,Nepal,3,1,FT
385,2023-06-21,SAFF Cup,,2023,,India,India,Pakistan,Pakistan,4,0,FT
386,2023-06-22,SAFF Cup,,2023,,Lebanon,Lebanon,Bangladesh,Bangladesh,2,0,FT
387,2023-06-22,SAFF Cup,,2023,,Maldives,Maldives,Bhutan,Bhutan,2,0,FT
388,2023-06-24,SAFF Cup,,2023,,Pakistan,Pakistan,Kuwait,Kuwait,0,4,FT
389,2023-06-24,SAFF Cup,,2023,,India,India,Nepal,Nepal,2,0,FT
390,2023-06-24,Gold Cup,,2023,,United States,United States,Jamaica,Jamaica,1,1,FT
391,2023-06-25,SAFF Cup,,2023,,Bangladesh,Bangladesh,Maldives,Maldives,3,1,FT
392,2023-06-25,SAFF Cup,,2023,,Bhutan,Bhutan,Lebanon,Lebanon,1,4,FT
393,2023-06-25,Gold Cup,,2023,,Trinidad and Tobago,Trinidad and Tobago,Saint Kitts and Nevis,Saint Kitts and Nevis,3,0,FT
394,2023-06-25,Gold Cup,,2023,,Haiti,Haiti,Qatar,Qatar,2,1,FT
395,2023-06-25,Gold Cup,,2023,,Mexico,Mexico,Honduras,Honduras,4,0,FT
396,2023-06-26,Gold Cup,,2023,,El Salvador,El Salvador,Martinique,Martinique,1,2,FT
397,2023-06-26,Gold Cup,,2023,,Costa Rica,Costa Rica,Panama,Panama,1,2,FT
398,2023-06-27,SAFF Cup,,2023,,Nepal,Nepal,Pakistan,Pakistan,1,0,FT
399,2023-06-27,SAFF Cup,,2023,,India,India,Kuwait,Kuwait,1,1,FT
400,2023-06-27,Gold Cup,,2023,,Canada,Canada,Guadeloupe,Guadeloupe,2,2,FT
401,2023-06-27,Gold Cup,,2023,,Guatemala,Guatemala,Cuba,Cuba,1,0,FT
402,2023-06-28,SAFF Cup,,2023,,Lebanon,Lebanon,Maldives,Maldives,1,0,FT
403,2023-06-28,SAFF Cup,,2023,,Bhutan,Bhutan,Bangladesh,Bangladesh,1,3,FT
404,2023-06-28,Gold Cup,,2023,,Jamaica,Jamaica,Trinidad and Tobago,Trinidad and Tobago,4,1,FT
405,2023-06-28,Gold Cup,,2023,,United States,United States,Saint Kitts and Nevis,Saint Kitts and Nevis,6,0,FT
406,2023-06-29,Gold Cup,,2023,,Qatar,Qatar,Honduras,Honduras,1,1,FT
407,2023-06-29,Gold Cup,,2023,,Haiti,Haiti,Mexico,Mexico,1,3,FT
408,2023-06-30,CONIFA World Football Cup qualification,,2023,,Székely Land,Székely Land,Chameria,Chameria,3,2,FT
409,2023-06-30,Gold Cup,,2023,,Martinique,Martinique,Panama,Panama,1,2,FT
410,2023-06-30,Gold Cup,,2023,,El Salvador,El Salvador,Costa Rica,Costa Rica,0,0,FT
411,2023-07-01,CONIFA World Football Cup qualification,,2023,,Chameria,Chameria,Two Sicilies,Two Sicilies,3,1,FT
412,2023-07-01,SAFF Cup,,2023,,India,India,Lebanon,Lebanon,0,0,FT
413,2023-07-01,SAFF Cup,,2023,,Kuwait,Kuwait,Bangladesh,Bangladesh,1,0,FT
414,2023-07-01,Gold Cup,,2023,,Cuba,Cuba,Guadeloupe,Guadeloupe,1,4,FT
415,2023-07-01,Gold Cup,,2023,,Guatemala,Guatemala,Canada,Canada,0,0,FT
416,2023-07-02,CONIFA World Football Cup qualification,,2023,,Székely Land,Székely Land,Two Sicilies,Two Sicilies,7,0,FT
417,2023-07-02,Gold Cup,,2023,,United States,United States,Trinidad and Tobago,Trinidad and Tobago,6,0,FT
418,2023-07-02,Gold Cup,,2023,,Jamaica,Jamaica,Saint Kitts and Nevis,Saint Kitts and Nevis,5,0,FT
419,2023-07-02,Gold Cup,,2023,,Honduras,Honduras,Haiti,Haiti,2,1,FT
420,2023-07-02,Gold Cup,,2023,,Mexico,Mexico,Qatar,Qatar,0,1,FT
421,2023-07-04,SAFF Cup,,2023,,India,India,Kuwait,Kuwait,1,1,FT
422,2023-07-04,Gold Cup,,2023,,Costa Rica,Costa Rica,Martinique,Martinique,6,4,FT
423,2023-07-04,Gold Cup,,2023,,Panama,Panama,El Salvador,El Salvador,2,2,FT
424,2023-07-04,Gold Cup,,2023,,Guadeloupe,Guadeloupe,Guatemala,Guatemala,2,3,FT
425,2023-07-04,Gold Cup,,2023,,Canada,Canada,Cuba,Cuba,4,2,FT
426,2023-07-05,COSAFA Cup,,2023,,Eswatini,Eswatini,Botswana,Botswana,0,1,FT
427,2023-07-05,COSAFA Cup,,2023,,South Africa,South Africa,Namibia,Namibia,1,1,FT
428,2023-07-06,COSAFA Cup,,2023,,Seychelles,Seychelles,Comoros,Comoros,0,3,FT
429,2023-07-06,COSAFA Cup,,2023,,Zambia,Zambia,Malawi,Malawi,0,1,FT
430,2023-07-07,COSAFA Cup,,2023,,Mauritius,Mauritius,Lesotho,Lesotho,0,2,FT
431,2023-07-07,COSAFA Cup,,2023,,Mozambique,Mozambique,Angola,Angola,1,1,FT
432,2023-07-08,Gold Cup,,2023,,Panama,Panama,Qatar,Qatar,4,0,FT
433,2023-07-08,Gold Cup,,2023,,Mexico,Mexico,Costa Rica,Costa Rica,2,0,FT
434,2023-07-08,COSAFA Cup,,2023,,South Africa,South Africa,Botswana,Botswana,2,1,FT
435,2023-07-08,COSAFA Cup,,2023,,Namibia,Namibia,Eswatini,Eswatini,1,2,FT
436,2023-07-09,Gold Cup,,2023,,Guatemala,Guatemala,Jamaica,Jamaica,0,1,FT
437,2023-07-09,Gold Cup,,2023,,United States,United States,Canada,Canada,2,2,FT
438,2023-07-09,Island Games,,2023,,Åland Islands,Åland Islands,Isle of Wight,Isle of Wight,0,2,FT
439,2023-07-09,Island Games,,2023,,Guernsey,Guernsey,Western Isles,Western Isles,1,0,FT
440,2023-07-09,Island Games,,2023,,Isle of Man,Isle of Man,Falkland Islands,Falkland Islands,3,0,FT
441,2023-07-09,Island Games,,2023,,Ynys Môn,Ynys Môn,Shetland,Shetland,2,0,FT
442,2023-07-09,Island Games,,2023,,Orkney,Orkney,Greenland,Greenland,2,2,FT
443,2023-07-09,Island Games,,2023,,Jersey,Jersey,Gozo,Gozo,1,0,FT
444,2023-07-09,Island Games,,2023,,Menorca,Menorca,Saint Helena,Saint Helena,5,0,FT
445,2023-07-09,COSAFA Cup,,2023,,Zambia,Zambia,Comoros,Comoros,2,1,FT
446,2023-07-09,COSAFA Cup,,2023,,Malawi,Malawi,Seychelles,Seychelles,2,0,FT
447,2023-07-10,Island Games,,2023,,Western Isles,Western Isles,Isle of Wight,Isle of Wight,0,1,FT
448,2023-07-10,Island Games,,2023,,Guernsey,Guernsey,Åland Islands,Åland Islands,4,1,FT
449,2023-07-10,Island Games,,2023,,Falkland Islands,Falkland Islands,Ynys Môn,Ynys Môn,1,5,FT
450,2023-07-10,Island Games,,2023,,Shetland,Shetland,Isle of Man,Isle of Man,3,2,FT
451,2023-07-10,Island Games,,2023,,Greenland,Greenland,Frøya,Frøya,2,0,FT
452,2023-07-10,Island Games,,2023,,Gozo,Gozo,Saint Helena,Saint Helena,3,0,FT
453,2023-07-10,Island Games,,2023,,Jersey,Jersey,Menorca,Menorca,4,0,FT
454,2023-07-10,COSAFA Cup,,2023,,Angola,Angola,Mauritius,Mauritius,0,1,FT
455,2023-07-10,COSAFA Cup,,2023,,Mozambique,Mozambique,Lesotho,Lesotho,0,1,FT
456,2023-07-11,Island Games,,2023,,Guernsey,Guernsey,Isle of Wight,Isle of Wight,1,2,FT
457,2023-07-11,Island Games,,2023,,Åland Islands,Åland Islands,Western Isles,Western Isles,0,2,FT
458,2023-07-11,Island Games,,2023,,Falkland Islands,Falkland Islands,Shetland,Shetland,1,4,FT
459,2023-07-11,Island Games,,2023,,Isle of Man,Isle of Man,Ynys Môn,Ynys Môn,1,2,FT
460,2023-07-11,Island Games,,2023,,Frøya,Frøya,Orkney,Orkney,2,3,FT
461,2023-07-11,Island Games,,2023,,Menorca,Menorca,Gozo,Gozo,0,1,FT
462,2023-07-11,Island Games,,2023,,Saint Helena,Saint Helena,Jersey,Jersey,0,5,FT
463,2023-07-11,COSAFA Cup,,2023,,Namibia,Namibia,Botswana,Botswana,0,0,FT
464,2023-07-11,COSAFA Cup,,2023,,South Africa,South Africa,Eswatini,Eswatini,2,1,FT
465,2023-07-11,COSAFA Cup,,2023,,Malawi,Malawi,Comoros,Comoros,2,0,FT
466,2023-07-11,COSAFA Cup,,2023,,Seychelles,Seychelles,Zambia,Zambia,2,4,FT
467,2023-07-12,Gold Cup,,2023,,United States,United States,Panama,Panama,1,1,FT
468,2023-07-12,Gold Cup,,2023,,Jamaica,Jamaica,Mexico,Mexico,0,3,FT
469,2023-07-12,COSAFA Cup,,2023,,Angola,Angola,Lesotho,Lesotho,4,2,FT
470,2023-07-12,COSAFA Cup,,2023,,Mauritius,Mauritius,Mozambique,Mozambique,0,1,FT
471,2023-07-13,Island Games,,2023,,Frøya,Frøya,Saint Helena,Saint Helena,4,2,FT
472,2023-07-13,Island Games,,2023,,Åland Islands,Åland Islands,Falkland Islands,Falkland Islands,1,1,FT
473,2023-07-13,Island Games,,2023,,Western Isles,Western Isles,Menorca,Menorca,2,1,FT
474,2023-07-13,Island Games,,2023,,Orkney,Orkney,Isle of Man,Isle of Man,0,1,FT
475,2023-07-13,Island Games,,2023,,Shetland,Shetland,Greenland,Greenland,5,1,FT
476,2023-07-13,Island Games,,2023,,Guernsey,Guernsey,Gozo,Gozo,1,0,FT
477,2023-07-13,Island Games,,2023,,Isle of Wight,Isle of Wight,Jersey,Jersey,2,3,FT
478,2023-07-14,Island Games,,2023,,Ynys Môn,Ynys Môn,Jersey,Jersey,2,5,FT
479,2023-07-14,COSAFA Cup,,2023,,Malawi,Malawi,Lesotho,Lesotho,1,1,FT
480,2023-07-14,COSAFA Cup,,2023,,South Africa,South Africa,Zambia,Zambia,1,2,FT
481,2023-07-16,CONIFA World Football Cup qualification,,2023,,Kernow,Kernow,Sápmi,Sápmi,2,1,FT
482,2023-07-16,Gold Cup,,2023,,Mexico,Mexico,Panama,Panama,1,0,FT
483,2023-07-16,COSAFA Cup,,2023,,South Africa,South Africa,Malawi,Malawi,0,0,FT
484,2023-07-16,COSAFA Cup,,2023,,Lesotho,Lesotho,Zambia,Zambia,0,1,FT
485,2023-08-02,Friendly,,2023,,Ethiopia,Ethiopia,Guyana,Guyana,2,0,FT
486,2023-08-04,CONIFA Asia Cup,,2023,,Tamil Eelam,Tamil Eelam,Hmong,Hmong,3,0,FT
487,2023-08-05,CONIFA Asia Cup,,2023,,Hmong,Hmong,Tibet,Tibet,5,4,FT
488,2023-08-06,CONIFA Asia Cup,,2023,,Tibet,Tibet,Tamil Eelam,Tamil Eelam,1,3,FT
489,2023-08-06,Friendly,,2023,,Raetia,Raetia,Ticino,Ticino,5,1,FT
490,2023-08-08,CONIFA Asia Cup,,2023,,Tamil Eelam,Tamil Eelam,Hmong,Hmong,3,1,FT
491,2023-08-24,Indian Ocean Island Games,,2023,,Comoros,Comoros,Mayotte,Mayotte,0,0,FT
492,2023-08-24,Indian Ocean Island Games,,2023,,Madagascar,Madagascar,Seychelles,Seychelles,1,0,FT
493,2023-08-26,Indian Ocean Island Games,,2023,,Réunion,Réunion,Mayotte,Mayotte,0,0,FT
494,2023-08-26,Indian Ocean Island Games,,2023,,Madagascar,Madagascar,Mauritius,Mauritius,1,1,FT
495,2023-08-27,Friendly,,2023,,Bolivia,Bolivia,Panama,Panama,1,2,FT
496,2023-08-28,Friendly,,2023,,Tahiti,Tahiti,Cook Islands,Cook Islands,9,1,FT
497,2023-08-28,Indian Ocean Island Games,,2023,,Comoros,Comoros,Réunion,Réunion,1,1,FT
498,2023-08-28,Indian Ocean Island Games,,2023,,Mauritius,Mauritius,Seychelles,Seychelles,1,0,FT
499,2023-08-31,Friendly,,2023,,Tahiti,Tahiti,Cook Islands,Cook Islands,3,0,FT
500,2023-08-31,Indian Ocean Island Games,,2023,,Madagascar,Madagascar,Comoros,Comoros,4,2,FT
501,2023-08-31,Indian Ocean Island Games,,2023,,Réunion,Réunion,Mauritius,Mauritius,2,1,FT
502,2023-09-02,Indian Ocean Island Games,,2023,,Comoros,Comoros,Mauritius,Mauritius,0,2,FT
503,2023-09-02,Indian Ocean Island Games,,2023,,Madagascar,Madagascar,Réunion,Réunion,1,0,FT
504,2023-09-03,Friendly,,2023,,Bangladesh,Bangladesh,Afghanistan,Afghanistan,0,0,FT
505,2023-09-03,Friendly,,2023,,Guatemala,Guatemala,Honduras,Honduras,0,0,FT
506,2023-09-04,African Cup of Nations qualification,,2023,,Mozambique,Mozambique,Benin,Benin,3,2,FT
507,2023-09-06,Friendly,,2023,,Macau,Macau,Bhutan,Bhutan,0,1,FT
508,2023-09-06,Friendly,,2023,,Malta,Malta,Gibraltar,Gibraltar,1,0,FT
509,2023-09-06,Friendly,,2023,,Oman,Oman,Palestine,Palestine,2,1,FT
510,2023-09-06,Friendly,,2023,,Syria,Syria,Malaysia,Malaysia,2,2,FT
511,2023-09-06,African Cup of Nations qualification,,2023,,Libya,Libya,Equatorial Guinea,Equatorial Guinea,1,1,FT
512,2023-09-07,CONCACAF Nations League,,2023,,Trinidad and Tobago,Trinidad and Tobago,Curaçao,Curaçao,1,0,FT
513,2023-09-07,CONCACAF Nations League,,2023,,Panama,Panama,Martinique,Martinique,3,0,FT
514,2023-09-07,CONCACAF Nations League,,2023,,Guatemala,Guatemala,El Salvador,El Salvador,2,0,FT
515,2023-09-07,CONCACAF Nations League,,2023,,Sint Maarten,Sint Maarten,Saint Lucia,Saint Lucia,1,5,FT
516,2023-09-07,CONCACAF Nations League,,2023,,Saint Kitts and Nevis,Saint Kitts and Nevis,Guadeloupe,Guadeloupe,1,2,FT
517,2023-09-07,CONCACAF Nations League,,2023,,Anguilla,Anguilla,Saint Martin,Saint Martin,0,6,FT
518,2023-09-07,CONCACAF Nations League,,2023,,United States Virgin Islands,United States Virgin Islands,Cayman Islands,Cayman Islands,2,2,FT
519,2023-09-07,FIFA World Cup qualification,,2023,,Colombia,Colombia,Venezuela,Venezuela,1,0,FT
520,2023-09-07,FIFA World Cup qualification,,2023,,Paraguay,Paraguay,Peru,Peru,0,0,FT
521,2023-09-07,FIFA World Cup qualification,,2023,,Argentina,Argentina,Ecuador,Ecuador,1,0,FT
522,2023-09-07,Friendly,,2023,,Austria,Austria,Moldova,Moldova,1,1,FT
523,2023-09-07,Friendly,,2023,,Bahrain,Bahrain,Kuwait,Kuwait,1,3,FT
524,2023-09-07,Friendly,,2023,,Bangladesh,Bangladesh,Afghanistan,Afghanistan,1,1,FT
525,2023-09-07,Friendly,,2023,,Bulgaria,Bulgaria,Iran,Iran,0,1,FT
526,2023-09-07,Friendly,,2023,,Cambodia,Cambodia,Hong Kong,Hong Kong,1,1,FT
527,2023-09-07,Friendly,,2023,,Norway,Norway,Jordan,Jordan,6,0,FT
528,2023-09-07,Friendly,,2023,,Qatar,Qatar,Kenya,Kenya,1,2,FT
529,2023-09-07,Friendly,,2023,,Wales,Wales,South Korea,South Korea,0,0,FT
530,2023-09-07,African Cup of Nations qualification,,2023,,Ghana,Ghana,Central African Republic,Central African Republic,2,1,FT
531,2023-09-07,African Cup of Nations qualification,,2023,,Angola,Angola,Madagascar,Madagascar,0,0,FT
532,2023-09-07,African Cup of Nations qualification,,2023,,Algeria,Algeria,Tanzania,Tanzania,0,0,FT
533,2023-09-07,African Cup of Nations qualification,,2023,,Niger,Niger,Uganda,Uganda,0,2,FT
534,2023-09-07,African Cup of Nations qualification,,2023,,Tunisia,Tunisia,Botswana,Botswana,3,0,FT
535,2023-09-07,UEFA Euro qualification,,2023,,France,France,Republic of Ireland,Republic of Ireland,2,0,FT
536,2023-09-07,UEFA Euro qualification,,2023,,Netherlands,Netherlands,Greece,Greece,3,0,FT
537,2023-09-07,UEFA Euro qualification,,2023,,Czech Republic,Czech Republic,Albania,Albania,1,1,FT
538,2023-09-07,UEFA Euro qualification,,2023,,Poland,Poland,Faroe Islands,Faroe Islands,2,0,FT
539,2023-09-07,UEFA Euro qualification,,2023,,Serbia,Serbia,Hungary,Hungary,1,2,FT
540,2023-09-07,UEFA Euro qualification,,2023,,Lithuania,Lithuania,Montenegro,Montenegro,2,2,FT
541,2023-09-07,UEFA Euro qualification,,2023,,Kazakhstan,Kazakhstan,Finland,Finland,0,1,FT
542,2023-09-07,UEFA Euro qualification,,2023,,Denmark,Denmark,San Marino,San Marino,4,0,FT
543,2023-09-07,UEFA Euro qualification,,2023,,Slovenia,Slovenia,Northern Ireland,Northern Ireland,4,2,FT
544,2023-09-07,King's Cup,,2023,,Iraq,Iraq,India,India,2,2,FT
545,2023-09-07,King's Cup,,2023,,Thailand,Thailand,Lebanon,Lebanon,2,1,FT
546,2023-09-08,CONCACAF Nations League,,2023,,Haiti,Haiti,Cuba,Cuba,0,0,FT
547,2023-09-08,CONCACAF Nations League,,2023,,Grenada,Grenada,Suriname,Suriname,1,1,FT
548,2023-09-08,CONCACAF Nations League,,2023,,Jamaica,Jamaica,Honduras,Honduras,1,0,FT
549,2023-09-08,CONCACAF Nations League,,2023,,Barbados,Barbados,Montserrat,Montserrat,2,3,FT
550,2023-09-08,CONCACAF Nations League,,2023,,Dominican Republic,Dominican Republic,Nicaragua,Nicaragua,0,2,FT
551,2023-09-08,CONCACAF Nations League,,2023,,Bermuda,Bermuda,French Guiana,French Guiana,0,0,FT
552,2023-09-08,CONCACAF Nations League,,2023,,Belize,Belize,Saint Vincent and the Grenadines,Saint Vincent and the Grenadines,1,2,FT
553,2023-09-08,FIFA World Cup qualification,,2023,,Uruguay,Uruguay,Chile,Chile,3,1,FT
554,2023-09-08,FIFA World Cup qualification,,2023,,Brazil,Brazil,Bolivia,Bolivia,5,1,FT
555,2023-09-08,Friendly,,2023,,Taiwan,Taiwan,Philippines,Philippines,1,1,FT
556,2023-09-08,Friendly,,2023,,Costa Rica,Costa Rica,Saudi Arabia,Saudi Arabia,3,1,FT
557,2023-09-08,Friendly,,2023,,Indonesia,Indonesia,Turkmenistan,Turkmenistan,2,0,FT
558,2023-09-08,Friendly,,2023,,Myanmar,Myanmar,Nepal,Nepal,0,0,FT
559,2023-09-08,Friendly,,2023,,Singapore,Singapore,Tajikistan,Tajikistan,0,2,FT
560,2023-09-08,African Cup of Nations qualification,,2023,,Burkina Faso,Burkina Faso,Eswatini,Eswatini,0,0,FT
561,2023-09-08,African Cup of Nations qualification,,2023,,Egypt,Egypt,Ethiopia,Ethiopia,1,0,FT
562,2023-09-08,African Cup of Nations qualification,,2023,,Mali,Mali,South Sudan,South Sudan,4,0,FT
563,2023-09-08,UEFA Euro qualification,,2023,,Georgia,Georgia,Spain,Spain,1,7,FT
564,2023-09-08,UEFA Euro qualification,,2023,,Cyprus,Cyprus,Scotland,Scotland,0,3,FT
565,2023-09-08,UEFA Euro qualification,,2023,,Croatia,Croatia,Latvia,Latvia,5,0,FT
566,2023-09-08,UEFA Euro qualification,,2023,,Turkey,Turkey,Armenia,Armenia,1,1,FT
567,2023-09-08,UEFA Euro qualification,,2023,,Bosnia and Herzegovina,Bosnia and Herzegovina,Liechtenstein,Liechtenstein,2,1,FT
568,2023-09-08,UEFA Euro qualification,,2023,,Luxembourg,Luxembourg,Iceland,Iceland,3,1,FT
569,2023-09-08,UEFA Euro qualification,,2023,,Slovakia,Slovakia,Portugal,Portugal,0,1,FT
570,2023-09-09,CONCACAF Nations League,,2023,,Antigua and Barbuda,Antigua and Barbuda,Guyana,Guyana,1,5,FT
571,2023-09-09,CONCACAF Nations League,,2023,,Bahamas,Bahamas,Puerto Rico,Puerto Rico,1,6,FT
572,2023-09-09,CONCACAF Nations League,,2023,,British Virgin Islands,British Virgin Islands,Turks and Caicos Islands,Turks and Caicos Islands,3,1,FT
573,2023-09-09,Friendly,,2023,,China,China,Malaysia,Malaysia,1,1,FT
574,2023-09-09,Friendly,,2023,,Germany,Germany,Japan,Japan,1,4,FT
575,2023-09-09,Friendly,,2023,,Mexico,Mexico,Australia,Australia,2,2,FT
576,2023-09-09,Friendly,,2023,,South Africa,South Africa,Namibia,Namibia,0,0,FT
577,2023-09-09,Friendly,,2023,,United States,United States,Uzbekistan,Uzbekistan,3,0,FT
578,2023-09-09,African Cup of Nations qualification,,2023,,Malawi,Malawi,Guinea,Guinea,2,2,FT
579,2023-09-09,African Cup of Nations qualification,,2023,,Ivory Coast,Ivory Coast,Lesotho,Lesotho,1,0,FT
580,2023-09-09,African Cup of Nations qualification,,2023,,Comoros,Comoros,Zambia,Zambia,1,1,FT
581,2023-09-09,African Cup of Nations qualification,,2023,,Mauritania,Mauritania,Gabon,Gabon,2,1,FT
582,2023-09-09,African Cup of Nations qualification,,2023,,DR Congo,DR Congo,Sudan,Sudan,2,0,FT
583,2023-09-09,African Cup of Nations qualification,,2023,,Rwanda,Rwanda,Senegal,Senegal,1,1,FT
584,2023-09-09,UEFA Euro qualification,,2023,,Ukraine,Ukraine,England,England,1,1,FT
585,2023-09-09,UEFA Euro qualification,,2023,,North Macedonia,North Macedonia,Italy,Italy,1,1,FT
586,2023-09-09,UEFA Euro qualification,,2023,,Azerbaijan,Azerbaijan,Belgium,Belgium,0,1,FT
587,2023-09-09,UEFA Euro qualification,,2023,,Estonia,Estonia,Sweden,Sweden,0,5,FT
588,2023-09-09,UEFA Euro qualification,,2023,,Andorra,Andorra,Belarus,Belarus,0,0,FT
589,2023-09-09,UEFA Euro qualification,,2023,,Kosovo,Kosovo,Switzerland,Switzerland,2,2,FT
590,2023-09-09,UEFA Euro qualification,,2023,,Romania,Romania,Israel,Israel,1,1,FT
591,2023-09-10,CONCACAF Nations League,,2023,,Guatemala,Guatemala,Panama,Panama,1,1,FT
592,2023-09-10,CONCACAF Nations League,,2023,,El Salvador,El Salvador,Trinidad and Tobago,Trinidad and Tobago,2,3,FT
593,2023-09-10,CONCACAF Nations League,,2023,,Martinique,Martinique,Curaçao,Curaçao,1,0,FT
594,2023-09-10,CONCACAF Nations League,,2023,,Guadeloupe,Guadeloupe,Sint Maarten,Sint Maarten,4,0,FT
595,2023-09-10,CONCACAF Nations League,,2023,,Saint Lucia,Saint Lucia,Saint Kitts and Nevis,Saint Kitts and Nevis,2,0,FT
596,2023-09-10,Friendly,,2023,,Hungary,Hungary,Czech Republic,Czech Republic,1,1,FT
597,2023-09-10,African Cup of Nations qualification,,2023,,Nigeria,Nigeria,São Tomé and Príncipe,São Tomé and Príncipe,6,0,FT
598,2023-09-10,African Cup of Nations qualification,,2023,,Togo,Togo,Cape Verde,Cape Verde,3,2,FT
599,2023-09-10,African Cup of Nations qualification,,2023,,Gambia,Gambia,Congo,Congo,2,2,FT
600,2023-09-10,UEFA Euro qualification,,2023,,Republic of Ireland,Republic of Ireland,Netherlands,Netherlands,1,2,FT
601,2023-09-10,UEFA Euro qualification,,2023,,Greece,Greece,Gibraltar,Gibraltar,5,0,FT
602,2023-09-10,UEFA Euro qualification,,2023,,Faroe Islands,Faroe Islands,Moldova,Moldova,0,1,FT
603,2023-09-10,UEFA Euro qualification,,2023,,Albania,Albania,Poland,Poland,2,0,FT
604,2023-09-10,UEFA Euro qualification,,2023,,Montenegro,Montenegro,Bulgaria,Bulgaria,2,1,FT
605,2023-09-10,UEFA Euro qualification,,2023,,Lithuania,Lithuania,Serbia,Serbia,1,3,FT
606,2023-09-10,UEFA Euro qualification,,2023,,Finland,Finland,Denmark,Denmark,0,1,FT
607,2023-09-10,UEFA Euro qualification,,2023,,Kazakhstan,Kazakhstan,Northern Ireland,Northern Ireland,1,0,FT
608,2023-09-10,UEFA Euro qualification,,2023,,San Marino,San Marino,Slovenia,Slovenia,0,4,FT
609,2023-09-10,King's Cup,,2023,,Lebanon,Lebanon,India,India,1,0,FT
610,2023-09-10,King's Cup,,2023,,Thailand,Thailand,Iraq,Iraq,2,2,FT
611,2023-09-11,CONCACAF Nations League,,2023,,Dominican Republic,Dominican Republic,Montserrat,Montserrat,3,0,FT
612,2023-09-11,CONCACAF Nations League,,2023,,Nicaragua,Nicaragua,Barbados,Barbados,5,1,FT
613,2023-09-11,CONCACAF Nations League,,2023,,Saint Martin,Saint Martin,Bonaire,Bonaire,2,1,FT
614,2023-09-11,CONCACAF Nations League,,2023,,Cayman Islands,Cayman Islands,Aruba,Aruba,1,2,FT
615,2023-09-11,Friendly,,2023,,Cambodia,Cambodia,Macau,Macau,4,0,FT
616,2023-09-11,Friendly,,2023,,Hong Kong,Hong Kong,Brunei,Brunei,10,0,FT
617,2023-09-11,Friendly,,2023,,Kuwait,Kuwait,Kyrgyzstan,Kyrgyzstan,1,3,FT
618,2023-09-11,Friendly,,2023,,Myanmar,Myanmar,Nepal,Nepal,1,0,FT
619,2023-09-11,Friendly,,2023,,Vietnam,Vietnam,Palestine,Palestine,2,0,FT
620,2023-09-11,African Cup of Nations qualification,,2023,,Guinea-Bissau,Guinea-Bissau,Sierra Leone,Sierra Leone,2,1,FT
621,2023-09-11,UEFA Euro qualification,,2023,,Armenia,Armenia,Croatia,Croatia,0,1,FT
622,2023-09-11,UEFA Euro qualification,,2023,,Latvia,Latvia,Wales,Wales,0,2,FT
623,2023-09-11,UEFA Euro qualification,,2023,,Iceland,Iceland,Bosnia and Herzegovina,Bosnia and Herzegovina,1,0,FT
624,2023-09-11,UEFA Euro qualification,,2023,,Portugal,Portugal,Luxembourg,Luxembourg,9,0,FT
625,2023-09-11,UEFA Euro qualification,,2023,,Slovakia,Slovakia,Liechtenstein,Liechtenstein,3,0,FT
626,2023-09-12,CONCACAF Nations League,,2023,,Cuba,Cuba,Suriname,Suriname,1,0,FT
627,2023-09-12,CONCACAF Nations League,,2023,,Jamaica,Jamaica,Haiti,Haiti,2,2,FT
628,2023-09-12,CONCACAF Nations League,,2023,,Honduras,Honduras,Grenada,Grenada,4,0,FT
629,2023-09-12,CONCACAF Nations League,,2023,,Saint Vincent and the Grenadines,Saint Vincent and the Grenadines,Bermuda,Bermuda,4,3,FT
630,2023-09-12,CONCACAF Nations League,,2023,,French Guiana,French Guiana,Belize,Belize,0,2,FT
631,2023-09-12,CONCACAF Nations League,,2023,,Guyana,Guyana,Bahamas,Bahamas,3,2,FT
632,2023-09-12,CONCACAF Nations League,,2023,,Puerto Rico,Puerto Rico,Antigua and Barbuda,Antigua and Barbuda,5,0,FT
633,2023-09-12,CONCACAF Nations League,,2023,,Turks and Caicos Islands,Turks and Caicos Islands,Dominica,Dominica,0,3,FT
634,2023-09-12,FIFA World Cup qualification,,2023,,Bolivia,Bolivia,Argentina,Argentina,0,3,FT
635,2023-09-12,FIFA World Cup qualification,,2023,,Ecuador,Ecuador,Uruguay,Uruguay,2,1,FT
636,2023-09-12,FIFA World Cup qualification,,2023,,Venezuela,Venezuela,Paraguay,Paraguay,1,0,FT
637,2023-09-12,FIFA World Cup qualification,,2023,,Peru,Peru,Brazil,Brazil,0,1,FT
638,2023-09-12,FIFA World Cup qualification,,2023,,Chile,Chile,Colombia,Colombia,0,0,FT
639,2023-09-12,Friendly,,2023,,Azerbaijan,Azerbaijan,Jordan,Jordan,2,1,FT
640,2023-09-12,Friendly,,2023,,Bahrain,Bahrain,Turkmenistan,Turkmenistan,1,1,FT
641,2023-09-12,Friendly,,2023,,China,China,Syria,Syria,0,1,FT
642,2023-09-12,Friendly,,2023,,Egypt,Egypt,Tunisia,Tunisia,1,3,FT
643,2023-09-12,Friendly,,2023,,Germany,Germany,France,France,2,1,FT
644,2023-09-12,Friendly,,2023,,Qatar,Qatar,Russia,Russia,1,1,FT
645,2023-09-12,Friendly,,2023,,Ghana,Ghana,Liberia,Liberia,3,1,FT
646,2023-09-12,Friendly,,2023,,Iran,Iran,Angola,Angola,4,0,FT
647,2023-09-12,Friendly,,2023,,Japan,Japan,Turkey,Turkey,4,2,FT
648,2023-09-12,Friendly,,2023,,Kenya,Kenya,South Sudan,South Sudan,0,1,FT
649,2023-09-12,Friendly,,2023,,South Korea,South Korea,Saudi Arabia,Saudi Arabia,1,0,FT
650,2023-09-12,Friendly,,2023,,Mexico,Mexico,Uzbekistan,Uzbekistan,3,3,FT
651,2023-09-12,Friendly,,2023,,Morocco,Morocco,Burkina Faso,Burkina Faso,1,0,FT
652,2023-09-12,Friendly,,2023,,Philippines,Philippines,Afghanistan,Afghanistan,2,1,FT
653,2023-09-12,Friendly,,2023,,Scotland,Scotland,England,England,1,3,FT
654,2023-09-12,Friendly,,2023,,Senegal,Senegal,Algeria,Algeria,0,1,FT
655,2023-09-12,Friendly,,2023,,Singapore,Singapore,Taiwan,Taiwan,3,1,FT
656,2023-09-12,Friendly,,2023,,South Africa,South Africa,DR Congo,DR Congo,1,0,FT
657,2023-09-12,Friendly,,2023,,United Arab Emirates,United Arab Emirates,Costa Rica,Costa Rica,4,1,FT
658,2023-09-12,Friendly,,2023,,United States,United States,Oman,Oman,4,0,FT
659,2023-09-12,African Cup of Nations qualification,,2023,,Cameroon,Cameroon,Burundi,Burundi,3,0,FT
660,2023-09-12,UEFA Euro qualification,,2023,,Norway,Norway,Georgia,Georgia,2,1,FT
661,2023-09-12,UEFA Euro qualification,,2023,,Spain,Spain,Cyprus,Cyprus,6,0,FT
662,2023-09-12,UEFA Euro qualification,,2023,,Italy,Italy,Ukraine,Ukraine,2,1,FT
663,2023-09-12,UEFA Euro qualification,,2023,,Malta,Malta,North Macedonia,North Macedonia,0,2,FT
664,2023-09-12,UEFA Euro qualification,,2023,,Belgium,Belgium,Estonia,Estonia,5,0,FT
665,2023-09-12,UEFA Euro qualification,,2023,,Sweden,Sweden,Austria,Austria,1,3,FT
666,2023-09-12,UEFA Euro qualification,,2023,,Switzerland,Switzerland,Andorra,Andorra,3,0,FT
667,2023-09-12,UEFA Euro qualification,,2023,,Israel,Israel,Belarus,Belarus,1,0,FT
668,2023-09-12,UEFA Euro qualification,,2023,,Romania,Romania,Kosovo,Kosovo,2,0,FT
669,2023-10-08,MSG Prime Minister's Cup,,2023,,Papua New Guinea,Papua New Guinea,Solomon Islands,Solomon Islands,1,3,FT
670,2023-10-08,MSG Prime Minister's Cup,,2023,,New Caledonia,New Caledonia,Vanuatu,Vanuatu,4,0,FT
671,2023-10-10,Friendly,,2023,,China,China,Vietnam,Vietnam,2,0,FT
672,2023-10-11,Friendly,,2023,,Wales,Wales,Gibraltar,Gibraltar,4,0,FT
673,2023-10-11,MSG Prime Minister's Cup,,2023,,Solomon Islands,Solomon Islands,Vanuatu,Vanuatu,1,0,FT
674,2023-10-11,MSG Prime Minister's Cup,,2023,,New Caledonia,New Caledonia,Papua New Guinea,Papua New Guinea,3,1,FT
675,2023-10-12,CONCACAF Nations League,,2023,,Suriname,Suriname,Haiti,Haiti,1,1,FT
676,2023-10-12,CONCACAF Nations League,,2023,,Grenada,Grenada,Jamaica,Jamaica,1,4,FT
677,2023-10-12,CONCACAF Nations League,,2023,,Cuba,Cuba,Honduras,Honduras,0,0,FT
678,2023-10-12,CONCACAF Nations League,,2023,,Sint Maarten,Sint Maarten,Saint Kitts and Nevis,Saint Kitts and Nevis,2,3,FT
679,2023-10-12,CONCACAF Nations League,,2023,,Saint Lucia,Saint Lucia,Guadeloupe,Guadeloupe,2,1,FT
680,2023-10-12,CONCACAF Nations League,,2023,,Bonaire,Bonaire,Anguilla,Anguilla,2,0,FT
681,2023-10-12,CONCACAF Nations League,,2023,,Dominica,Dominica,British Virgin Islands,British Virgin Islands,1,1,FT
682,2023-10-12,FIFA World Cup qualification,,2023,,Colombia,Colombia,Uruguay,Uruguay,2,2,FT
683,2023-10-12,FIFA World Cup qualification,,2023,,Bolivia,Bolivia,Ecuador,Ecuador,1,2,FT
684,2023-10-12,FIFA World Cup qualification,,2023,,Argentina,Argentina,Paraguay,Paraguay,1,0,FT
685,2023-10-12,FIFA World Cup qualification,,2023,,Brazil,Brazil,Venezuela,Venezuela,1,1,FT
686,2023-10-12,FIFA World Cup qualification,,2023,,Chile,Chile,Peru,Peru,2,0,FT
687,2023-10-12,FIFA World Cup qualification,,2023,,Afghanistan,Afghanistan,Mongolia,Mongolia,1,0,FT
688,2023-10-12,FIFA World Cup qualification,,2023,,Cambodia,Cambodia,Pakistan,Pakistan,0,0,FT
689,2023-10-12,FIFA World Cup qualification,,2023,,Taiwan,Taiwan,Timor-Leste,Timor-Leste,4,0,FT
690,2023-10-12,FIFA World Cup qualification,,2023,,Hong Kong,Hong Kong,Bhutan,Bhutan,4,0,FT
691,2023-10-12,FIFA World Cup qualification,,2023,,Indonesia,Indonesia,Brunei,Brunei,6,0,FT
692,2023-10-12,FIFA World Cup qualification,,2023,,Maldives,Maldives,Bangladesh,Bangladesh,1,1,FT
693,2023-10-12,FIFA World Cup qualification,,2023,,Myanmar,Myanmar,Macau,Macau,5,1,FT
694,2023-10-12,FIFA World Cup qualification,,2023,,Nepal,Nepal,Laos,Laos,1,1,FT
695,2023-10-12,FIFA World Cup qualification,,2023,,Singapore,Singapore,Guam,Guam,2,1,FT
696,2023-10-12,FIFA World Cup qualification,,2023,,Yemen,Yemen,Sri Lanka,Sri Lanka,3,0,FT
697,2023-10-12,Friendly,,2023,,Algeria,Algeria,Cape Verde,Cape Verde,5,1,FT
698,2023-10-12,Friendly,,2023,,Bahrain,Bahrain,Kyrgyzstan,Kyrgyzstan,2,0,FT
699,2023-10-12,Friendly,,2023,,Egypt,Egypt,Zambia,Zambia,1,0,FT
700,2023-10-12,Friendly,,2023,,Georgia,Georgia,Thailand,Thailand,8,0,FT
701,2023-10-12,Friendly,,2023,,Montenegro,Montenegro,Lebanon,Lebanon,3,2,FT
702,2023-10-12,Friendly,,2023,,Russia,Russia,Cameroon,Cameroon,1,0,FT
703,2023-10-12,Friendly,,2023,,Sweden,Sweden,Moldova,Moldova,3,1,FT
704,2023-10-12,UEFA Euro qualification,,2023,,Spain,Spain,Scotland,Scotland,2,0,FT
705,2023-10-12,UEFA Euro qualification,,2023,,Cyprus,Cyprus,Norway,Norway,0,4,FT
706,2023-10-12,UEFA Euro qualification,,2023,,Latvia,Latvia,Armenia,Armenia,2,0,FT
707,2023-10-12,UEFA Euro qualification,,2023,,Croatia,Croatia,Turkey,Turkey,0,1,FT
708,2023-10-12,UEFA Euro qualification,,2023,,Faroe Islands,Faroe Islands,Poland,Poland,0,2,FT
709,2023-10-12,UEFA Euro qualification,,2023,,Albania,Albania,Czech Republic,Czech Republic,3,0,FT
710,2023-10-12,UEFA Euro qualification,,2023,,Andorra,Andorra,Kosovo,Kosovo,0,3,FT
711,2023-10-12,UEFA Euro qualification,,2023,,Belarus,Belarus,Romania,Romania,0,0,FT
712,2023-10-13,CONCACAF Nations League,,2023,,Curaçao,Curaçao,Panama,Panama,1,2,FT
713,2023-10-13,CONCACAF Nations League,,2023,,Martinique,Martinique,El Salvador,El Salvador,1,0,FT
714,2023-10-13,CONCACAF Nations League,,2023,,Trinidad and Tobago,Trinidad and Tobago,Guatemala,Guatemala,3,2,FT
715,2023-10-13,CONCACAF Nations League,,2023,,Montserrat,Montserrat,Nicaragua,Nicaragua,0,3,FT
716,2023-10-13,CONCACAF Nations League,,2023,,Barbados,Barbados,Dominican Republic,Dominican Republic,0,5,FT
717,2023-10-13,CONCACAF Nations League,,2023,,Saint Vincent and the Grenadines,Saint Vincent and the Grenadines,French Guiana,French Guiana,1,4,FT
718,2023-10-13,CONCACAF Nations League,,2023,,Belize,Belize,Bermuda,Bermuda,0,1,FT
719,2023-10-13,Friendly,,2023,,DR Congo,DR Congo,New Zealand,New Zealand,1,1,FT
720,2023-10-13,Friendly,,2023,,England,England,Australia,Australia,1,0,FT
721,2023-10-13,Friendly,,2023,,Equatorial Guinea,Equatorial Guinea,Burkina Faso,Burkina Faso,0,0,FT
722,2023-10-13,Friendly,,2023,,Guinea,Guinea,Guinea-Bissau,Guinea-Bissau,1,0,FT
723,2023-10-13,Friendly,,2023,,Iraq,Iraq,Qatar,Qatar,0,0,FT
724,2023-10-13,Friendly,,2023,,Japan,Japan,Canada,Canada,4,1,FT
725,2023-10-13,Friendly,,2023,,South Korea,South Korea,Tunisia,Tunisia,4,0,FT
726,2023-10-13,Friendly,,2023,,Mali,Mali,Uganda,Uganda,1,0,FT
727,2023-10-13,Friendly,,2023,,Nigeria,Nigeria,Saudi Arabia,Saudi Arabia,2,2,FT
728,2023-10-13,Friendly,,2023,,South Africa,South Africa,Eswatini,Eswatini,0,0,FT
729,2023-10-13,Friendly,,2023,,Vietnam,Vietnam,Uzbekistan,Uzbekistan,0,2,FT
730,2023-10-13,UEFA Euro qualification,,2023,,Republic of Ireland,Republic of Ireland,Greece,Greece,0,2,FT
731,2023-10-13,UEFA Euro qualification,,2023,,Netherlands,Netherlands,France,France,1,2,FT
732,2023-10-13,UEFA Euro qualification,,2023,,Estonia,Estonia,Azerbaijan,Azerbaijan,0,2,FT
733,2023-10-13,UEFA Euro qualification,,2023,,Austria,Austria,Belgium,Belgium,2,3,FT
734,2023-10-13,UEFA Euro qualification,,2023,,Iceland,Iceland,Luxembourg,Luxembourg,1,1,FT
735,2023-10-13,UEFA Euro qualification,,2023,,Portugal,Portugal,Slovakia,Slovakia,3,2,FT
736,2023-10-13,UEFA Euro qualification,,2023,,Liechtenstein,Liechtenstein,Bosnia and Herzegovina,Bosnia and Herzegovina,0,2,FT
737,2023-10-13,Friendly,,2023,,Angola,Angola,Mozambique,Mozambique,1,1,FT
738,2023-10-14,CONCACAF Nations League,,2023,,Puerto Rico,Puerto Rico,Guyana,Guyana,1,3,FT
739,2023-10-14,CONCACAF Nations League,,2023,,Bahamas,Bahamas,Antigua and Barbuda,Antigua and Barbuda,1,4,FT
740,2023-10-14,CONCACAF Nations League,,2023,,Aruba,Aruba,United States Virgin Islands,United States Virgin Islands,3,1,FT
741,2023-10-14,Friendly,,2023,,Ivory Coast,Ivory Coast,Morocco,Morocco,1,1,FT
742,2023-10-14,Friendly,,2023,,Liberia,Liberia,Libya,Libya,2,3,FT
743,2023-10-14,Friendly,,2023,,Mauritania,Mauritania,Madagascar,Madagascar,2,1,FT
744,2023-10-14,Friendly,,2023,,Mexico,Mexico,Ghana,Ghana,2,0,FT
745,2023-10-14,Friendly,,2023,,Niger,Niger,Somalia,Somalia,3,0,FT
746,2023-10-14,Friendly,,2023,,Sierra Leone,Sierra Leone,Benin,Benin,1,1,FT
747,2023-10-14,Friendly,,2023,,United States,United States,Germany,Germany,1,3,FT
748,2023-10-14,UEFA Euro qualification,,2023,,Ukraine,Ukraine,North Macedonia,North Macedonia,2,0,FT
749,2023-10-14,UEFA Euro qualification,,2023,,Italy,Italy,Malta,Malta,4,0,FT
750,2023-10-14,UEFA Euro qualification,,2023,,Bulgaria,Bulgaria,Lithuania,Lithuania,0,2,FT
751,2023-10-14,UEFA Euro qualification,,2023,,Hungary,Hungary,Serbia,Serbia,2,1,FT
752,2023-10-14,UEFA Euro qualification,,2023,,Northern Ireland,Northern Ireland,San Marino,San Marino,3,0,FT
753,2023-10-14,UEFA Euro qualification,,2023,,Slovenia,Slovenia,Finland,Finland,3,0,FT
754,2023-10-14,UEFA Euro qualification,,2023,,Denmark,Denmark,Kazakhstan,Kazakhstan,3,1,FT
755,2023-10-14,MSG Prime Minister's Cup,,2023,,Papua New Guinea,Papua New Guinea,Vanuatu,Vanuatu,0,1,FT
756,2023-10-14,MSG Prime Minister's Cup,,2023,,New Caledonia,New Caledonia,Solomon Islands,Solomon Islands,0,1,FT
757,2023-10-15,CONCACAF Nations League,,2023,,Honduras,Honduras,Cuba,Cuba,4,0,FT
758,2023-10-15,CONCACAF Nations League,,2023,,Haiti,Haiti,Jamaica,Jamaica,2,3,FT
759,2023-10-15,CONCACAF Nations League,,2023,,Suriname,Suriname,Grenada,Grenada,4,0,FT
760,2023-10-15,CONCACAF Nations League,,2023,,Guadeloupe,Guadeloupe,Saint Lucia,Saint Lucia,2,0,FT
761,2023-10-15,CONCACAF Nations League,,2023,,Saint Kitts and Nevis,Saint Kitts and Nevis,Sint Maarten,Sint Maarten,0,1,FT
762,2023-10-15,Friendly,,2023,,Kyrgyzstan,Kyrgyzstan,Philippines,Philippines,0,1,FT
763,2023-10-15,Friendly,,2023,,Sudan,Sudan,Tanzania,Tanzania,1,1,FT
764,2023-10-15,UEFA Euro qualification,,2023,,Georgia,Georgia,Cyprus,Cyprus,4,0,FT
765,2023-10-15,UEFA Euro qualification,,2023,,Norway,Norway,Spain,Spain,0,1,FT
766,2023-10-15,UEFA Euro qualification,,2023,,Wales,Wales,Croatia,Croatia,2,1,FT
767,2023-10-15,UEFA Euro qualification,,2023,,Turkey,Turkey,Latvia,Latvia,4,0,FT
768,2023-10-15,UEFA Euro qualification,,2023,,Czech Republic,Czech Republic,Faroe Islands,Faroe Islands,1,0,FT
769,2023-10-15,UEFA Euro qualification,,2023,,Poland,Poland,Moldova,Moldova,1,1,FT
770,2023-10-15,UEFA Euro qualification,,2023,,Switzerland,Switzerland,Belarus,Belarus,3,3,FT
771,2023-10-15,UEFA Euro qualification,,2023,,Romania,Romania,Andorra,Andorra,4,0,FT
772,2023-10-16,CONCACAF Nations League,,2023,,Dominican Republic,Dominican Republic,Barbados,Barbados,5,2,FT
773,2023-10-16,CONCACAF Nations League,,2023,,Nicaragua,Nicaragua,Montserrat,Montserrat,3,0,FT
774,2023-10-16,CONCACAF Nations League,,2023,,French Guiana,French Guiana,Saint Vincent and the Grenadines,Saint Vincent and the Grenadines,3,2,FT
775,2023-10-16,CONCACAF Nations League,,2023,,Saint Martin,Saint Martin,Anguilla,Anguilla,8,0,FT
776,2023-10-16,CONCACAF Nations League,,2023,,Turks and Caicos Islands,Turks and Caicos Islands,British Virgin Islands,British Virgin Islands,2,2,FT
777,2023-10-16,Friendly,,2023,,Algeria,Algeria,Egypt,Egypt,1,1,FT
778,2023-10-16,Friendly,,2023,,Botswana,Botswana,Eswatini,Eswatini,2,1,FT
779,2023-10-16,Friendly,,2023,,Kenya,Kenya,Russia,Russia,2,2,FT
780,2023-10-16,Friendly,,2023,,China,China,Uzbekistan,Uzbekistan,1,2,FT
781,2023-10-16,Friendly,,2023,,Mozambique,Mozambique,Nigeria,Nigeria,2,3,FT
782,2023-10-16,Friendly,,2023,,Senegal,Senegal,Cameroon,Cameroon,1,0,FT
783,2023-10-16,UEFA Euro qualification,,2023,,Gibraltar,Gibraltar,Republic of Ireland,Republic of Ireland,0,4,FT
784,2023-10-16,UEFA Euro qualification,,2023,,Greece,Greece,Netherlands,Netherlands,0,1,FT
785,2023-10-16,UEFA Euro qualification,,2023,,Azerbaijan,Azerbaijan,Austria,Austria,0,1,FT
786,2023-10-16,UEFA Euro qualification,,2023,,Belgium,Belgium,Sweden,Sweden,1,1,FT
787,2023-10-16,UEFA Euro qualification,,2023,,Iceland,Iceland,Liechtenstein,Liechtenstein,4,0,FT
788,2023-10-16,UEFA Euro qualification,,2023,,Bosnia and Herzegovina,Bosnia and Herzegovina,Portugal,Portugal,0,5,FT
789,2023-10-16,UEFA Euro qualification,,2023,,Luxembourg,Luxembourg,Slovakia,Slovakia,0,1,FT
790,2023-10-17,CONCACAF Nations League,,2023,,El Salvador,El Salvador,Martinique,Martinique,0,0,FT
791,2023-10-17,CONCACAF Nations League,,2023,,Panama,Panama,Guatemala,Guatemala,3,0,FT
792,2023-10-17,CONCACAF Nations League,,2023,,Curaçao,Curaçao,Trinidad and Tobago,Trinidad and Tobago,5,3,FT
793,2023-10-17,CONCACAF Nations League,,2023,,Bermuda,Bermuda,Belize,Belize,1,1,FT
794,2023-10-17,CONCACAF Nations League,,2023,,Antigua and Barbuda,Antigua and Barbuda,Bahamas,Bahamas,2,2,FT
795,2023-10-17,CONCACAF Nations League,,2023,,Guyana,Guyana,Puerto Rico,Puerto Rico,3,1,FT
796,2023-10-17,CONCACAF Nations League,,2023,,Cayman Islands,Cayman Islands,United States Virgin Islands,United States Virgin Islands,2,1,FT
797,2023-10-17,FIFA World Cup qualification,,2023,,Venezuela,Venezuela,Chile,Chile,3,0,FT
798,2023-10-17,FIFA World Cup qualification,,2023,,Ecuador,Ecuador,Colombia,Colombia,0,0,FT
799,2023-10-17,FIFA World Cup qualification,,2023,,Paraguay,Paraguay,Bolivia,Bolivia,1,0,FT
800,2023-10-17,FIFA World Cup qualification,,2023,,Peru,Peru,Argentina,Argentina,0,2,FT
801,2023-10-17,FIFA World Cup qualification,,2023,,Uruguay,Uruguay,Brazil,Brazil,2,0,FT
802,2023-10-17,FIFA World Cup qualification,,2023,,Bangladesh,Bangladesh,Maldives,Maldives,2,1,FT
803,2023-10-17,FIFA World Cup qualification,,2023,,Bhutan,Bhutan,Hong Kong,Hong Kong,2,0,FT
804,2023-10-17,FIFA World Cup qualification,,2023,,Brunei,Brunei,Indonesia,Indonesia,0,6,FT
805,2023-10-17,FIFA World Cup qualification,,2023,,Guam,Guam,Singapore,Singapore,0,1,FT
806,2023-10-17,FIFA World Cup qualification,,2023,,Laos,Laos,Nepal,Nepal,0,1,FT
807,2023-10-17,FIFA World Cup qualification,,2023,,Macau,Macau,Myanmar,Myanmar,0,0,FT
808,2023-10-17,FIFA World Cup qualification,,2023,,Mongolia,Mongolia,Afghanistan,Afghanistan,0,1,FT
809,2023-10-17,FIFA World Cup qualification,,2023,,Pakistan,Pakistan,Cambodia,Cambodia,1,0,FT
810,2023-10-17,FIFA World Cup qualification,,2023,,Sri Lanka,Sri Lanka,Yemen,Yemen,1,1,FT
811,2023-10-17,FIFA World Cup qualification,,2023,,Taiwan,Taiwan,Timor-Leste,Timor-Leste,3,0,FT
812,2023-10-17,Friendly,,2023,,Albania,Albania,Bulgaria,Bulgaria,2,0,FT
813,2023-10-17,Friendly,,2023,,Angola,Angola,DR Congo,DR Congo,0,0,FT
814,2023-10-17,Soccer Ashes,,2023,,Australia,Australia,New Zealand,New Zealand,2,0,FT
815,2023-10-17,Friendly,,2023,,Bahrain,Bahrain,Philippines,Philippines,1,0,FT
816,2023-10-17,Friendly,,2023,,Benin,Benin,Madagascar,Madagascar,1,2,FT
817,2023-10-17,Friendly,,2023,,Burkina Faso,Burkina Faso,Mauritania,Mauritania,2,1,FT
818,2023-10-17,Friendly,,2023,,Cape Verde,Cape Verde,Comoros,Comoros,1,2,FT
819,2023-10-17,Friendly,,2023,,Estonia,Estonia,Thailand,Thailand,1,1,FT
820,2023-10-17,Friendly,,2023,,France,France,Scotland,Scotland,4,1,FT
821,2023-10-17,Friendly,,2023,,Guinea,Guinea,Gabon,Gabon,1,1,FT
822,2023-10-17,Friendly,,2023,,Ivory Coast,Ivory Coast,South Africa,South Africa,1,1,FT
823,2023-10-17,Friendly,,2023,,South Korea,South Korea,Vietnam,Vietnam,6,0,FT
824,2023-10-17,Friendly,,2023,,Libya,Libya,Niger,Niger,1,1,FT
825,2023-10-17,Friendly,,2023,,Mali,Mali,Saudi Arabia,Saudi Arabia,3,1,FT
826,2023-10-17,Friendly,,2023,,Mexico,Mexico,Germany,Germany,2,2,FT
827,2023-10-17,Friendly,,2023,,North Macedonia,North Macedonia,Armenia,Armenia,3,1,FT
828,2023-10-17,Friendly,,2023,,Somalia,Somalia,Sierra Leone,Sierra Leone,0,2,FT
829,2023-10-17,Friendly,,2023,,Sudan,Sudan,Chad,Chad,1,0,FT
830,2023-10-17,Friendly,,2023,,Syria,Syria,Kuwait,Kuwait,1,2,FT
831,2023-10-17,Friendly,,2023,,United Arab Emirates,United Arab Emirates,Lebanon,Lebanon,2,1,FT
832,2023-10-17,Friendly,,2023,,United States,United States,Ghana,Ghana,4,0,FT
833,2023-10-17,Friendly,,2023,,Zambia,Zambia,Uganda,Uganda,3,0,FT
834,2023-10-17,African Cup of Nations qualification,,2023,,Morocco,Morocco,Liberia,Liberia,3,0,FT
835,2023-10-17,UEFA Euro qualification,,2023,,England,England,Italy,Italy,3,1,FT
836,2023-10-17,UEFA Euro qualification,,2023,,Malta,Malta,Ukraine,Ukraine,1,3,FT
837,2023-10-17,UEFA Euro qualification,,2023,,Serbia,Serbia,Montenegro,Montenegro,3,1,FT
838,2023-10-17,UEFA Euro qualification,,2023,,Lithuania,Lithuania,Hungary,Hungary,2,2,FT
839,2023-10-17,UEFA Euro qualification,,2023,,Finland,Finland,Kazakhstan,Kazakhstan,1,2,FT
840,2023-10-17,UEFA Euro qualification,,2023,,Northern Ireland,Northern Ireland,Slovenia,Slovenia,0,1,FT
841,2023-10-17,UEFA Euro qualification,,2023,,San Marino,San Marino,Denmark,Denmark,1,2,FT
842,2023-10-23,Friendly,,2023,,United Arab Emirates,United Arab Emirates,Kuwait,Kuwait,1,0,FT
843,2023-11-11,Friendly,,2023,,Guatemala,Guatemala,Jamaica,Jamaica,0,0,FT
844,2023-11-12,UEFA Euro qualification,,2023,,Kosovo,Kosovo,Israel,Israel,1,0,FT
845,2023-11-15,FIFA World Cup qualification,,2023,,Ethiopia,Ethiopia,Sierra Leone,Sierra Leone,0,0,FT
846,2023-11-15,FIFA World Cup qualification,,2023,,DR Congo,DR Congo,Mauritania,Mauritania,2,0,FT
847,2023-11-15,FIFA World Cup qualification,,2023,,Rwanda,Rwanda,Zimbabwe,Zimbabwe,0,0,FT
848,2023-11-15,FIFA World Cup qualification,,2023,,Equatorial Guinea,Equatorial Guinea,Namibia,Namibia,0,3,FT
849,2023-11-15,Friendly,,2023,,Belgium,Belgium,Serbia,Serbia,1,0,FT
850,2023-11-15,UEFA Euro qualification,,2023,,Israel,Israel,Switzerland,Switzerland,1,1,FT
851,2023-11-16,CONCACAF Nations League,,2023,,Sint Maarten,Sint Maarten,Guadeloupe,Guadeloupe,0,2,FT
852,2023-11-16,CONCACAF Nations League,,2023,,Saint Kitts and Nevis,Saint Kitts and Nevis,Saint Lucia,Saint Lucia,0,0,FT
853,2023-11-16,CONCACAF Nations League,,2023,,United States Virgin Islands,United States Virgin Islands,Aruba,Aruba,1,4,FT
854,2023-11-16,CONCACAF Nations League,,2023,,British Virgin Islands,British Virgin Islands,Dominica,Dominica,1,2,FT
855,2023-11-16,CONCACAF Nations League,,2023,,Costa Rica,Costa Rica,Panama,Panama,0,3,FT
856,2023-11-16,CONCACAF Nations League,,2023,,United States,United States,Trinidad and Tobago,Trinidad and Tobago,3,0,FT
857,2023-11-16,FIFA World Cup qualification,,2023,,Bolivia,Bolivia,Peru,Peru,2,0,FT
858,2023-11-16,FIFA World Cup qualification,,2023,,Venezuela,Venezuela,Ecuador,Ecuador,0,0,FT
859,2023-11-16,FIFA World Cup qualification,,2023,,Colombia,Colombia,Brazil,Brazil,2,1,FT
860,2023-11-16,FIFA World Cup qualification,,2023,,Argentina,Argentina,Uruguay,Uruguay,0,2,FT
861,2023-11-16,FIFA World Cup qualification,,2023,,Chile,Chile,Paraguay,Paraguay,0,0,FT
862,2023-11-16,FIFA World Cup qualification,,2023,,Qatar,Qatar,Afghanistan,Afghanistan,8,1,FT
863,2023-11-16,FIFA World Cup qualification,,2023,,Kuwait,Kuwait,India,India,0,1,FT
864,2023-11-16,FIFA World Cup qualification,,2023,,Japan,Japan,Myanmar,Myanmar,5,0,FT
865,2023-11-16,FIFA World Cup qualification,,2023,,Syria,Syria,North Korea,North Korea,1,0,FT
866,2023-11-16,FIFA World Cup qualification,,2023,,Thailand,Thailand,China,China,1,2,FT
867,2023-11-16,FIFA World Cup qualification,,2023,,South Korea,South Korea,Singapore,Singapore,5,0,FT
868,2023-11-16,FIFA World Cup qualification,,2023,,Oman,Oman,Taiwan,Taiwan,3,0,FT
869,2023-11-16,FIFA World Cup qualification,,2023,,Malaysia,Malaysia,Kyrgyzstan,Kyrgyzstan,4,3,FT
870,2023-11-16,FIFA World Cup qualification,,2023,,Iran,Iran,Hong Kong,Hong Kong,4,0,FT
871,2023-11-16,FIFA World Cup qualification,,2023,,Turkmenistan,Turkmenistan,Uzbekistan,Uzbekistan,1,3,FT
872,2023-11-16,FIFA World Cup qualification,,2023,,Iraq,Iraq,Indonesia,Indonesia,5,1,FT
873,2023-11-16,FIFA World Cup qualification,,2023,,Philippines,Philippines,Vietnam,Vietnam,0,2,FT
874,2023-11-16,FIFA World Cup qualification,,2023,,Tajikistan,Tajikistan,Jordan,Jordan,1,1,FT
875,2023-11-16,FIFA World Cup qualification,,2023,,Saudi Arabia,Saudi Arabia,Pakistan,Pakistan,4,0,FT
876,2023-11-16,FIFA World Cup qualification,,2023,,United Arab Emirates,United Arab Emirates,Nepal,Nepal,4,0,FT
877,2023-11-16,FIFA World Cup qualification,,2023,,Yemen,Yemen,Bahrain,Bahrain,0,2,FT
878,2023-11-16,FIFA World Cup qualification,,2023,,Lebanon,Lebanon,Palestine,Palestine,0,0,FT
879,2023-11-16,FIFA World Cup qualification,,2023,,Australia,Australia,Bangladesh,Bangladesh,7,0,FT
880,2023-11-16,FIFA World Cup qualification,,2023,,Egypt,Egypt,Djibouti,Djibouti,6,0,FT
881,2023-11-16,FIFA World Cup qualification,,2023,,Sudan,Sudan,Togo,Togo,1,1,FT
882,2023-11-16,FIFA World Cup qualification,,2023,,Nigeria,Nigeria,Lesotho,Lesotho,1,1,FT
883,2023-11-16,FIFA World Cup qualification,,2023,,Cape Verde,Cape Verde,Angola,Angola,0,0,FT
884,2023-11-16,FIFA World Cup qualification,,2023,,Burundi,Burundi,Gambia,Gambia,3,2,FT
885,2023-11-16,FIFA World Cup qualification,,2023,,Gabon,Gabon,Kenya,Kenya,2,1,FT
886,2023-11-16,FIFA World Cup qualification,,2023,,Botswana,Botswana,Mozambique,Mozambique,2,3,FT
887,2023-11-16,FIFA World Cup qualification,,2023,,Algeria,Algeria,Somalia,Somalia,3,1,FT
888,2023-11-16,Friendly,,2023,,Curaçao,Curaçao,El Salvador,El Salvador,1,1,FT
889,2023-11-16,Friendly,,2023,,Norway,Norway,Faroe Islands,Faroe Islands,2,0,FT
890,2023-11-16,UEFA Euro qualification,,2023,,Cyprus,Cyprus,Spain,Spain,1,3,FT
891,2023-11-16,UEFA Euro qualification,,2023,,Georgia,Georgia,Scotland,Scotland,2,2,FT
892,2023-11-16,UEFA Euro qualification,,2023,,Estonia,Estonia,Austria,Austria,0,2,FT
893,2023-11-16,UEFA Euro qualification,,2023,,Azerbaijan,Azerbaijan,Sweden,Sweden,3,0,FT
894,2023-11-16,UEFA Euro qualification,,2023,,Bulgaria,Bulgaria,Hungary,Hungary,2,2,FT
895,2023-11-16,UEFA Euro qualification,,2023,,Montenegro,Montenegro,Lithuania,Lithuania,2,0,FT
896,2023-11-16,UEFA Euro qualification,,2023,,Liechtenstein,Liechtenstein,Portugal,Portugal,0,2,FT
897,2023-11-16,UEFA Euro qualification,,2023,,Luxembourg,Luxembourg,Bosnia and Herzegovina,Bosnia and Herzegovina,4,1,FT
898,2023-11-16,UEFA Euro qualification,,2023,,Slovakia,Slovakia,Iceland,Iceland,4,2,FT
899,2023-11-17,CONCACAF Nations League,,2023,,Montserrat,Montserrat,Dominican Republic,Dominican Republic,2,1,FT
900,2023-11-17,CONCACAF Nations League,,2023,,Barbados,Barbados,Nicaragua,Nicaragua,0,4,FT
901,2023-11-17,CONCACAF Nations League,,2023,,Bermuda,Bermuda,Saint Vincent and the Grenadines,Saint Vincent and the Grenadines,3,1,FT
902,2023-11-17,CONCACAF Nations League,,2023,,Belize,Belize,French Guiana,French Guiana,1,0,FT
903,2023-11-17,CONCACAF Nations League,,2023,,Honduras,Honduras,Mexico,Mexico,2,0,FT
904,2023-11-17,FIFA World Cup qualification,,2023,,Burkina Faso,Burkina Faso,Guinea-Bissau,Guinea-Bissau,1,1,FT
905,2023-11-17,FIFA World Cup qualification,,2023,,Eswatini,Eswatini,Libya,Libya,0,1,FT
906,2023-11-17,FIFA World Cup qualification,,2023,,Cameroon,Cameroon,Mauritius,Mauritius,3,0,FT
907,2023-11-17,FIFA World Cup qualification,,2023,,Zambia,Zambia,Congo,Congo,4,2,FT
908,2023-11-17,FIFA World Cup qualification,,2023,,Ivory Coast,Ivory Coast,Seychelles,Seychelles,9,0,FT
909,2023-11-17,FIFA World Cup qualification,,2023,,Guinea,Guinea,Uganda,Uganda,2,1,FT
910,2023-11-17,FIFA World Cup qualification,,2023,,Liberia,Liberia,Malawi,Malawi,0,1,FT
911,2023-11-17,FIFA World Cup qualification,,2023,,Tunisia,Tunisia,São Tomé and Príncipe,São Tomé and Príncipe,4,0,FT
912,2023-11-17,FIFA World Cup qualification,,2023,,Comoros,Comoros,Central African Republic,Central African Republic,4,2,FT
913,2023-11-17,FIFA World Cup qualification,,2023,,Ghana,Ghana,Madagascar,Madagascar,1,0,FT
914,2023-11-17,FIFA World Cup qualification,,2023,,Mali,Mali,Chad,Chad,3,1,FT
915,2023-11-17,Friendly,,2023,,Greece,Greece,New Zealand,New Zealand,2,0,FT
916,2023-11-17,UEFA Euro qualification,,2023,,England,England,Malta,Malta,2,0,FT
917,2023-11-17,UEFA Euro qualification,,2023,,Italy,Italy,North Macedonia,North Macedonia,5,2,FT
918,2023-11-17,UEFA Euro qualification,,2023,,Moldova,Moldova,Albania,Albania,1,1,FT
919,2023-11-17,UEFA Euro qualification,,2023,,Poland,Poland,Czech Republic,Czech Republic,1,1,FT
920,2023-11-17,UEFA Euro qualification,,2023,,Finland,Finland,Northern Ireland,Northern Ireland,4,0,FT
921,2023-11-17,UEFA Euro qualification,,2023,,Denmark,Denmark,Slovenia,Slovenia,2,1,FT
922,2023-11-17,UEFA Euro qualification,,2023,,Kazakhstan,Kazakhstan,San Marino,San Marino,3,1,FT
923,2023-11-17,Pacific Games,,2023,,Papua New Guinea,Papua New Guinea,Tuvalu,Tuvalu,3,0,FT
924,2023-11-17,Pacific Games,,2023,,Solomon Islands,Solomon Islands,Samoa,Samoa,1,0,FT
925,2023-11-18,CONCACAF Nations League,,2023,,Antigua and Barbuda,Antigua and Barbuda,Puerto Rico,Puerto Rico,2,3,FT
926,2023-11-18,CONCACAF Nations League,,2023,,Anguilla,Anguilla,Bonaire,Bonaire,0,3,FT
927,2023-11-18,CONCACAF Nations League,,2023,,Jamaica,Jamaica,Canada,Canada,1,2,FT
928,2023-11-18,FIFA World Cup qualification,,2023,,Senegal,Senegal,South Sudan,South Sudan,4,0,FT
929,2023-11-18,FIFA World Cup qualification,,2023,,South Africa,South Africa,Benin,Benin,2,1,FT
930,2023-11-18,FIFA World Cup qualification,,2023,,Niger,Niger,Tanzania,Tanzania,0,1,FT
931,2023-11-18,Friendly,,2023,,Germany,Germany,Turkey,Turkey,2,3,FT
932,2023-11-18,UEFA Euro qualification,,2023,,France,France,Gibraltar,Gibraltar,14,0,FT
933,2023-11-18,UEFA Euro qualification,,2023,,Netherlands,Netherlands,Republic of Ireland,Republic of Ireland,1,0,FT
934,2023-11-18,UEFA Euro qualification,,2023,,Armenia,Armenia,Wales,Wales,1,1,FT
935,2023-11-18,UEFA Euro qualification,,2023,,Latvia,Latvia,Croatia,Croatia,0,2,FT
936,2023-11-18,UEFA Euro qualification,,2023,,Belarus,Belarus,Andorra,Andorra,1,0,FT
937,2023-11-18,UEFA Euro qualification,,2023,,Switzerland,Switzerland,Kosovo,Kosovo,1,1,FT
938,2023-11-18,UEFA Euro qualification,,2023,,Israel,Israel,Romania,Romania,1,2,FT
939,2023-11-18,Pacific Games,,2023,,New Caledonia,New Caledonia,Tonga,Tonga,7,0,FT
940,2023-11-18,Pacific Games,,2023,,Fiji,Fiji,Northern Mariana Islands,Northern Mariana Islands,10,0,FT
941,2023-11-19,CONCACAF Nations League,,2023,,Guadeloupe,Guadeloupe,Saint Kitts and Nevis,Saint Kitts and Nevis,5,0,FT
942,2023-11-19,CONCACAF Nations League,,2023,,Saint Lucia,Saint Lucia,Sint Maarten,Sint Maarten,1,2,FT
943,2023-11-19,FIFA World Cup qualification,,2023,,Sierra Leone,Sierra Leone,Egypt,Egypt,0,2,FT
944,2023-11-19,FIFA World Cup qualification,,2023,,Sudan,Sudan,DR Congo,DR Congo,1,0,FT
945,2023-11-19,FIFA World Cup qualification,,2023,,Zimbabwe,Zimbabwe,Nigeria,Nigeria,1,1,FT
946,2023-11-19,FIFA World Cup qualification,,2023,,Burundi,Burundi,Gabon,Gabon,1,2,FT
947,2023-11-19,FIFA World Cup qualification,,2023,,Mozambique,Mozambique,Algeria,Algeria,0,2,FT
948,2023-11-19,Friendly,,2023,,Cyprus,Cyprus,Lithuania,Lithuania,1,0,FT
949,2023-11-19,UEFA Euro qualification,,2023,,Scotland,Scotland,Norway,Norway,3,3,FT
950,2023-11-19,UEFA Euro qualification,,2023,,Spain,Spain,Georgia,Georgia,3,1,FT
951,2023-11-19,UEFA Euro qualification,,2023,,Belgium,Belgium,Azerbaijan,Azerbaijan,5,0,FT
952,2023-11-19,UEFA Euro qualification,,2023,,Sweden,Sweden,Estonia,Estonia,2,0,FT
953,2023-11-19,UEFA Euro qualification,,2023,,Hungary,Hungary,Montenegro,Montenegro,3,1,FT
954,2023-11-19,UEFA Euro qualification,,2023,,Serbia,Serbia,Bulgaria,Bulgaria,2,2,FT
955,2023-11-19,UEFA Euro qualification,,2023,,Portugal,Portugal,Iceland,Iceland,2,0,FT
956,2023-11-19,UEFA Euro qualification,,2023,,Bosnia and Herzegovina,Bosnia and Herzegovina,Slovakia,Slovakia,1,2,FT
957,2023-11-19,UEFA Euro qualification,,2023,,Liechtenstein,Liechtenstein,Luxembourg,Luxembourg,0,1,FT
958,2023-11-20,CONCACAF Nations League,,2023,,Montserrat,Montserrat,Barbados,Barbados,4,2,FT
959,2023-11-20,CONCACAF Nations League,,2023,,Aruba,Aruba,Cayman Islands,Cayman Islands,5,1,FT
960,2023-11-20,CONCACAF Nations League,,2023,,Dominica,Dominica,Turks and Caicos Islands,Turks and Caicos Islands,2,0,FT
961,2023-11-20,CONCACAF Nations League,,2023,,Panama,Panama,Costa Rica,Costa Rica,3,1,FT
962,2023-11-20,CONCACAF Nations League,,2023,,Trinidad and Tobago,Trinidad and Tobago,United States,United States,2,1,FT
963,2023-11-20,FIFA World Cup qualification,,2023,,Djibouti,Djibouti,Guinea-Bissau,Guinea-Bissau,0,1,FT
964,2023-11-20,FIFA World Cup qualification,,2023,,Gambia,Gambia,Ivory Coast,Ivory Coast,0,2,FT
965,2023-11-20,FIFA World Cup qualification,,2023,,Seychelles,Seychelles,Kenya,Kenya,0,5,FT
966,2023-11-20,FIFA World Cup qualification,,2023,,Liberia,Liberia,Equatorial Guinea,Equatorial Guinea,3,0,FT
967,2023-11-20,FIFA World Cup qualification,,2023,,Mali,Mali,Central African Republic,Central African Republic,1,1,FT
968,2023-11-20,FIFA World Cup qualification,,2023,,Chad,Chad,Madagascar,Madagascar,0,3,FT
969,2023-11-20,Friendly,,2023,,Curaçao,Curaçao,El Salvador,El Salvador,1,1,FT
970,2023-11-20,Friendly,,2023,,Russia,Russia,Cuba,Cuba,8,0,FT
971,2023-11-20,UEFA Euro qualification,,2023,,North Macedonia,North Macedonia,England,England,1,1,FT
972,2023-11-20,UEFA Euro qualification,,2023,,Ukraine,Ukraine,Italy,Italy,0,0,FT
973,2023-11-20,UEFA Euro qualification,,2023,,Albania,Albania,Faroe Islands,Faroe Islands,0,0,FT
974,2023-11-20,UEFA Euro qualification,,2023,,Czech Republic,Czech Republic,Moldova,Moldova,3,0,FT
975,2023-11-20,UEFA Euro qualification,,2023,,Northern Ireland,Northern Ireland,Denmark,Denmark,2,0,FT
976,2023-11-20,UEFA Euro qualification,,2023,,San Marino,San Marino,Finland,Finland,1,2,FT
977,2023-11-20,UEFA Euro qualification,,2023,,Slovenia,Slovenia,Kazakhstan,Kazakhstan,2,1,FT
978,2023-11-20,Pacific Games,,2023,,Tuvalu,Tuvalu,Vanuatu,Vanuatu,0,6,FT
979,2023-11-20,Pacific Games,,2023,,Samoa,Samoa,American Samoa,American Samoa,10,0,FT
980,2023-11-21,CONCACAF Nations League,,2023,,Nicaragua,Nicaragua,Dominican Republic,Dominican Republic,0,0,FT
981,2023-11-21,CONCACAF Nations League,,2023,,French Guiana,French Guiana,Bermuda,Bermuda,3,0,FT
982,2023-11-21,CONCACAF Nations League,,2023,,Saint Vincent and the Grenadines,Saint Vincent and the Grenadines,Belize,Belize,3,0,FT
983,2023-11-21,CONCACAF Nations League,,2023,,Guyana,Guyana,Antigua and Barbuda,Antigua and Barbuda,6,0,FT
984,2023-11-21,CONCACAF Nations League,,2023,,Puerto Rico,Puerto Rico,Bahamas,Bahamas,6,1,FT
985,2023-11-21,CONCACAF Nations League,,2023,,Bonaire,Bonaire,Saint Martin,Saint Martin,0,4,FT
986,2023-11-21,CONCACAF Nations League,,2023,,Canada,Canada,Jamaica,Jamaica,2,3,FT
987,2023-11-21,CONCACAF Nations League,,2023,,Mexico,Mexico,Honduras,Honduras,2,0,FT
988,2023-11-21,FIFA World Cup qualification,,2023,,Ecuador,Ecuador,Chile,Chile,1,0,FT
989,2023-11-21,FIFA World Cup qualification,,2023,,Paraguay,Paraguay,Colombia,Colombia,0,1,FT
990,2023-11-21,FIFA World Cup qualification,,2023,,Uruguay,Uruguay,Bolivia,Bolivia,3,0,FT
991,2023-11-21,FIFA World Cup qualification,,2023,,Peru,Peru,Venezuela,Venezuela,1,1,FT
992,2023-11-21,FIFA World Cup qualification,,2023,,Brazil,Brazil,Argentina,Argentina,0,1,FT
993,2023-11-21,FIFA World Cup qualification,,2023,,India,India,Qatar,Qatar,0,3,FT
994,2023-11-21,FIFA World Cup qualification,,2023,,Afghanistan,Afghanistan,Kuwait,Kuwait,0,4,FT
995,2023-11-21,FIFA World Cup qualification,,2023,,Myanmar,Myanmar,North Korea,North Korea,1,6,FT
996,2023-11-21,FIFA World Cup qualification,,2023,,Syria,Syria,Japan,Japan,0,5,FT
997,2023-11-21,FIFA World Cup qualification,,2023,,China,China,South Korea,South Korea,0,3,FT
998,2023-11-21,FIFA World Cup qualification,,2023,,Singapore,Singapore,Thailand,Thailand,1,3,FT
999,2023-11-21,FIFA World Cup qualification,,2023,,Taiwan,Taiwan,Malaysia,Malaysia,0,1,FT
1000,2023-11-21,FIFA World Cup qualification,,2023,,Kyrgyzstan,Kyrgyzstan,Oman,Oman,1,0,FT
1001,2023-11-21,FIFA World Cup qualification,,2023,,Uzbekistan,Uzbekistan,Iran,Iran,2,2,FT
1002,2023-11-21,FIFA World Cup qualification,,2023,,Hong Kong,Hong Kong,Turkmenistan,Turkmenistan,2,2,FT
1003,2023-11-21,FIFA World Cup qualification,,2023,,Philippines,Philippines,Indonesia,Indonesia,1,1,FT
1004,2023-11-21,FIFA World Cup qualification,,2023,,Vietnam,Vietnam,Iraq,Iraq,0,1,FT
1005,2023-11-21,FIFA World Cup qualification,,2023,,Pakistan,Pakistan,Tajikistan,Tajikistan,1,6,FT
1006,2023-11-21,FIFA World Cup qualification,,2023,,Jordan,Jordan,Saudi Arabia,Saudi Arabia,0,2,FT
1007,2023-11-21,FIFA World Cup qualification,,2023,,Bahrain,Bahrain,United Arab Emirates,United Arab Emirates,0,2,FT
1008,2023-11-21,FIFA World Cup qualification,,2023,,Nepal,Nepal,Yemen,Yemen,0,2,FT
1009,2023-11-21,FIFA World Cup qualification,,2023,,Palestine,Palestine,Australia,Australia,0,1,FT
1010,2023-11-21,FIFA World Cup qualification,,2023,,Bangladesh,Bangladesh,Lebanon,Lebanon,1,1,FT
1011,2023-11-21,FIFA World Cup qualification,,2023,,Ethiopia,Ethiopia,Burkina Faso,Burkina Faso,0,3,FT
1012,2023-11-21,FIFA World Cup qualification,,2023,,South Sudan,South Sudan,Mauritania,Mauritania,0,0,FT
1013,2023-11-21,FIFA World Cup qualification,,2023,,Togo,Togo,Senegal,Senegal,0,0,FT
1014,2023-11-21,FIFA World Cup qualification,,2023,,Lesotho,Lesotho,Benin,Benin,0,0,FT
1015,2023-11-21,FIFA World Cup qualification,,2023,,Rwanda,Rwanda,South Africa,South Africa,2,0,FT
1016,2023-11-21,FIFA World Cup qualification,,2023,,Eswatini,Eswatini,Cape Verde,Cape Verde,0,2,FT
1017,2023-11-21,FIFA World Cup qualification,,2023,,Libya,Libya,Cameroon,Cameroon,1,1,FT
1018,2023-11-21,FIFA World Cup qualification,,2023,,Mauritius,Mauritius,Angola,Angola,0,0,FT
1019,2023-11-21,FIFA World Cup qualification,,2023,,Niger,Niger,Zambia,Zambia,2,1,FT
1020,2023-11-21,FIFA World Cup qualification,,2023,,Tanzania,Tanzania,Morocco,Morocco,0,2,FT
1021,2023-11-21,FIFA World Cup qualification,,2023,,Somalia,Somalia,Uganda,Uganda,0,1,FT
1022,2023-11-21,FIFA World Cup qualification,,2023,,Botswana,Botswana,Guinea,Guinea,1,0,FT
1023,2023-11-21,FIFA World Cup qualification,,2023,,Malawi,Malawi,Tunisia,Tunisia,0,1,FT
1024,2023-11-21,FIFA World Cup qualification,,2023,,São Tomé and Príncipe,São Tomé and Príncipe,Namibia,Namibia,0,2,FT
1025,2023-11-21,FIFA World Cup qualification,,2023,,Comoros,Comoros,Ghana,Ghana,1,0,FT
1026,2023-11-21,Friendly,,2023,,Austria,Austria,Germany,Germany,2,0,FT
1027,2023-11-21,Friendly,,2023,,Poland,Poland,Latvia,Latvia,2,0,FT
1028,2023-11-21,Friendly,,2023,,Republic of Ireland,Republic of Ireland,New Zealand,New Zealand,1,1,FT
1029,2023-11-21,UEFA Euro qualification,,2023,,Gibraltar,Gibraltar,Netherlands,Netherlands,0,6,FT
1030,2023-11-21,UEFA Euro qualification,,2023,,Greece,Greece,France,France,2,2,FT
1031,2023-11-21,UEFA Euro qualification,,2023,,Wales,Wales,Turkey,Turkey,1,1,FT
1032,2023-11-21,UEFA Euro qualification,,2023,,Croatia,Croatia,Armenia,Armenia,1,0,FT
1033,2023-11-21,UEFA Euro qualification,,2023,,Andorra,Andorra,Israel,Israel,0,2,FT
1034,2023-11-21,UEFA Euro qualification,,2023,,Kosovo,Kosovo,Belarus,Belarus,0,1,FT
1035,2023-11-21,UEFA Euro qualification,,2023,,Romania,Romania,Switzerland,Switzerland,1,0,FT
1036,2023-11-21,Pacific Games,,2023,,Tonga,Tonga,Cook Islands,Cook Islands,1,2,FT
1037,2023-11-21,Pacific Games,,2023,,Fiji,Fiji,Tahiti,Tahiti,0,0,FT
1038,2023-11-23,Pacific Games,,2023,,Vanuatu,Vanuatu,Papua New Guinea,Papua New Guinea,1,1,FT
1039,2023-11-23,Pacific Games,,2023,,Solomon Islands,Solomon Islands,American Samoa,American Samoa,11,0,FT
1040,2023-11-24,Pacific Games,,2023,,Cook Islands,Cook Islands,New Caledonia,New Caledonia,0,8,FT
1041,2023-11-24,Pacific Games,,2023,,Northern Mariana Islands,Northern Mariana Islands,Tahiti,Tahiti,0,5,FT
1042,2023-11-27,Pacific Games,,2023,,Northern Mariana Islands,Northern Mariana Islands,American Samoa,American Samoa,4,0,FT
1043,2023-11-27,Pacific Games,,2023,,Tonga,Tonga,Tuvalu,Tuvalu,0,4,FT
1044,2023-11-27,Pacific Games,,2023,,Tahiti,Tahiti,Samoa,Samoa,2,1,FT
1045,2023-11-27,Pacific Games,,2023,,Cook Islands,Cook Islands,Papua New Guinea,Papua New Guinea,0,3,FT
1046,2023-11-28,Pacific Games,,2023,,New Caledonia,New Caledonia,Vanuatu,Vanuatu,1,0,FT
1047,2023-11-28,Pacific Games,,2023,,Solomon Islands,Solomon Islands,Fiji,Fiji,2,0,FT
1048,2023-11-30,Pacific Games,,2023,,American Samoa,American Samoa,Tonga,Tonga,2,6,FT
1049,2023-11-30,Pacific Games,,2023,,Northern Mariana Islands,Northern Mariana Islands,Tuvalu,Tuvalu,1,4,FT
1050,2023-11-30,Pacific Games,,2023,,Samoa,Samoa,Cook Islands,Cook Islands,3,0,FT
1051,2023-11-30,Pacific Games,,2023,,Tahiti,Tahiti,Papua New Guinea,Papua New Guinea,2,0,FT
1052,2023-12-01,Pacific Games,,2023,,Vanuatu,Vanuatu,Fiji,Fiji,2,4,FT
1053,2023-12-02,Pacific Games,,2023,,Solomon Islands,Solomon Islands,New Caledonia,New Caledonia,2,2,FT
1054,2023-12-16,Friendly,,2023,,Mexico,Mexico,Colombia,Colombia,2,3,FT
1055,2024-01-01,Friendly,,2024,,Japan,Japan,Thailand,Thailand,5,0,FT
1056,2024-01-01,Friendly,,2024,,China,China,Hong Kong,Hong Kong,1,2,FT
1057,2024-01-02,Friendly,,2024,,Indonesia,Indonesia,Libya,Libya,0,4,FT
1058,2024-01-04,Friendly,,2024,,Tajikistan,Tajikistan,Hong Kong,Hong Kong,2,1,FT
1059,2024-01-04,Friendly,,2024,,Saudi Arabia,Saudi Arabia,Lebanon,Lebanon,1,0,FT
1060,2024-01-05,Friendly,,2024,,Indonesia,Indonesia,Libya,Libya,1,2,FT
1061,2024-01-05,Friendly,,2024,,Iran,Iran,Burkina Faso,Burkina Faso,2,1,FT
1062,2024-01-05,Friendly,,2024,,Kyrgyzstan,Kyrgyzstan,Syria,Syria,1,1,FT
1063,2024-01-05,Friendly,,2024,,Qatar,Qatar,Jordan,Jordan,1,2,FT
1064,2024-01-05,Friendly,,2024,,Togo,Togo,Algeria,Algeria,0,3,FT
1065,2024-01-06,Friendly,,2024,,DR Congo,DR Congo,Angola,Angola,0,0,FT
1066,2024-01-06,Friendly,,2024,,Iraq,Iraq,South Korea,South Korea,0,1,FT
1067,2024-01-06,Friendly,,2024,,Bahrain,Bahrain,Australia,Australia,0,2,FT
1068,2024-01-06,Friendly,,2024,,Mozambique,Mozambique,Lesotho,Lesotho,2,0,FT
1069,2024-01-06,Friendly,,2024,,United Arab Emirates,United Arab Emirates,Oman,Oman,0,1,FT
1070,2024-01-06,Friendly,,2024,,Ivory Coast,Ivory Coast,Sierra Leone,Sierra Leone,5,1,FT
1071,2024-01-06,Friendly,,2024,,Tunisia,Tunisia,Mauritania,Mauritania,0,0,FT
1072,2024-01-06,Friendly,,2024,,Mali,Mali,Guinea-Bissau,Guinea-Bissau,6,2,FT
1073,2024-01-07,Friendly,,2024,,Uzbekistan,Uzbekistan,Palestine,Palestine,1,0,FT
1074,2024-01-07,Friendly,,2024,,Egypt,Egypt,Tanzania,Tanzania,2,0,FT
1075,2024-01-08,Friendly,,2024,,Nigeria,Nigeria,Guinea,Guinea,0,2,FT
1076,2024-01-08,Friendly,,2024,,Botswana,Botswana,Mozambique,Mozambique,1,1,FT
1077,2024-01-08,Friendly,,2024,,Syria,Syria,Malaysia,Malaysia,2,2,FT
1078,2024-01-08,Friendly,,2024,,Senegal,Senegal,Niger,Niger,1,0,FT
1079,2024-01-08,Friendly,,2024,,Ghana,Ghana,Namibia,Namibia,0,0,FT
1080,2024-01-09,Friendly,,2024,,Japan,Japan,Jordan,Jordan,6,1,FT
1081,2024-01-09,Friendly,,2024,,Kyrgyzstan,Kyrgyzstan,Vietnam,Vietnam,2,1,FT
1082,2024-01-09,Friendly,,2024,,Zambia,Zambia,Cameroon,Cameroon,1,1,FT
1083,2024-01-09,Friendly,,2024,,Equatorial Guinea,Equatorial Guinea,Djibouti,Djibouti,1,1,FT
1084,2024-01-09,Friendly,,2024,,Saudi Arabia,Saudi Arabia,Palestine,Palestine,0,0,FT
1085,2024-01-09,Friendly,,2024,,Burundi,Burundi,Algeria,Algeria,0,4,FT
1086,2024-01-09,Friendly,,2024,,Indonesia,Indonesia,Iran,Iran,0,5,FT
1087,2024-01-10,Friendly,,2024,,South Africa,South Africa,Lesotho,Lesotho,0,0,FT
1088,2024-01-10,Friendly,,2024,,DR Congo,DR Congo,Burkina Faso,Burkina Faso,1,2,FT
1089,2024-01-10,Friendly,,2024,,Bahrain,Bahrain,Angola,Angola,0,3,FT
1090,2024-01-10,Friendly,,2024,,Saudi Arabia,Saudi Arabia,Hong Kong,Hong Kong,2,0,FT
1091,2024-01-10,Friendly,,2024,,Tunisia,Tunisia,Cape Verde,Cape Verde,2,0,FT
1092,2024-01-11,Friendly,,2024,,Morocco,Morocco,Sierra Leone,Sierra Leone,3,1,FT
1093,2024-01-12,AFC Asian Cup,,2024,,Qatar,Qatar,Lebanon,Lebanon,3,0,FT
1094,2024-01-12,Friendly,,2024,,Kuwait,Kuwait,Libya,Libya,1,3,FT
1095,2024-01-12,Friendly,,2024,,Sweden,Sweden,Estonia,Estonia,2,1,FT
1096,2024-01-13,AFC Asian Cup,,2024,,China,China,Tajikistan,Tajikistan,0,0,FT
1097,2024-01-13,AFC Asian Cup,,2024,,Australia,Australia,India,India,2,0,FT
1098,2024-01-13,AFC Asian Cup,,2024,,Uzbekistan,Uzbekistan,Syria,Syria,0,0,FT
1099,2024-01-13,African Cup of Nations,,2024,,Ivory Coast,Ivory Coast,Guinea-Bissau,Guinea-Bissau,2,0,FT
1100,2024-01-13,Friendly,,2024,,Guatemala,Guatemala,Iceland,Iceland,0,1,FT
1101,2024-01-14,AFC Asian Cup,,2024,,United Arab Emirates,United Arab Emirates,Hong Kong,Hong Kong,3,1,FT
1102,2024-01-14,AFC Asian Cup,,2024,,Iran,Iran,Palestine,Palestine,4,1,FT
1103,2024-01-14,AFC Asian Cup,,2024,,Japan,Japan,Vietnam,Vietnam,4,2,FT
1104,2024-01-14,African Cup of Nations,,2024,,Nigeria,Nigeria,Equatorial Guinea,Equatorial Guinea,1,1,FT
1105,2024-01-14,African Cup of Nations,,2024,,Egypt,Egypt,Mozambique,Mozambique,2,2,FT
1106,2024-01-14,African Cup of Nations,,2024,,Ghana,Ghana,Cape Verde,Cape Verde,1,2,FT
1107,2024-01-15,AFC Asian Cup,,2024,,Indonesia,Indonesia,Iraq,Iraq,1,3,FT
1108,2024-01-15,AFC Asian Cup,,2024,,South Korea,South Korea,Bahrain,Bahrain,3,1,FT
1109,2024-01-15,AFC Asian Cup,,2024,,Malaysia,Malaysia,Jordan,Jordan,0,4,FT
1110,2024-01-15,African Cup of Nations,,2024,,Senegal,Senegal,Gambia,Gambia,3,0,FT
1111,2024-01-15,African Cup of Nations,,2024,,Cameroon,Cameroon,Guinea,Guinea,1,1,FT
1112,2024-01-15,African Cup of Nations,,2024,,Algeria,Algeria,Angola,Angola,1,1,FT
1113,2024-01-16,AFC Asian Cup,,2024,,Thailand,Thailand,Kyrgyzstan,Kyrgyzstan,2,0,FT
1114,2024-01-16,AFC Asian Cup,,2024,,Saudi Arabia,Saudi Arabia,Oman,Oman,2,1,FT
1115,2024-01-16,African Cup of Nations,,2024,,Burkina Faso,Burkina Faso,Mauritania,Mauritania,1,0,FT
1116,2024-01-16,African Cup of Nations,,2024,,Tunisia,Tunisia,Namibia,Namibia,0,1,FT
1117,2024-01-16,African Cup of Nations,,2024,,Mali,Mali,South Africa,South Africa,2,0,FT
1118,2024-01-17,AFC Asian Cup,,2024,,Lebanon,Lebanon,China,China,0,0,FT
1119,2024-01-17,AFC Asian Cup,,2024,,Qatar,Qatar,Tajikistan,Tajikistan,1,0,FT
1120,2024-01-17,African Cup of Nations,,2024,,Morocco,Morocco,Tanzania,Tanzania,3,0,FT
1121,2024-01-17,African Cup of Nations,,2024,,DR Congo,DR Congo,Zambia,Zambia,1,1,FT
1122,2024-01-17,Friendly,,2024,,Honduras,Honduras,Iceland,Iceland,0,2,FT
1123,2024-01-18,AFC Asian Cup,,2024,,Syria,Syria,Australia,Australia,0,1,FT
1124,2024-01-18,AFC Asian Cup,,2024,,India,India,Uzbekistan,Uzbekistan,0,3,FT
1125,2024-01-18,AFC Asian Cup,,2024,,Palestine,Palestine,United Arab Emirates,United Arab Emirates,1,1,FT
1126,2024-01-18,African Cup of Nations,,2024,,Equatorial Guinea,Equatorial Guinea,Guinea-Bissau,Guinea-Bissau,4,2,FT
1127,2024-01-18,African Cup of Nations,,2024,,Ivory Coast,Ivory Coast,Nigeria,Nigeria,0,1,FT
1128,2024-01-18,African Cup of Nations,,2024,,Egypt,Egypt,Ghana,Ghana,2,2,FT
1129,2024-01-19,AFC Asian Cup,,2024,,Hong Kong,Hong Kong,Iran,Iran,0,1,FT
1130,2024-01-19,AFC Asian Cup,,2024,,Iraq,Iraq,Japan,Japan,2,1,FT
1131,2024-01-19,AFC Asian Cup,,2024,,Vietnam,Vietnam,Indonesia,Indonesia,0,1,FT
1132,2024-01-19,African Cup of Nations,,2024,,Cape Verde,Cape Verde,Mozambique,Mozambique,3,0,FT
1133,2024-01-19,African Cup of Nations,,2024,,Senegal,Senegal,Cameroon,Cameroon,3,1,FT
1134,2024-01-19,African Cup of Nations,,2024,,Guinea,Guinea,Gambia,Gambia,1,0,FT
1135,2024-01-19,Friendly,,2024,,Kuwait,Kuwait,Uganda,Uganda,0,2,FT
1136,2024-01-20,AFC Asian Cup,,2024,,Jordan,Jordan,South Korea,South Korea,2,2,FT
1137,2024-01-20,AFC Asian Cup,,2024,,Bahrain,Bahrain,Malaysia,Malaysia,1,0,FT
1138,2024-01-20,African Cup of Nations,,2024,,Algeria,Algeria,Burkina Faso,Burkina Faso,2,2,FT
1139,2024-01-20,African Cup of Nations,,2024,,Mauritania,Mauritania,Angola,Angola,2,3,FT
1140,2024-01-20,African Cup of Nations,,2024,,Tunisia,Tunisia,Mali,Mali,1,1,FT
1141,2024-01-20,Friendly,,2024,,United States,United States,Slovenia,Slovenia,0,1,FT
1142,2024-01-21,AFC Asian Cup,,2024,,Oman,Oman,Thailand,Thailand,0,0,FT
1143,2024-01-21,AFC Asian Cup,,2024,,Kyrgyzstan,Kyrgyzstan,Saudi Arabia,Saudi Arabia,0,2,FT
1144,2024-01-21,African Cup of Nations,,2024,,South Africa,South Africa,Namibia,Namibia,4,0,FT
1145,2024-01-21,African Cup of Nations,,2024,,Morocco,Morocco,DR Congo,DR Congo,1,1,FT
1146,2024-01-21,African Cup of Nations,,2024,,Zambia,Zambia,Tanzania,Tanzania,1,1,FT
1147,2024-01-22,AFC Asian Cup,,2024,,Qatar,Qatar,China,China,1,0,FT
1148,2024-01-22,AFC Asian Cup,,2024,,Tajikistan,Tajikistan,Lebanon,Lebanon,2,1,FT
1149,2024-01-22,African Cup of Nations,,2024,,Guinea-Bissau,Guinea-Bissau,Nigeria,Nigeria,0,1,FT
1150,2024-01-22,African Cup of Nations,,2024,,Ivory Coast,Ivory Coast,Equatorial Guinea,Equatorial Guinea,0,4,FT
1151,2024-01-22,African Cup of Nations,,2024,,Cape Verde,Cape Verde,Egypt,Egypt,2,2,FT
1152,2024-01-22,African Cup of Nations,,2024,,Mozambique,Mozambique,Ghana,Ghana,2,2,FT
1153,2024-01-23,AFC Asian Cup,,2024,,Australia,Australia,Uzbekistan,Uzbekistan,1,1,FT
1154,2024-01-23,AFC Asian Cup,,2024,,Syria,Syria,India,India,1,0,FT
1155,2024-01-23,AFC Asian Cup,,2024,,Hong Kong,Hong Kong,Palestine,Palestine,0,3,FT
1156,2024-01-23,AFC Asian Cup,,2024,,Iran,Iran,United Arab Emirates,United Arab Emirates,2,1,FT
1157,2024-01-23,African Cup of Nations,,2024,,Gambia,Gambia,Cameroon,Cameroon,2,3,FT
1158,2024-01-23,African Cup of Nations,,2024,,Guinea,Guinea,Senegal,Senegal,0,2,FT
1159,2024-01-23,African Cup of Nations,,2024,,Angola,Angola,Burkina Faso,Burkina Faso,2,0,FT
1160,2024-01-23,African Cup of Nations,,2024,,Mauritania,Mauritania,Algeria,Algeria,1,0,FT
1161,2024-01-24,AFC Asian Cup,,2024,,Iraq,Iraq,Vietnam,Vietnam,3,2,FT
1162,2024-01-24,AFC Asian Cup,,2024,,Japan,Japan,Indonesia,Indonesia,3,1,FT
1163,2024-01-24,African Cup of Nations,,2024,,Namibia,Namibia,Mali,Mali,0,0,FT
1164,2024-01-24,African Cup of Nations,,2024,,South Africa,South Africa,Tunisia,Tunisia,0,0,FT
1165,2024-01-24,African Cup of Nations,,2024,,Tanzania,Tanzania,DR Congo,DR Congo,0,0,FT
1166,2024-01-24,African Cup of Nations,,2024,,Zambia,Zambia,Morocco,Morocco,0,1,FT
1167,2024-01-25,AFC Asian Cup,,2024,,Jordan,Jordan,Bahrain,Bahrain,0,1,FT
1168,2024-01-25,AFC Asian Cup,,2024,,South Korea,South Korea,Malaysia,Malaysia,3,3,FT
1169,2024-01-25,AFC Asian Cup,,2024,,Kyrgyzstan,Kyrgyzstan,Oman,Oman,1,1,FT
1170,2024-01-25,AFC Asian Cup,,2024,,Saudi Arabia,Saudi Arabia,Thailand,Thailand,0,0,FT
1171,2024-01-27,African Cup of Nations,,2024,,Angola,Angola,Namibia,Namibia,3,0,FT
1172,2024-01-27,African Cup of Nations,,2024,,Nigeria,Nigeria,Cameroon,Cameroon,2,0,FT
1173,2024-01-28,AFC Asian Cup,,2024,,Australia,Australia,Indonesia,Indonesia,4,0,FT
1174,2024-01-28,AFC Asian Cup,,2024,,Tajikistan,Tajikistan,United Arab Emirates,United Arab Emirates,1,1,FT
1175,2024-01-28,African Cup of Nations,,2024,,Egypt,Egypt,DR Congo,DR Congo,1,1,FT
1176,2024-01-28,African Cup of Nations,,2024,,Equatorial Guinea,Equatorial Guinea,Guinea,Guinea,0,1,FT
1177,2024-01-29,AFC Asian Cup,,2024,,Iraq,Iraq,Jordan,Jordan,2,3,FT
1178,2024-01-29,AFC Asian Cup,,2024,,Qatar,Qatar,Palestine,Palestine,2,1,FT
1179,2024-01-29,African Cup of Nations,,2024,,Cape Verde,Cape Verde,Mauritania,Mauritania,1,0,FT
1180,2024-01-29,African Cup of Nations,,2024,,Ivory Coast,Ivory Coast,Senegal,Senegal,1,1,FT
1181,2024-01-30,AFC Asian Cup,,2024,,Saudi Arabia,Saudi Arabia,South Korea,South Korea,1,1,FT
1182,2024-01-30,AFC Asian Cup,,2024,,Uzbekistan,Uzbekistan,Thailand,Thailand,2,1,FT
1183,2024-01-30,African Cup of Nations,,2024,,Mali,Mali,Burkina Faso,Burkina Faso,2,1,FT
1184,2024-01-30,African Cup of Nations,,2024,,Morocco,Morocco,South Africa,South Africa,0,2,FT
1185,2024-01-31,AFC Asian Cup,,2024,,Bahrain,Bahrain,Japan,Japan,1,3,FT
1186,2024-01-31,AFC Asian Cup,,2024,,Iran,Iran,Syria,Syria,1,1,FT
1187,2024-02-02,AFC Asian Cup,,2024,,Australia,Australia,South Korea,South Korea,1,2,FT
1188,2024-02-02,AFC Asian Cup,,2024,,Tajikistan,Tajikistan,Jordan,Jordan,0,1,FT
1189,2024-02-02,African Cup of Nations,,2024,,DR Congo,DR Congo,Guinea,Guinea,3,1,FT
1190,2024-02-02,African Cup of Nations,,2024,,Nigeria,Nigeria,Angola,Angola,1,0,FT
1191,2024-02-03,AFC Asian Cup,,2024,,Iran,Iran,Japan,Japan,2,1,FT
1192,2024-02-03,AFC Asian Cup,,2024,,Qatar,Qatar,Uzbekistan,Uzbekistan,1,1,FT
1193,2024-02-03,African Cup of Nations,,2024,,Cape Verde,Cape Verde,South Africa,South Africa,0,0,FT
1194,2024-02-03,African Cup of Nations,,2024,,Ivory Coast,Ivory Coast,Mali,Mali,2,1,FT
1195,2024-02-03,Friendly,,2024,,Costa Rica,Costa Rica,El Salvador,El Salvador,2,0,FT
1196,2024-02-06,AFC Asian Cup,,2024,,Jordan,Jordan,South Korea,South Korea,2,0,FT
1197,2024-02-07,AFC Asian Cup,,2024,,Qatar,Qatar,Iran,Iran,3,2,FT
1198,2024-02-07,African Cup of Nations,,2024,,Ivory Coast,Ivory Coast,DR Congo,DR Congo,1,0,FT
1199,2024-02-07,African Cup of Nations,,2024,,Nigeria,Nigeria,South Africa,South Africa,1,1,FT
1200,2024-02-10,AFC Asian Cup,,2024,,Qatar,Qatar,Jordan,Jordan,3,1,FT
1201,2024-02-10,African Cup of Nations,,2024,,South Africa,South Africa,DR Congo,DR Congo,0,0,FT
1202,2024-02-11,African Cup of Nations,,2024,,Ivory Coast,Ivory Coast,Nigeria,Nigeria,2,1,FT
1203,2024-03-01,Friendly,,2024,,Trinidad and Tobago,Trinidad and Tobago,Jamaica,Jamaica,0,1,FT
1204,2024-03-03,Friendly,,2024,,Trinidad and Tobago,Trinidad and Tobago,Jamaica,Jamaica,0,0,FT
1205,2024-03-14,Friendly,,2024,,Kazakhstan,Kazakhstan,Turkmenistan,Turkmenistan,2,0,FT
1206,2024-03-18,Friendly,,2024,,Solomon Islands,Solomon Islands,Fiji,Fiji,2,1,FT
1207,2024-03-20,Friendly,,2024,,Bonaire,Bonaire,El Salvador,El Salvador,1,1,FT
1208,2024-03-20,Friendly,,2024,,San Marino,San Marino,Saint Kitts and Nevis,Saint Kitts and Nevis,1,3,FT
1209,2024-03-20,African Cup of Nations qualification,,2024,,Djibouti,Djibouti,Liberia,Liberia,0,2,FT
1210,2024-03-20,African Cup of Nations qualification,,2024,,Somalia,Somalia,Eswatini,Eswatini,0,3,FT
1211,2024-03-20,Oceania Nations Cup qualification,,2024,,Tonga,Tonga,Samoa,Samoa,1,4,FT
1212,2024-03-21,FIFA Series,,2024,,South Africa,South Africa,Andorra,Andorra,1,1,FT
1213,2024-03-21,FIFA Series,,2024,,Cape Verde,Cape Verde,Guyana,Guyana,1,0,FT
1214,2024-03-21,FIFA Series,,2024,,Guinea,Guinea,Vanuatu,Vanuatu,6,0,FT
1215,2024-03-21,CONCACAF Nations League,,2024,,Panama,Panama,Mexico,Mexico,0,3,FT
1216,2024-03-21,CONCACAF Nations League,,2024,,United States,United States,Jamaica,Jamaica,3,1,FT
1217,2024-03-21,UEFA Nations League,,2024,,Gibraltar,Gibraltar,Lithuania,Lithuania,0,1,FT
1218,2024-03-21,UEFA Euro qualification,,2024,,Poland,Poland,Estonia,Estonia,5,1,FT
1219,2024-03-21,UEFA Euro qualification,,2024,,Wales,Wales,Finland,Finland,4,1,FT
1220,2024-03-21,UEFA Euro qualification,,2024,,Israel,Israel,Iceland,Iceland,1,4,FT
1221,2024-03-21,UEFA Euro qualification,,2024,,Bosnia and Herzegovina,Bosnia and Herzegovina,Ukraine,Ukraine,1,2,FT
1222,2024-03-21,UEFA Euro qualification,,2024,,Georgia,Georgia,Luxembourg,Luxembourg,2,0,FT
1223,2024-03-21,UEFA Euro qualification,,2024,,Greece,Greece,Kazakhstan,Kazakhstan,5,0,FT
1224,2024-03-21,FIFA World Cup qualification,,2024,,Qatar,Qatar,Kuwait,Kuwait,3,0,FT
1225,2024-03-21,FIFA World Cup qualification,,2024,,Afghanistan,Afghanistan,India,India,0,0,FT
1226,2024-03-21,FIFA World Cup qualification,,2024,,Myanmar,Myanmar,Syria,Syria,1,1,FT
1227,2024-03-21,FIFA World Cup qualification,,2024,,Japan,Japan,North Korea,North Korea,1,0,FT
1228,2024-03-21,FIFA World Cup qualification,,2024,,South Korea,South Korea,Thailand,Thailand,1,1,FT
1229,2024-03-21,FIFA World Cup qualification,,2024,,Singapore,Singapore,China,China,2,2,FT
1230,2024-03-21,FIFA World Cup qualification,,2024,,Taiwan,Taiwan,Kyrgyzstan,Kyrgyzstan,0,2,FT
1231,2024-03-21,FIFA World Cup qualification,,2024,,Oman,Oman,Malaysia,Malaysia,2,0,FT
1232,2024-03-21,FIFA World Cup qualification,,2024,,Iran,Iran,Turkmenistan,Turkmenistan,5,0,FT
1233,2024-03-21,FIFA World Cup qualification,,2024,,Hong Kong,Hong Kong,Uzbekistan,Uzbekistan,0,2,FT
1234,2024-03-21,FIFA World Cup qualification,,2024,,Indonesia,Indonesia,Vietnam,Vietnam,1,0,FT
1235,2024-03-21,FIFA World Cup qualification,,2024,,Iraq,Iraq,Philippines,Philippines,1,0,FT
1236,2024-03-21,FIFA World Cup qualification,,2024,,Pakistan,Pakistan,Jordan,Jordan,0,3,FT
1237,2024-03-21,FIFA World Cup qualification,,2024,,Saudi Arabia,Saudi Arabia,Tajikistan,Tajikistan,1,0,FT
1238,2024-03-21,FIFA World Cup qualification,,2024,,Bahrain,Bahrain,Nepal,Nepal,5,0,FT
1239,2024-03-21,FIFA World Cup qualification,,2024,,United Arab Emirates,United Arab Emirates,Yemen,Yemen,2,1,FT
1240,2024-03-21,FIFA World Cup qualification,,2024,,Australia,Australia,Lebanon,Lebanon,2,0,FT
1241,2024-03-21,FIFA World Cup qualification,,2024,,Palestine,Palestine,Bangladesh,Bangladesh,5,0,FT
1242,2024-03-21,Friendly,,2024,,Belize,Belize,Puerto Rico,Puerto Rico,1,1,FT
1243,2024-03-21,Friendly,,2024,,Cyprus,Cyprus,Latvia,Latvia,1,1,FT
1244,2024-03-21,Friendly,,2024,,Ecuador,Ecuador,Guatemala,Guatemala,2,0,FT
1245,2024-03-21,Friendly,,2024,,Ethiopia,Ethiopia,Lesotho,Lesotho,1,2,FT
1246,2024-03-21,Friendly,,2024,,Malta,Malta,Slovenia,Slovenia,2,2,FT
1247,2024-03-21,Friendly,,2024,,Montenegro,Montenegro,Belarus,Belarus,2,0,FT
1248,2024-03-21,Friendly,,2024,,Portugal,Portugal,Sweden,Sweden,5,2,FT
1249,2024-03-21,Friendly,,2024,,Solomon Islands,Solomon Islands,Fiji,Fiji,0,2,FT
1250,2024-03-21,Friendly,,2024,,Venezuela,Venezuela,Italy,Italy,1,2,FT
1251,2024-03-22,FIFA Series,,2024,,Algeria,Algeria,Bolivia,Bolivia,3,2,FT
1252,2024-03-22,FIFA Series,,2024,,Azerbaijan,Azerbaijan,Mongolia,Mongolia,1,0,FT
1253,2024-03-22,FIFA Series,,2024,,Bulgaria,Bulgaria,Tanzania,Tanzania,1,0,FT
1254,2024-03-22,FIFA Series,,2024,,Egypt,Egypt,New Zealand,New Zealand,1,0,FT
1255,2024-03-22,FIFA Series,,2024,,Equatorial Guinea,Equatorial Guinea,Cambodia,Cambodia,2,0,FT
1256,2024-03-22,FIFA Series,,2024,,Brunei,Brunei,Bermuda,Bermuda,0,2,FT
1257,2024-03-22,FIFA Series,,2024,,Central African Republic,Central African Republic,Bhutan,Bhutan,6,0,FT
1258,2024-03-22,FIFA Series,,2024,,Sri Lanka,Sri Lanka,Papua New Guinea,Papua New Guinea,0,0,FT
1259,2024-03-22,FIFA World Cup qualification,,2024,,Anguilla,Anguilla,Turks and Caicos Islands,Turks and Caicos Islands,0,0,FT
1260,2024-03-22,FIFA World Cup qualification,,2024,,United States Virgin Islands,United States Virgin Islands,British Virgin Islands,British Virgin Islands,1,1,FT
1261,2024-03-22,Friendly,,2024,,Albania,Albania,Chile,Chile,0,3,FT
1262,2024-03-22,Friendly,,2024,,Argentina,Argentina,El Salvador,El Salvador,3,0,FT
1263,2024-03-22,Friendly,,2024,,Armenia,Armenia,Kosovo,Kosovo,0,1,FT
1264,2024-03-22,Friendly,,2024,,Burkina Faso,Burkina Faso,Libya,Libya,1,2,FT
1265,2024-03-22,Friendly,,2024,,Comoros,Comoros,Uganda,Uganda,4,0,FT
1266,2024-03-22,Friendly,,2024,,Hungary,Hungary,Turkey,Turkey,1,0,FT
1267,2024-03-22,Friendly,,2024,,Liechtenstein,Liechtenstein,Faroe Islands,Faroe Islands,0,4,FT
1268,2024-03-22,Friendly,,2024,,Mauritania,Mauritania,Mali,Mali,0,2,FT
1269,2024-03-22,Friendly,,2024,,Morocco,Morocco,Angola,Angola,1,0,FT
1270,2024-03-22,Friendly,,2024,,Netherlands,Netherlands,Scotland,Scotland,4,0,FT
1271,2024-03-22,Friendly,,2024,,Niger,Niger,Togo,Togo,1,2,FT
1272,2024-03-22,Friendly,,2024,,Nigeria,Nigeria,Ghana,Ghana,2,1,FT
1273,2024-03-22,Friendly,,2024,,North Macedonia,North Macedonia,Moldova,Moldova,1,1,FT
1274,2024-03-22,Friendly,,2024,,Norway,Norway,Czech Republic,Czech Republic,1,2,FT
1275,2024-03-22,Friendly,,2024,,Peru,Peru,Nicaragua,Nicaragua,2,0,FT
1276,2024-03-22,Friendly,,2024,,Romania,Romania,Northern Ireland,Northern Ireland,1,1,FT
1277,2024-03-22,Friendly,,2024,,Senegal,Senegal,Gabon,Gabon,3,0,FT
1278,2024-03-22,Friendly,,2024,,Spain,Spain,Colombia,Colombia,0,1,FT
1279,2024-03-22,African Cup of Nations qualification,,2024,,Chad,Chad,Mauritius,Mauritius,1,0,FT
1280,2024-03-22,African Cup of Nations qualification,,2024,,São Tomé and Príncipe,São Tomé and Príncipe,South Sudan,South Sudan,1,1,FT
1281,2024-03-23,FIFA Series,,2024,,Tunisia,Tunisia,Croatia,Croatia,0,0,FT
1282,2024-03-23,Copa América qualification,,2024,,Canada,Canada,Trinidad and Tobago,Trinidad and Tobago,2,0,FT
1283,2024-03-23,Copa América qualification,,2024,,Costa Rica,Costa Rica,Honduras,Honduras,3,1,FT
1284,2024-03-23,Friendly,,2024,,Denmark,Denmark,Switzerland,Switzerland,0,0,FT
1285,2024-03-23,Friendly,,2024,,Dominican Republic,Dominican Republic,Aruba,Aruba,2,0,FT
1286,2024-03-23,Friendly,,2024,,England,England,Brazil,Brazil,0,1,FT
1287,2024-03-23,Friendly,,2024,,France,France,Germany,Germany,0,2,FT
1288,2024-03-23,Friendly,,2024,,Ivory Coast,Ivory Coast,Benin,Benin,2,2,FT
1289,2024-03-23,Friendly,,2024,,Republic of Ireland,Republic of Ireland,Belgium,Belgium,0,0,FT
1290,2024-03-23,Friendly,,2024,,Slovakia,Slovakia,Austria,Austria,0,2,FT
1291,2024-03-23,Oceania Nations Cup qualification,,2024,,Samoa,Samoa,Cook Islands,Cook Islands,1,0,FT
1292,2024-03-24,CONCACAF Nations League,,2024,,Jamaica,Jamaica,Panama,Panama,1,0,FT
1293,2024-03-24,CONCACAF Nations League,,2024,,United States,United States,Mexico,Mexico,2,0,FT
1294,2024-03-24,Friendly,,2024,,Belize,Belize,Puerto Rico,Puerto Rico,3,0,FT
1295,2024-03-24,Friendly,,2024,,Ecuador,Ecuador,Italy,Italy,0,2,FT
1296,2024-03-24,Friendly,,2024,,Ethiopia,Ethiopia,Lesotho,Lesotho,2,1,FT
1297,2024-03-24,Friendly,,2024,,Guatemala,Guatemala,Venezuela,Venezuela,0,0,FT
1298,2024-03-24,Friendly,,2024,,San Marino,San Marino,Saint Kitts and Nevis,Saint Kitts and Nevis,0,0,FT
1299,2024-03-24,Friendly,,2024,,Suriname,Suriname,Martinique,Martinique,1,1,FT
1300,2024-03-25,FIFA Series,,2024,,Bolivia,Bolivia,Andorra,Andorra,1,0,FT
1301,2024-03-25,FIFA Series,,2024,,Azerbaijan,Azerbaijan,Bulgaria,Bulgaria,1,1,FT
1302,2024-03-25,FIFA Series,,2024,,Tanzania,Tanzania,Mongolia,Mongolia,3,0,FT
1303,2024-03-25,FIFA Series,,2024,,Cape Verde,Cape Verde,Equatorial Guinea,Equatorial Guinea,1,0,FT
1304,2024-03-25,FIFA Series,,2024,,Bermuda,Bermuda,Guinea,Guinea,1,5,FT
1305,2024-03-25,FIFA Series,,2024,,Central African Republic,Central African Republic,Papua New Guinea,Papua New Guinea,4,0,FT
1306,2024-03-25,FIFA Series,,2024,,Sri Lanka,Sri Lanka,Bhutan,Bhutan,2,0,FT
1307,2024-03-25,Friendly,,2024,,Comoros,Comoros,Angola,Angola,0,0,FT
1308,2024-03-25,Friendly,,2024,,Cyprus,Cyprus,Serbia,Serbia,0,1,FT
1309,2024-03-25,Friendly,,2024,,Gabon,Gabon,Congo,Congo,1,1,FT
1310,2024-03-25,Friendly,,2024,,Montenegro,Montenegro,North Macedonia,North Macedonia,1,0,FT
1311,2024-03-25,Friendly,,2024,,Sweden,Sweden,Albania,Albania,1,0,FT
1312,2024-03-26,FIFA Series,,2024,,Algeria,Algeria,South Africa,South Africa,3,3,FT
1313,2024-03-26,FIFA Series,,2024,,Egypt,Egypt,Croatia,Croatia,2,4,FT
1314,2024-03-26,FIFA Series,,2024,,New Zealand,New Zealand,Tunisia,Tunisia,0,0,FT
1315,2024-03-26,FIFA Series,,2024,,Cambodia,Cambodia,Guyana,Guyana,1,4,FT
1316,2024-03-26,FIFA Series,,2024,,Brunei,Brunei,Vanuatu,Vanuatu,3,2,FT
1317,2024-03-26,UEFA Nations League,,2024,,Lithuania,Lithuania,Gibraltar,Gibraltar,1,0,FT
1318,2024-03-26,UEFA Euro qualification,,2024,,Wales,Wales,Poland,Poland,0,0,FT
1319,2024-03-26,UEFA Euro qualification,,2024,,Ukraine,Ukraine,Iceland,Iceland,2,1,FT
1320,2024-03-26,UEFA Euro qualification,,2024,,Georgia,Georgia,Greece,Greece,0,0,FT
1321,2024-03-26,FIFA World Cup qualification,,2024,,India,India,Afghanistan,Afghanistan,1,2,FT
1322,2024-03-26,FIFA World Cup qualification,,2024,,Kuwait,Kuwait,Qatar,Qatar,1,2,FT
1323,2024-03-26,FIFA World Cup qualification,,2024,,Syria,Syria,Myanmar,Myanmar,7,0,FT
1324,2024-03-26,FIFA World Cup qualification,,2024,,Thailand,Thailand,South Korea,South Korea,0,3,FT
1325,2024-03-26,FIFA World Cup qualification,,2024,,China,China,Singapore,Singapore,4,1,FT
1326,2024-03-26,FIFA World Cup qualification,,2024,,Kyrgyzstan,Kyrgyzstan,Taiwan,Taiwan,5,1,FT
1327,2024-03-26,FIFA World Cup qualification,,2024,,Malaysia,Malaysia,Oman,Oman,0,2,FT
1328,2024-03-26,FIFA World Cup qualification,,2024,,Uzbekistan,Uzbekistan,Hong Kong,Hong Kong,3,0,FT
1329,2024-03-26,FIFA World Cup qualification,,2024,,Turkmenistan,Turkmenistan,Iran,Iran,0,1,FT
1330,2024-03-26,FIFA World Cup qualification,,2024,,Philippines,Philippines,Iraq,Iraq,0,5,FT
1331,2024-03-26,FIFA World Cup qualification,,2024,,Vietnam,Vietnam,Indonesia,Indonesia,0,3,FT
1332,2024-03-26,FIFA World Cup qualification,,2024,,Tajikistan,Tajikistan,Saudi Arabia,Saudi Arabia,1,1,FT
1333,2024-03-26,FIFA World Cup qualification,,2024,,Jordan,Jordan,Pakistan,Pakistan,7,0,FT
1334,2024-03-26,FIFA World Cup qualification,,2024,,Bahrain,Bahrain,Nepal,Nepal,3,0,FT
1335,2024-03-26,FIFA World Cup qualification,,2024,,Yemen,Yemen,United Arab Emirates,United Arab Emirates,0,3,FT
1336,2024-03-26,FIFA World Cup qualification,,2024,,Bangladesh,Bangladesh,Palestine,Palestine,0,1,FT
1337,2024-03-26,FIFA World Cup qualification,,2024,,Australia,Australia,Lebanon,Lebanon,5,0,FT
1338,2024-03-26,FIFA World Cup qualification,,2024,,British Virgin Islands,British Virgin Islands,United States Virgin Islands,United States Virgin Islands,0,0,FT
1339,2024-03-26,FIFA World Cup qualification,,2024,,Turks and Caicos Islands,Turks and Caicos Islands,Anguilla,Anguilla,1,1,FT
1340,2024-03-26,Friendly,,2024,,Argentina,Argentina,Costa Rica,Costa Rica,3,1,FT
1341,2024-03-26,Friendly,,2024,,Austria,Austria,Turkey,Turkey,6,1,FT
1342,2024-03-26,Friendly,,2024,,Colombia,Colombia,Romania,Romania,3,2,FT
1343,2024-03-26,Friendly,,2024,,Czech Republic,Czech Republic,Armenia,Armenia,2,1,FT
1344,2024-03-26,Friendly,,2024,,Denmark,Denmark,Faroe Islands,Faroe Islands,2,0,FT
1345,2024-03-26,Friendly,,2024,,El Salvador,El Salvador,Honduras,Honduras,1,1,FT
1346,2024-03-26,Friendly,,2024,,England,England,Belgium,Belgium,2,2,FT
1347,2024-03-26,Friendly,,2024,,France,France,Chile,Chile,3,2,FT
1348,2024-03-26,Friendly,,2024,,Germany,Germany,Netherlands,Netherlands,2,1,FT
1349,2024-03-26,Friendly,,2024,,Hungary,Hungary,Kosovo,Kosovo,2,0,FT
1350,2024-03-26,Friendly,,2024,,Ivory Coast,Ivory Coast,Uruguay,Uruguay,2,1,FT
1351,2024-03-26,Friendly,,2024,,Latvia,Latvia,Liechtenstein,Liechtenstein,1,1,FT
1352,2024-03-26,Friendly,,2024,,Malta,Malta,Belarus,Belarus,0,0,FT
1353,2024-03-26,Friendly,,2024,,Morocco,Morocco,Mauritania,Mauritania,0,0,FT
1354,2024-03-26,Friendly,,2024,,Nicaragua,Nicaragua,Cuba,Cuba,0,1,FT
1355,2024-03-26,Friendly,,2024,,Norway,Norway,Slovakia,Slovakia,1,1,FT
1356,2024-03-26,Friendly,,2024,,Peru,Peru,Dominican Republic,Dominican Republic,4,1,FT
1357,2024-03-26,Friendly,,2024,,Republic of Ireland,Republic of Ireland,Switzerland,Switzerland,0,1,FT
1358,2024-03-26,Friendly,,2024,,Scotland,Scotland,Northern Ireland,Northern Ireland,0,1,FT
1359,2024-03-26,Friendly,,2024,,Senegal,Senegal,Benin,Benin,1,0,FT
1360,2024-03-26,Friendly,,2024,,Slovenia,Slovenia,Portugal,Portugal,2,0,FT
1361,2024-03-26,Friendly,,2024,,Spain,Spain,Brazil,Brazil,3,3,FT
1362,2024-03-26,Friendly,,2024,,Finland,Finland,Estonia,Estonia,2,1,FT
1363,2024-03-26,African Cup of Nations qualification,,2024,,Liberia,Liberia,Djibouti,Djibouti,0,0,FT
1364,2024-03-26,African Cup of Nations qualification,,2024,,Eswatini,Eswatini,Somalia,Somalia,2,2,FT
1365,2024-03-26,African Cup of Nations qualification,,2024,,Mauritius,Mauritius,Chad,Chad,1,2,FT
1366,2024-03-26,African Cup of Nations qualification,,2024,,South Sudan,South Sudan,São Tomé and Príncipe,São Tomé and Príncipe,0,0,FT
1367,2024-03-26,Oceania Nations Cup qualification,,2024,,Tonga,Tonga,Cook Islands,Cook Islands,0,1,FT
1368,2024-04-06,Marianas Cup,,2024,,Northern Mariana Islands,Northern Mariana Islands,Guam,Guam,2,2,FT
1369,2024-04-07,Marianas Cup,,2024,,Northern Mariana Islands,Northern Mariana Islands,Guam,Guam,2,1,FT
1370,2024-04-14,Friendly,,2024,,Trinidad and Tobago,Trinidad and Tobago,Guyana,Guyana,2,1,FT
1371,2024-04-16,Friendly,,2024,,Trinidad and Tobago,Trinidad and Tobago,Guyana,Guyana,2,0,FT
1372,2024-04-26,Friendly,,2024,,Grenada,Grenada,Saint Vincent and the Grenadines,Saint Vincent and the Grenadines,0,3,FT
1373,2024-04-26,Friendly,,2024,,Guatemala,Guatemala,Nicaragua,Nicaragua,1,1,FT
1374,2024-05-21,Friendly,,2024,,Galicia,Galicia,Panama,Panama,0,2,FT
1375,2024-05-21,Friendly,,2024,,Basque Country,Basque Country,Uruguay,Uruguay,1,1,FT
1376,2024-05-31,Friendly,,2024,,Bolivia,Bolivia,Mexico,Mexico,0,1,FT
1377,2024-05-31,Friendly,,2024,,Costa Rica,Costa Rica,Uruguay,Uruguay,0,0,FT
1378,2024-06-01,Friendly,,2024,,Greenland,Greenland,Turkmenistan,Turkmenistan,0,5,FT
1379,2024-06-02,Friendly,,2024,,Indonesia,Indonesia,Tanzania,Tanzania,0,0,FT
1380,2024-06-03,Friendly,,2024,,Albania,Albania,Liechtenstein,Liechtenstein,3,0,FT
1381,2024-06-03,Friendly,,2024,,Croatia,Croatia,North Macedonia,North Macedonia,3,0,FT
1382,2024-06-03,Friendly,,2024,,England,England,Bosnia and Herzegovina,Bosnia and Herzegovina,3,0,FT
1383,2024-06-03,Friendly,,2024,,Germany,Germany,Ukraine,Ukraine,0,0,FT
1384,2024-06-03,Friendly,,2024,,Gibraltar,Gibraltar,Scotland,Scotland,0,2,FT
1385,2024-06-04,Friendly,,2024,,Austria,Austria,Serbia,Serbia,2,1,FT
1386,2024-06-04,Friendly,,2024,,Italy,Italy,Turkey,Turkey,0,0,FT
1387,2024-06-04,Friendly,,2024,,Portugal,Portugal,Finland,Finland,4,2,FT
1388,2024-06-04,Friendly,,2024,,Republic of Ireland,Republic of Ireland,Hungary,Hungary,2,1,FT
1389,2024-06-04,Friendly,,2024,,Romania,Romania,Bulgaria,Bulgaria,0,0,FT
1390,2024-06-04,Friendly,,2024,,Slovenia,Slovenia,Armenia,Armenia,2,1,FT
1391,2024-06-04,Friendly,,2024,,Switzerland,Switzerland,Estonia,Estonia,4,0,FT
1392,2024-06-05,Friendly,,2024,,Belgium,Belgium,Montenegro,Montenegro,2,0,FT
1393,2024-06-05,Friendly,,2024,,Denmark,Denmark,Sweden,Sweden,2,1,FT
1394,2024-06-05,Friendly,,2024,,France,France,Luxembourg,Luxembourg,3,0,FT
1395,2024-06-05,Friendly,,2024,,Mexico,Mexico,Uruguay,Uruguay,0,4,FT
1396,2024-06-05,Friendly,,2024,,Norway,Norway,Kosovo,Kosovo,3,0,FT
1397,2024-06-05,Friendly,,2024,,San Marino,San Marino,Slovakia,Slovakia,0,4,FT
1398,2024-06-05,Friendly,,2024,,Spain,Spain,Andorra,Andorra,5,0,FT
1399,2024-06-05,FIFA World Cup qualification,,2024,,Sierra Leone,Sierra Leone,Djibouti,Djibouti,2,1,FT
1400,2024-06-05,FIFA World Cup qualification,,2024,,Togo,Togo,South Sudan,South Sudan,1,1,FT
1401,2024-06-05,FIFA World Cup qualification,,2024,,Namibia,Namibia,Liberia,Liberia,1,1,FT
1402,2024-06-05,FIFA World Cup qualification,,2024,,Tunisia,Tunisia,Equatorial Guinea,Equatorial Guinea,1,0,FT
1403,2024-06-05,FIFA World Cup qualification,,2024,,Central African Republic,Central African Republic,Chad,Chad,1,0,FT
1404,2024-06-05,FIFA World Cup qualification,,2024,,Antigua and Barbuda,Antigua and Barbuda,Bermuda,Bermuda,1,1,FT
1405,2024-06-05,FIFA World Cup qualification,,2024,,Trinidad and Tobago,Trinidad and Tobago,Grenada,Grenada,2,2,FT
1406,2024-06-05,FIFA World Cup qualification,,2024,,Curaçao,Curaçao,Barbados,Barbados,4,1,FT
1407,2024-06-05,FIFA World Cup qualification,,2024,,Nicaragua,Nicaragua,Montserrat,Montserrat,4,1,FT
1408,2024-06-05,FIFA World Cup qualification,,2024,,Guatemala,Guatemala,Dominica,Dominica,6,0,FT
1409,2024-06-05,FIFA World Cup qualification,,2024,,Suriname,Suriname,Saint Vincent and the Grenadines,Saint Vincent and the Grenadines,4,1,FT
1410,2024-06-06,Friendly,,2024,,Gibraltar,Gibraltar,Wales,Wales,0,0,FT
1411,2024-06-06,Friendly,,2024,,Netherlands,Netherlands,Canada,Canada,4,0,FT
1412,2024-06-06,FIFA World Cup qualification,,2024,,Guinea-Bissau,Guinea-Bissau,Ethiopia,Ethiopia,0,0,FT
1413,2024-06-06,FIFA World Cup qualification,,2024,,Egypt,Egypt,Burkina Faso,Burkina Faso,2,1,FT
1414,2024-06-06,FIFA World Cup qualification,,2024,,Mauritania,Mauritania,Sudan,Sudan,0,2,FT
1415,2024-06-06,FIFA World Cup qualification,,2024,,Senegal,Senegal,DR Congo,DR Congo,1,1,FT
1416,2024-06-06,FIFA World Cup qualification,,2024,,Benin,Benin,Rwanda,Rwanda,1,0,FT
1417,2024-06-06,FIFA World Cup qualification,,2024,,Libya,Libya,Mauritius,Mauritius,2,1,FT
1418,2024-06-06,FIFA World Cup qualification,,2024,,Algeria,Algeria,Guinea,Guinea,1,2,FT
1419,2024-06-06,FIFA World Cup qualification,,2024,,Malawi,Malawi,São Tomé and Príncipe,São Tomé and Príncipe,3,1,FT
1420,2024-06-06,FIFA World Cup qualification,,2024,,Mali,Mali,Ghana,Ghana,1,2,FT
1421,2024-06-06,FIFA World Cup qualification,,2024,,Afghanistan,Afghanistan,Qatar,Qatar,0,0,FT
1422,2024-06-06,FIFA World Cup qualification,,2024,,India,India,Kuwait,Kuwait,0,0,FT
1423,2024-06-06,FIFA World Cup qualification,,2024,,Myanmar,Myanmar,Japan,Japan,0,5,FT
1424,2024-06-06,FIFA World Cup qualification,,2024,,North Korea,North Korea,Syria,Syria,1,0,FT
1425,2024-06-06,FIFA World Cup qualification,,2024,,China,China,Thailand,Thailand,1,1,FT
1426,2024-06-06,FIFA World Cup qualification,,2024,,Singapore,Singapore,South Korea,South Korea,0,7,FT
1427,2024-06-06,FIFA World Cup qualification,,2024,,Taiwan,Taiwan,Oman,Oman,0,3,FT
1428,2024-06-06,FIFA World Cup qualification,,2024,,Kyrgyzstan,Kyrgyzstan,Malaysia,Malaysia,1,1,FT
1429,2024-06-06,FIFA World Cup qualification,,2024,,Uzbekistan,Uzbekistan,Turkmenistan,Turkmenistan,3,1,FT
1430,2024-06-06,FIFA World Cup qualification,,2024,,Hong Kong,Hong Kong,Iran,Iran,2,4,FT
1431,2024-06-06,FIFA World Cup qualification,,2024,,Indonesia,Indonesia,Iraq,Iraq,0,2,FT
1432,2024-06-06,FIFA World Cup qualification,,2024,,Vietnam,Vietnam,Philippines,Philippines,3,2,FT
1433,2024-06-06,FIFA World Cup qualification,,2024,,Jordan,Jordan,Tajikistan,Tajikistan,3,0,FT
1434,2024-06-06,FIFA World Cup qualification,,2024,,Pakistan,Pakistan,Saudi Arabia,Saudi Arabia,0,3,FT
1435,2024-06-06,FIFA World Cup qualification,,2024,,Nepal,Nepal,United Arab Emirates,United Arab Emirates,0,4,FT
1436,2024-06-06,FIFA World Cup qualification,,2024,,Bahrain,Bahrain,Yemen,Yemen,0,0,FT
1437,2024-06-06,FIFA World Cup qualification,,2024,,Bangladesh,Bangladesh,Australia,Australia,0,2,FT
1438,2024-06-06,FIFA World Cup qualification,,2024,,Palestine,Palestine,Lebanon,Lebanon,0,0,FT
1439,2024-06-06,FIFA World Cup qualification,,2024,,Honduras,Honduras,Cuba,Cuba,3,1,FT
1440,2024-06-06,FIFA World Cup qualification,,2024,,Costa Rica,Costa Rica,Saint Kitts and Nevis,Saint Kitts and Nevis,4,0,FT
1441,2024-06-06,FIFA World Cup qualification,,2024,,Haiti,Haiti,Saint Lucia,Saint Lucia,2,1,FT
1442,2024-06-06,FIFA World Cup qualification,,2024,,Panama,Panama,Guyana,Guyana,2,0,FT
1443,2024-06-06,FIFA World Cup qualification,,2024,,Jamaica,Jamaica,Dominican Republic,Dominican Republic,1,0,FT
1444,2024-06-06,FIFA World Cup qualification,,2024,,El Salvador,El Salvador,Puerto Rico,Puerto Rico,0,0,FT
1445,2024-06-07,Friendly,,2024,,Albania,Albania,Azerbaijan,Azerbaijan,3,1,FT
1446,2024-06-07,Friendly,,2024,,Armenia,Armenia,Kazakhstan,Kazakhstan,2,1,FT
1447,2024-06-07,Friendly,,2024,,Belarus,Belarus,Russia,Russia,0,4,FT
1448,2024-06-07,Friendly,,2024,,Cambodia,Cambodia,Mongolia,Mongolia,2,0,FT
1449,2024-06-07,Friendly,,2024,,Czech Republic,Czech Republic,Malta,Malta,7,1,FT
1450,2024-06-07,Friendly,,2024,,England,England,Iceland,Iceland,0,1,FT
1451,2024-06-07,Friendly,,2024,,Germany,Germany,Greece,Greece,2,1,FT
1452,2024-06-07,Friendly,,2024,,Peru,Peru,Paraguay,Paraguay,0,0,FT
1453,2024-06-07,Friendly,,2024,,Poland,Poland,Ukraine,Ukraine,3,1,FT
1454,2024-06-07,Friendly,,2024,,Romania,Romania,Liechtenstein,Liechtenstein,0,0,FT
1455,2024-06-07,Friendly,,2024,,Scotland,Scotland,Finland,Finland,2,2,FT
1456,2024-06-07,FIFA World Cup qualification,,2024,,Zimbabwe,Zimbabwe,Lesotho,Lesotho,0,2,FT
1457,2024-06-07,FIFA World Cup qualification,,2024,,Nigeria,Nigeria,South Africa,South Africa,1,1,FT
1458,2024-06-07,FIFA World Cup qualification,,2024,,Angola,Angola,Eswatini,Eswatini,1,0,FT
1459,2024-06-07,FIFA World Cup qualification,,2024,,Morocco,Morocco,Zambia,Zambia,2,1,FT
1460,2024-06-07,FIFA World Cup qualification,,2024,,Kenya,Kenya,Burundi,Burundi,1,1,FT
1461,2024-06-07,FIFA World Cup qualification,,2024,,Ivory Coast,Ivory Coast,Gabon,Gabon,1,0,FT
1462,2024-06-07,FIFA World Cup qualification,,2024,,Mozambique,Mozambique,Somalia,Somalia,2,1,FT
1463,2024-06-07,FIFA World Cup qualification,,2024,,Uganda,Uganda,Botswana,Botswana,1,0,FT
1464,2024-06-07,FIFA World Cup qualification,,2024,,Madagascar,Madagascar,Comoros,Comoros,2,1,FT
1465,2024-06-08,Friendly,,2024,,Brunei,Brunei,Sri Lanka,Sri Lanka,1,0,FT
1466,2024-06-08,Baltic Cup,,2024,,Latvia,Latvia,Lithuania,Lithuania,0,2,FT
1467,2024-06-08,Baltic Cup,,2024,,Estonia,Estonia,Faroe Islands,Faroe Islands,4,1,FT
1468,2024-06-08,Friendly,,2024,,Belgium,Belgium,Luxembourg,Luxembourg,3,0,FT
1469,2024-06-08,Friendly,,2024,,Denmark,Denmark,Norway,Norway,3,1,FT
1470,2024-06-08,Friendly,,2024,,Hungary,Hungary,Israel,Israel,3,0,FT
1471,2024-06-08,Friendly,,2024,,Mexico,Mexico,Brazil,Brazil,2,3,FT
1472,2024-06-08,Friendly,,2024,,Moldova,Moldova,Cyprus,Cyprus,3,2,FT
1473,2024-06-08,Friendly,,2024,,Portugal,Portugal,Croatia,Croatia,1,2,FT
1474,2024-06-08,Friendly,,2024,,Slovenia,Slovenia,Bulgaria,Bulgaria,1,1,FT
1475,2024-06-08,Friendly,,2024,,Spain,Spain,Northern Ireland,Northern Ireland,5,1,FT
1476,2024-06-08,Friendly,,2024,,Sweden,Sweden,Serbia,Serbia,0,3,FT
1477,2024-06-08,Friendly,,2024,,Switzerland,Switzerland,Austria,Austria,1,1,FT
1478,2024-06-08,Friendly,,2024,,United States,United States,Colombia,Colombia,1,5,FT
1479,2024-06-08,FIFA World Cup qualification,,2024,,Cameroon,Cameroon,Cape Verde,Cape Verde,4,1,FT
1480,2024-06-08,FIFA World Cup qualification,,2024,,Gambia,Gambia,Seychelles,Seychelles,5,1,FT
1481,2024-06-08,FIFA World Cup qualification,,2024,,Cayman Islands,Cayman Islands,Antigua and Barbuda,Antigua and Barbuda,1,0,FT
1482,2024-06-08,FIFA World Cup qualification,,2024,,Bahamas,Bahamas,Trinidad and Tobago,Trinidad and Tobago,1,7,FT
1483,2024-06-08,FIFA World Cup qualification,,2024,,Aruba,Aruba,Curaçao,Curaçao,0,2,FT
1484,2024-06-08,FIFA World Cup qualification,,2024,,Belize,Belize,Nicaragua,Nicaragua,0,4,FT
1485,2024-06-08,FIFA World Cup qualification,,2024,,British Virgin Islands,British Virgin Islands,Guatemala,Guatemala,0,3,FT
1486,2024-06-08,FIFA World Cup qualification,,2024,,Anguilla,Anguilla,Suriname,Suriname,0,4,FT
1487,2024-06-09,Friendly,,2024,,Argentina,Argentina,Ecuador,Ecuador,1,0,FT
1488,2024-06-09,Friendly,,2024,,France,France,Canada,Canada,0,0,FT
1489,2024-06-09,Friendly,,2024,,Italy,Italy,Bosnia and Herzegovina,Bosnia and Herzegovina,1,0,FT
1490,2024-06-09,Friendly,,2024,,Montenegro,Montenegro,Georgia,Georgia,1,3,FT
1491,2024-06-09,Friendly,,2024,,Slovakia,Slovakia,Wales,Wales,4,0,FT
1492,2024-06-09,FIFA World Cup qualification,,2024,,Djibouti,Djibouti,Ethiopia,Ethiopia,1,1,FT
1493,2024-06-09,FIFA World Cup qualification,,2024,,Mauritania,Mauritania,Senegal,Senegal,0,1,FT
1494,2024-06-09,FIFA World Cup qualification,,2024,,DR Congo,DR Congo,Togo,Togo,1,0,FT
1495,2024-06-09,FIFA World Cup qualification,,2024,,São Tomé and Príncipe,São Tomé and Príncipe,Liberia,Liberia,0,1,FT
1496,2024-06-09,FIFA World Cup qualification,,2024,,Namibia,Namibia,Tunisia,Tunisia,0,0,FT
1497,2024-06-09,FIFA World Cup qualification,,2024,,Bermuda,Bermuda,Honduras,Honduras,1,6,FT
1498,2024-06-09,FIFA World Cup qualification,,2024,,Grenada,Grenada,Costa Rica,Costa Rica,0,3,FT
1499,2024-06-09,FIFA World Cup qualification,,2024,,Barbados,Barbados,Haiti,Haiti,1,3,FT
1500,2024-06-09,FIFA World Cup qualification,,2024,,Montserrat,Montserrat,Panama,Panama,1,3,FT
1501,2024-06-09,FIFA World Cup qualification,,2024,,Dominica,Dominica,Jamaica,Jamaica,2,3,FT
1502,2024-06-09,FIFA World Cup qualification,,2024,,Saint Vincent and the Grenadines,Saint Vincent and the Grenadines,El Salvador,El Salvador,1,3,FT
1503,2024-06-10,Friendly,,2024,,Czech Republic,Czech Republic,North Macedonia,North Macedonia,2,1,FT
1504,2024-06-10,Friendly,,2024,,Netherlands,Netherlands,Iceland,Iceland,4,0,FT
1505,2024-06-10,Friendly,,2024,,Poland,Poland,Turkey,Turkey,2,1,FT
1506,2024-06-10,FIFA World Cup qualification,,2024,,Guinea-Bissau,Guinea-Bissau,Egypt,Egypt,1,1,FT
1507,2024-06-10,FIFA World Cup qualification,,2024,,Burkina Faso,Burkina Faso,Sierra Leone,Sierra Leone,2,2,FT
1508,2024-06-10,FIFA World Cup qualification,,2024,,Benin,Benin,Nigeria,Nigeria,2,1,FT
1509,2024-06-10,FIFA World Cup qualification,,2024,,Somalia,Somalia,Botswana,Botswana,1,3,FT
1510,2024-06-10,FIFA World Cup qualification,,2024,,Uganda,Uganda,Algeria,Algeria,1,2,FT
1511,2024-06-10,FIFA World Cup qualification,,2024,,Guinea,Guinea,Mozambique,Mozambique,0,1,FT
1512,2024-06-10,FIFA World Cup qualification,,2024,,Equatorial Guinea,Equatorial Guinea,Malawi,Malawi,1,0,FT
1513,2024-06-10,FIFA World Cup qualification,,2024,,Ghana,Ghana,Central African Republic,Central African Republic,4,3,FT
1514,2024-06-11,Baltic Cup,,2024,,Latvia,Latvia,Faroe Islands,Faroe Islands,1,0,FT
1515,2024-06-11,Baltic Cup,,2024,,Lithuania,Lithuania,Estonia,Estonia,1,1,FT
1516,2024-06-11,Friendly,,2024,,Brunei,Brunei,Sri Lanka,Sri Lanka,1,0,FT
1517,2024-06-11,Friendly,,2024,,Andorra,Andorra,Northern Ireland,Northern Ireland,0,2,FT
1518,2024-06-11,Friendly,,2024,,Azerbaijan,Azerbaijan,Kazakhstan,Kazakhstan,3,2,FT
1519,2024-06-11,Friendly,,2024,,Chile,Chile,Paraguay,Paraguay,3,0,FT
1520,2024-06-11,Friendly,,2024,,Greece,Greece,Malta,Malta,2,0,FT
1521,2024-06-11,Friendly,,2024,,Israel,Israel,Belarus,Belarus,4,0,FT
1522,2024-06-11,Friendly,,2024,,Moldova,Moldova,Ukraine,Ukraine,0,4,FT
1523,2024-06-11,Friendly,,2024,,Mongolia,Mongolia,Cambodia,Cambodia,2,1,FT
1524,2024-06-11,Friendly,,2024,,Portugal,Portugal,Republic of Ireland,Republic of Ireland,3,0,FT
1525,2024-06-11,Friendly,,2024,,San Marino,San Marino,Cyprus,Cyprus,1,4,FT
1526,2024-06-11,FIFA World Cup qualification,,2024,,South Sudan,South Sudan,Sudan,Sudan,0,3,FT
1527,2024-06-11,FIFA World Cup qualification,,2024,,Lesotho,Lesotho,Rwanda,Rwanda,0,1,FT
1528,2024-06-11,FIFA World Cup qualification,,2024,,South Africa,South Africa,Zimbabwe,Zimbabwe,3,1,FT
1529,2024-06-11,FIFA World Cup qualification,,2024,,Cape Verde,Cape Verde,Libya,Libya,1,0,FT
1530,2024-06-11,FIFA World Cup qualification,,2024,,Mauritius,Mauritius,Eswatini,Eswatini,2,1,FT
1531,2024-06-11,FIFA World Cup qualification,,2024,,Angola,Angola,Cameroon,Cameroon,1,1,FT
1532,2024-06-11,FIFA World Cup qualification,,2024,,Zambia,Zambia,Tanzania,Tanzania,0,1,FT
1533,2024-06-11,FIFA World Cup qualification,,2024,,Morocco,Morocco,Congo,Congo,6,0,FT
1534,2024-06-11,FIFA World Cup qualification,,2024,,Kenya,Kenya,Ivory Coast,Ivory Coast,0,0,FT
1535,2024-06-11,FIFA World Cup qualification,,2024,,Gabon,Gabon,Gambia,Gambia,3,2,FT
1536,2024-06-11,FIFA World Cup qualification,,2024,,Seychelles,Seychelles,Burundi,Burundi,1,3,FT
1537,2024-06-11,FIFA World Cup qualification,,2024,,Madagascar,Madagascar,Mali,Mali,0,0,FT
1538,2024-06-11,FIFA World Cup qualification,,2024,,Chad,Chad,Comoros,Comoros,0,2,FT
1539,2024-06-11,FIFA World Cup qualification,,2024,,Kuwait,Kuwait,Afghanistan,Afghanistan,1,0,FT
1540,2024-06-11,FIFA World Cup qualification,,2024,,Qatar,Qatar,India,India,2,1,FT
1541,2024-06-11,FIFA World Cup qualification,,2024,,Japan,Japan,Syria,Syria,5,0,FT
1542,2024-06-11,FIFA World Cup qualification,,2024,,North Korea,North Korea,Myanmar,Myanmar,4,1,FT
1543,2024-06-11,FIFA World Cup qualification,,2024,,Thailand,Thailand,Singapore,Singapore,3,1,FT
1544,2024-06-11,FIFA World Cup qualification,,2024,,South Korea,South Korea,China,China,1,0,FT
1545,2024-06-11,FIFA World Cup qualification,,2024,,Oman,Oman,Kyrgyzstan,Kyrgyzstan,1,1,FT
1546,2024-06-11,FIFA World Cup qualification,,2024,,Malaysia,Malaysia,Taiwan,Taiwan,3,1,FT
1547,2024-06-11,FIFA World Cup qualification,,2024,,Turkmenistan,Turkmenistan,Hong Kong,Hong Kong,0,0,FT
1548,2024-06-11,FIFA World Cup qualification,,2024,,Iran,Iran,Uzbekistan,Uzbekistan,0,0,FT
1549,2024-06-11,FIFA World Cup qualification,,2024,,Indonesia,Indonesia,Philippines,Philippines,2,0,FT
1550,2024-06-11,FIFA World Cup qualification,,2024,,Iraq,Iraq,Vietnam,Vietnam,3,1,FT
1551,2024-06-11,FIFA World Cup qualification,,2024,,Tajikistan,Tajikistan,Pakistan,Pakistan,3,0,FT
1552,2024-06-11,FIFA World Cup qualification,,2024,,Saudi Arabia,Saudi Arabia,Jordan,Jordan,1,2,FT
1553,2024-06-11,FIFA World Cup qualification,,2024,,United Arab Emirates,United Arab Emirates,Bahrain,Bahrain,1,1,FT
1554,2024-06-11,FIFA World Cup qualification,,2024,,Yemen,Yemen,Nepal,Nepal,2,2,FT
1555,2024-06-11,FIFA World Cup qualification,,2024,,Lebanon,Lebanon,Bangladesh,Bangladesh,4,0,FT
1556,2024-06-11,FIFA World Cup qualification,,2024,,Australia,Australia,Palestine,Palestine,5,0,FT
1557,2024-06-11,FIFA World Cup qualification,,2024,,Cuba,Cuba,Cayman Islands,Cayman Islands,3,0,FT
1558,2024-06-11,FIFA World Cup qualification,,2024,,Saint Kitts and Nevis,Saint Kitts and Nevis,Bahamas,Bahamas,1,0,FT
1559,2024-06-11,FIFA World Cup qualification,,2024,,Saint Lucia,Saint Lucia,Aruba,Aruba,2,2,FT
1560,2024-06-11,FIFA World Cup qualification,,2024,,Guyana,Guyana,Belize,Belize,3,1,FT
1561,2024-06-11,FIFA World Cup qualification,,2024,,Dominican Republic,Dominican Republic,British Virgin Islands,British Virgin Islands,4,0,FT
1562,2024-06-11,FIFA World Cup qualification,,2024,,Puerto Rico,Puerto Rico,Anguilla,Anguilla,8,0,FT
1563,2024-06-12,Friendly,,2024,,Ecuador,Ecuador,Bolivia,Bolivia,3,1,FT
1564,2024-06-12,Friendly,,2024,,United States,United States,Brazil,Brazil,1,1,FT
1565,2024-06-14,UEFA Euro,,2024,,Germany,Germany,Scotland,Scotland,5,1,FT
1566,2024-06-14,Friendly,,2024,,Argentina,Argentina,Guatemala,Guatemala,4,1,FT
1567,2024-06-14,Friendly,,2024,,El Salvador,El Salvador,Peru,Peru,0,1,FT
1568,2024-06-15,UEFA Euro,,2024,,Hungary,Hungary,Switzerland,Switzerland,1,3,FT
1569,2024-06-15,UEFA Euro,,2024,,Spain,Spain,Croatia,Croatia,3,0,FT
1570,2024-06-15,UEFA Euro,,2024,,Italy,Italy,Albania,Albania,2,1,FT
1571,2024-06-15,Friendly,,2024,,Colombia,Colombia,Bolivia,Bolivia,3,0,FT
1572,2024-06-15,Oceania Nations Cup,,2024,,Vanuatu,Vanuatu,Solomon Islands,Solomon Islands,1,0,FT
1573,2024-06-16,Friendly,,2024,,Ecuador,Ecuador,Honduras,Honduras,2,1,FT
1574,2024-06-16,UEFA Euro,,2024,,Slovenia,Slovenia,Denmark,Denmark,1,1,FT
1575,2024-06-16,UEFA Euro,,2024,,Serbia,Serbia,England,England,0,1,FT
1576,2024-06-16,UEFA Euro,,2024,,Poland,Poland,Netherlands,Netherlands,1,2,FT
1577,2024-06-16,Friendly,,2024,,Panama,Panama,Paraguay,Paraguay,0,1,FT
1578,2024-06-16,Oceania Nations Cup,,2024,,Tahiti,Tahiti,Samoa,Samoa,2,0,FT
1579,2024-06-16,Oceania Nations Cup,,2024,,Fiji,Fiji,Papua New Guinea,Papua New Guinea,5,1,FT
1580,2024-06-17,UEFA Euro,,2024,,Austria,Austria,France,France,0,1,FT
1581,2024-06-17,UEFA Euro,,2024,,Romania,Romania,Ukraine,Ukraine,3,0,FT
1582,2024-06-17,UEFA Euro,,2024,,Belgium,Belgium,Slovakia,Slovakia,0,1,FT
1583,2024-06-18,UEFA Euro,,2024,,Turkey,Turkey,Georgia,Georgia,3,1,FT
1584,2024-06-18,UEFA Euro,,2024,,Portugal,Portugal,Czech Republic,Czech Republic,2,1,FT
1585,2024-06-18,Oceania Nations Cup,,2024,,New Zealand,New Zealand,Solomon Islands,Solomon Islands,3,0,FT
1586,2024-06-19,UEFA Euro,,2024,,Germany,Germany,Hungary,Hungary,2,0,FT
1587,2024-06-19,UEFA Euro,,2024,,Scotland,Scotland,Switzerland,Switzerland,1,1,FT
1588,2024-06-19,UEFA Euro,,2024,,Croatia,Croatia,Albania,Albania,2,2,FT
1589,2024-06-19,Oceania Nations Cup,,2024,,Papua New Guinea,Papua New Guinea,Tahiti,Tahiti,1,1,FT
1590,2024-06-19,Oceania Nations Cup,,2024,,Fiji,Fiji,Samoa,Samoa,9,1,FT
1591,2024-06-20,UEFA Euro,,2024,,Spain,Spain,Italy,Italy,1,0,FT
1592,2024-06-20,UEFA Euro,,2024,,Slovenia,Slovenia,Serbia,Serbia,1,1,FT
1593,2024-06-20,UEFA Euro,,2024,,Denmark,Denmark,England,England,1,1,FT
1594,2024-06-20,Copa América,,2024,,Argentina,Argentina,Canada,Canada,2,0,FT
1595,2024-06-21,UEFA Euro,,2024,,Poland,Poland,Austria,Austria,1,3,FT
1596,2024-06-21,UEFA Euro,,2024,,Netherlands,Netherlands,France,France,0,0,FT
1597,2024-06-21,UEFA Euro,,2024,,Slovakia,Slovakia,Ukraine,Ukraine,1,2,FT
1598,2024-06-21,Oceania Nations Cup,,2024,,Vanuatu,Vanuatu,New Zealand,New Zealand,0,4,FT
1599,2024-06-21,Copa América,,2024,,Peru,Peru,Chile,Chile,0,0,FT
1600,2024-06-22,UEFA Euro,,2024,,Belgium,Belgium,Romania,Romania,2,0,FT
1601,2024-06-22,UEFA Euro,,2024,,Georgia,Georgia,Czech Republic,Czech Republic,1,1,FT
1602,2024-06-22,UEFA Euro,,2024,,Turkey,Turkey,Portugal,Portugal,0,3,FT
1603,2024-06-22,Oceania Nations Cup,,2024,,Samoa,Samoa,Papua New Guinea,Papua New Guinea,1,2,FT
1604,2024-06-22,Oceania Nations Cup,,2024,,Fiji,Fiji,Tahiti,Tahiti,1,0,FT
1605,2024-06-22,Copa América,,2024,,Ecuador,Ecuador,Venezuela,Venezuela,1,2,FT
1606,2024-06-22,Copa América,,2024,,Mexico,Mexico,Jamaica,Jamaica,1,0,FT
1607,2024-06-23,UEFA Euro,,2024,,Germany,Germany,Switzerland,Switzerland,1,1,FT
1608,2024-06-23,UEFA Euro,,2024,,Scotland,Scotland,Hungary,Hungary,0,1,FT
1609,2024-06-23,Copa América,,2024,,United States,United States,Bolivia,Bolivia,2,0,FT
1610,2024-06-23,Copa América,,2024,,Uruguay,Uruguay,Panama,Panama,3,1,FT
1611,2024-06-24,UEFA Euro,,2024,,Albania,Albania,Spain,Spain,0,1,FT
1612,2024-06-24,UEFA Euro,,2024,,Croatia,Croatia,Italy,Italy,1,1,FT
1613,2024-06-24,Copa América,,2024,,Colombia,Colombia,Paraguay,Paraguay,2,1,FT
1614,2024-06-24,Copa América,,2024,,Brazil,Brazil,Costa Rica,Costa Rica,0,0,FT
1615,2024-06-25,UEFA Euro,,2024,,England,England,Slovenia,Slovenia,0,0,FT
1616,2024-06-25,UEFA Euro,,2024,,Denmark,Denmark,Serbia,Serbia,0,0,FT
1617,2024-06-25,UEFA Euro,,2024,,Netherlands,Netherlands,Austria,Austria,2,3,FT
1618,2024-06-25,UEFA Euro,,2024,,France,France,Poland,Poland,1,1,FT
1619,2024-06-25,Copa América,,2024,,Peru,Peru,Canada,Canada,0,1,FT
1620,2024-06-25,Copa América,,2024,,Chile,Chile,Argentina,Argentina,0,1,FT
1621,2024-06-26,UEFA Euro,,2024,,Slovakia,Slovakia,Romania,Romania,1,1,FT
1622,2024-06-26,UEFA Euro,,2024,,Ukraine,Ukraine,Belgium,Belgium,0,0,FT
1623,2024-06-26,UEFA Euro,,2024,,Georgia,Georgia,Portugal,Portugal,2,0,FT
1624,2024-06-26,UEFA Euro,,2024,,Czech Republic,Czech Republic,Turkey,Turkey,1,2,FT
1625,2024-06-26,Copa América,,2024,,Ecuador,Ecuador,Jamaica,Jamaica,3,1,FT
1626,2024-06-26,Copa América,,2024,,Venezuela,Venezuela,Mexico,Mexico,1,0,FT
1627,2024-06-27,Oceania Nations Cup,,2024,,Vanuatu,Vanuatu,Fiji,Fiji,2,1,FT
1628,2024-06-27,Oceania Nations Cup,,2024,,New Zealand,New Zealand,Tahiti,Tahiti,5,0,FT
1629,2024-06-27,Copa América,,2024,,United States,United States,Panama,Panama,1,2,FT
1630,2024-06-27,Copa América,,2024,,Uruguay,Uruguay,Bolivia,Bolivia,5,0,FT
1631,2024-06-28,Copa América,,2024,,Colombia,Colombia,Costa Rica,Costa Rica,3,0,FT
1632,2024-06-28,Copa América,,2024,,Paraguay,Paraguay,Brazil,Brazil,1,4,FT
1633,2024-06-29,UEFA Euro,,2024,,Switzerland,Switzerland,Italy,Italy,2,0,FT
1634,2024-06-29,UEFA Euro,,2024,,Germany,Germany,Denmark,Denmark,2,0,FT
1635,2024-06-29,Copa América,,2024,,Argentina,Argentina,Peru,Peru,2,0,FT
1636,2024-06-29,Copa América,,2024,,Canada,Canada,Chile,Chile,0,0,FT
1637,2024-06-30,UEFA Euro,,2024,,England,England,Slovakia,Slovakia,2,1,FT
1638,2024-06-30,UEFA Euro,,2024,,Spain,Spain,Georgia,Georgia,4,1,FT
1639,2024-06-30,Oceania Nations Cup,,2024,,Tahiti,Tahiti,Fiji,Fiji,2,1,FT
1640,2024-06-30,Oceania Nations Cup,,2024,,Vanuatu,Vanuatu,New Zealand,New Zealand,0,3,FT
1641,2024-06-30,Copa América,,2024,,Mexico,Mexico,Ecuador,Ecuador,0,0,FT
1642,2024-06-30,Copa América,,2024,,Jamaica,Jamaica,Venezuela,Venezuela,0,3,FT
1643,2024-07-01,UEFA Euro,,2024,,France,France,Belgium,Belgium,1,0,FT
1644,2024-07-01,UEFA Euro,,2024,,Portugal,Portugal,Slovenia,Slovenia,0,0,FT
1645,2024-07-01,Copa América,,2024,,United States,United States,Uruguay,Uruguay,0,1,FT
1646,2024-07-01,Copa América,,2024,,Bolivia,Bolivia,Panama,Panama,1,3,FT
1647,2024-07-02,UEFA Euro,,2024,,Romania,Romania,Netherlands,Netherlands,0,3,FT
1648,2024-07-02,UEFA Euro,,2024,,Austria,Austria,Turkey,Turkey,1,2,FT
1649,2024-07-02,Copa América,,2024,,Brazil,Brazil,Colombia,Colombia,1,1,FT
1650,2024-07-02,Copa América,,2024,,Costa Rica,Costa Rica,Paraguay,Paraguay,2,1,FT
1651,2024-07-04,Copa América,,2024,,Argentina,Argentina,Ecuador,Ecuador,1,1,FT
1652,2024-07-05,UEFA Euro,,2024,,Germany,Germany,Spain,Spain,1,2,FT
1653,2024-07-05,UEFA Euro,,2024,,Portugal,Portugal,France,France,0,0,FT
1654,2024-07-05,Copa América,,2024,,Venezuela,Venezuela,Canada,Canada,1,1,FT
1655,2024-07-06,UEFA Euro,,2024,,England,England,Switzerland,Switzerland,1,1,FT
1656,2024-07-06,UEFA Euro,,2024,,Netherlands,Netherlands,Turkey,Turkey,2,1,FT
1657,2024-07-06,Copa América,,2024,,Uruguay,Uruguay,Brazil,Brazil,0,0,FT
1658,2024-07-06,Copa América,,2024,,Colombia,Colombia,Panama,Panama,5,0,FT
1659,2024-07-09,UEFA Euro,,2024,,Spain,Spain,France,France,2,1,FT
1660,2024-07-09,Copa América,,2024,,Argentina,Argentina,Canada,Canada,2,0,FT
1661,2024-07-10,UEFA Euro,,2024,,Netherlands,Netherlands,England,England,1,2,FT
1662,2024-07-10,Copa América,,2024,,Uruguay,Uruguay,Colombia,Colombia,0,1,FT
1663,2024-07-13,Copa América,,2024,,Canada,Canada,Uruguay,Uruguay,2,2,FT
1664,2024-07-14,UEFA Euro,,2024,,Spain,Spain,England,England,2,1,FT
1665,2024-07-14,Copa América,,2024,,Argentina,Argentina,Colombia,Colombia,1,0,FT
1666,2024-07-27,Friendly,,2024,,Guatemala,Guatemala,El Salvador,El Salvador,0,1,FT
1667,2024-07-27,Friendly,,2024,,Jordan,Jordan,North Korea,North Korea,0,0,FT
1668,2024-08-29,Friendly,,2024,,Jordan,Jordan,North Korea,North Korea,2,1,FT
1669,2024-09-01,Friendly,,2024,,Guatemala,Guatemala,Uruguay,Uruguay,1,1,FT
1670,2024-09-02,Tri-Nations Series,,2024,,Fiji,Fiji,Solomon Islands,Solomon Islands,1,0,FT
1671,2024-09-02,Tri-Nations Series,,2024,,Fiji,Fiji,Hong Kong,Hong Kong,1,1,FT
1672,2024-09-03,Intercontinental Cup,,2024,,India,India,Mauritius,Mauritius,0,0,FT
1673,2024-09-04,Friendly,,2024,,Gibraltar,Gibraltar,Andorra,Andorra,1,0,FT
1674,2024-09-04,Merdeka Tournament,,2024,,Lebanon,Lebanon,Tajikistan,Tajikistan,1,0,FT
1675,2024-09-04,Merdeka Tournament,,2024,,Malaysia,Malaysia,Philippines,Philippines,2,1,FT
1676,2024-09-04,African Cup of Nations qualification,,2024,,Comoros,Comoros,Gambia,Gambia,1,1,FT
1677,2024-09-04,African Cup of Nations qualification,,2024,,Libya,Libya,Rwanda,Rwanda,1,1,FT
1678,2024-09-04,African Cup of Nations qualification,,2024,,Sudan,Sudan,Niger,Niger,1,0,FT
1679,2024-09-04,African Cup of Nations qualification,,2024,,Tanzania,Tanzania,Ethiopia,Ethiopia,0,0,FT
1680,2024-09-04,CONCACAF Nations League,,2024,,United States Virgin Islands,United States Virgin Islands,Bahamas,Bahamas,3,3,FT
1681,2024-09-04,CONCACAF Nations League,,2024,,Turks and Caicos Islands,Turks and Caicos Islands,Anguilla,Anguilla,0,2,FT
1682,2024-09-04,CONCACAF Nations League,,2024,,Cayman Islands,Cayman Islands,British Virgin Islands,British Virgin Islands,1,0,FT
1683,2024-09-05,Tri-Nations Series,,2024,,Hong Kong,Hong Kong,Solomon Islands,Solomon Islands,3,0,FT
1684,2024-09-05,Friendly,,2024,,Bhutan,Bhutan,Bangladesh,Bangladesh,0,1,FT
1685,2024-09-05,Friendly,,2024,,Vietnam,Vietnam,Russia,Russia,0,3,FT
1686,2024-09-05,AFC Asian Cup qualification,,2024,,Sri Lanka,Sri Lanka,Cambodia,Cambodia,0,0,FT
1687,2024-09-05,AFC Asian Cup qualification,,2024,,Timor-Leste,Timor-Leste,Mongolia,Mongolia,4,1,FT
1688,2024-09-05,African Cup of Nations qualification,,2024,,Tunisia,Tunisia,Madagascar,Madagascar,1,0,FT
1689,2024-09-05,African Cup of Nations qualification,,2024,,Central African Republic,Central African Republic,Lesotho,Lesotho,3,1,FT
1690,2024-09-05,African Cup of Nations qualification,,2024,,Algeria,Algeria,Equatorial Guinea,Equatorial Guinea,2,0,FT
1691,2024-09-05,African Cup of Nations qualification,,2024,,Ghana,Ghana,Angola,Angola,0,1,FT
1692,2024-09-05,African Cup of Nations qualification,,2024,,Guinea-Bissau,Guinea-Bissau,Eswatini,Eswatini,1,0,FT
1693,2024-09-05,African Cup of Nations qualification,,2024,,Congo,Congo,South Sudan,South Sudan,1,0,FT
1694,2024-09-05,African Cup of Nations qualification,,2024,,Malawi,Malawi,Burundi,Burundi,2,3,FT
1695,2024-09-05,CONCACAF Nations League,,2024,,Guyana,Guyana,Suriname,Suriname,1,3,FT
1696,2024-09-05,CONCACAF Nations League,,2024,,Costa Rica,Costa Rica,Guadeloupe,Guadeloupe,3,0,FT
1697,2024-09-05,CONCACAF Nations League,,2024,,Guatemala,Guatemala,Martinique,Martinique,3,1,FT
1698,2024-09-05,CONCACAF Nations League,,2024,,Montserrat,Montserrat,El Salvador,El Salvador,1,4,FT
1699,2024-09-05,CONCACAF Nations League,,2024,,Bonaire,Bonaire,Saint Vincent and the Grenadines,Saint Vincent and the Grenadines,1,1,FT
1700,2024-09-05,UEFA Nations League,,2024,,Portugal,Portugal,Croatia,Croatia,2,1,FT
1701,2024-09-05,UEFA Nations League,,2024,,Scotland,Scotland,Poland,Poland,2,3,FT
1702,2024-09-05,UEFA Nations League,,2024,,Denmark,Denmark,Switzerland,Switzerland,2,0,FT
1703,2024-09-05,UEFA Nations League,,2024,,Serbia,Serbia,Spain,Spain,0,0,FT
1704,2024-09-05,UEFA Nations League,,2024,,Azerbaijan,Azerbaijan,Sweden,Sweden,1,3,FT
1705,2024-09-05,UEFA Nations League,,2024,,Estonia,Estonia,Slovakia,Slovakia,0,1,FT
1706,2024-09-05,UEFA Nations League,,2024,,Northern Ireland,Northern Ireland,Luxembourg,Luxembourg,2,0,FT
1707,2024-09-05,UEFA Nations League,,2024,,Belarus,Belarus,Bulgaria,Bulgaria,0,0,FT
1708,2024-09-05,UEFA Nations League,,2024,,San Marino,San Marino,Liechtenstein,Liechtenstein,1,0,FT
1709,2024-09-05,FIFA World Cup qualification,,2024,,Bolivia,Bolivia,Venezuela,Venezuela,4,0,FT
1710,2024-09-05,FIFA World Cup qualification,,2024,,Argentina,Argentina,Chile,Chile,3,0,FT
1711,2024-09-05,FIFA World Cup qualification,,2024,,Qatar,Qatar,United Arab Emirates,United Arab Emirates,1,3,FT
1712,2024-09-05,FIFA World Cup qualification,,2024,,Uzbekistan,Uzbekistan,North Korea,North Korea,1,0,FT
1713,2024-09-05,FIFA World Cup qualification,,2024,,Iran,Iran,Kyrgyzstan,Kyrgyzstan,1,0,FT
1714,2024-09-05,FIFA World Cup qualification,,2024,,Iraq,Iraq,Oman,Oman,1,0,FT
1715,2024-09-05,FIFA World Cup qualification,,2024,,South Korea,South Korea,Palestine,Palestine,0,0,FT
1716,2024-09-05,FIFA World Cup qualification,,2024,,Jordan,Jordan,Kuwait,Kuwait,1,1,FT
1717,2024-09-05,FIFA World Cup qualification,,2024,,Japan,Japan,China,China,7,0,FT
1718,2024-09-05,FIFA World Cup qualification,,2024,,Australia,Australia,Bahrain,Bahrain,0,1,FT
1719,2024-09-05,FIFA World Cup qualification,,2024,,Saudi Arabia,Saudi Arabia,Indonesia,Indonesia,1,1,FT
1720,2024-09-06,Intercontinental Cup,,2024,,Syria,Syria,Mauritius,Mauritius,2,0,FT
1721,2024-09-06,AFC Asian Cup qualification,,2024,,Brunei,Brunei,Macau,Macau,3,0,FT
1722,2024-09-06,African Cup of Nations qualification,,2024,,Morocco,Morocco,Gabon,Gabon,4,1,FT
1723,2024-09-06,African Cup of Nations qualification,,2024,,Egypt,Egypt,Cape Verde,Cape Verde,3,0,FT
1724,2024-09-06,African Cup of Nations qualification,,2024,,Togo,Togo,Liberia,Liberia,1,1,FT
1725,2024-09-06,African Cup of Nations qualification,,2024,,Sierra Leone,Sierra Leone,Chad,Chad,0,0,FT
1726,2024-09-06,African Cup of Nations qualification,,2024,,Ivory Coast,Ivory Coast,Zambia,Zambia,2,0,FT
1727,2024-09-06,African Cup of Nations qualification,,2024,,DR Congo,DR Congo,Guinea,Guinea,1,0,FT
1728,2024-09-06,African Cup of Nations qualification,,2024,,Mali,Mali,Mozambique,Mozambique,1,1,FT
1729,2024-09-06,African Cup of Nations qualification,,2024,,Kenya,Kenya,Zimbabwe,Zimbabwe,0,0,FT
1730,2024-09-06,African Cup of Nations qualification,,2024,,South Africa,South Africa,Uganda,Uganda,2,2,FT
1731,2024-09-06,African Cup of Nations qualification,,2024,,Senegal,Senegal,Burkina Faso,Burkina Faso,1,1,FT
1732,2024-09-06,CONCACAF Nations League,,2024,,French Guiana,French Guiana,Nicaragua,Nicaragua,0,1,FT
1733,2024-09-06,CONCACAF Nations League,,2024,,Jamaica,Jamaica,Cuba,Cuba,0,0,FT
1734,2024-09-06,CONCACAF Nations League,,2024,,Honduras,Honduras,Trinidad and Tobago,Trinidad and Tobago,4,0,FT
1735,2024-09-06,CONCACAF Nations League,,2024,,Saint Lucia,Saint Lucia,Curaçao,Curaçao,2,1,FT
1736,2024-09-06,CONCACAF Nations League,,2024,,Grenada,Grenada,Saint Martin,Saint Martin,2,0,FT
1737,2024-09-06,CONCACAF Nations League,,2024,,Sint Maarten,Sint Maarten,Aruba,Aruba,2,0,FT
1738,2024-09-06,CONCACAF Nations League,,2024,,Puerto Rico,Puerto Rico,Haiti,Haiti,1,4,FT
1739,2024-09-06,UEFA Nations League,,2024,,Belgium,Belgium,Israel,Israel,3,1,FT
1740,2024-09-06,UEFA Nations League,,2024,,France,France,Italy,Italy,1,3,FT
1741,2024-09-06,UEFA Nations League,,2024,,Kazakhstan,Kazakhstan,Norway,Norway,0,0,FT
1742,2024-09-06,UEFA Nations League,,2024,,Slovenia,Slovenia,Austria,Austria,1,1,FT
1743,2024-09-06,UEFA Nations League,,2024,,Iceland,Iceland,Montenegro,Montenegro,2,0,FT
1744,2024-09-06,UEFA Nations League,,2024,,Wales,Wales,Turkey,Turkey,0,0,FT
1745,2024-09-06,UEFA Nations League,,2024,,Kosovo,Kosovo,Romania,Romania,0,3,FT
1746,2024-09-06,UEFA Nations League,,2024,,Lithuania,Lithuania,Cyprus,Cyprus,0,1,FT
1747,2024-09-06,FIFA World Cup qualification,,2024,,Cook Islands,Cook Islands,Tonga,Tonga,1,3,FT
1748,2024-09-06,FIFA World Cup qualification,,2024,,Samoa,Samoa,American Samoa,American Samoa,2,0,FT
1749,2024-09-06,FIFA World Cup qualification,,2024,,Peru,Peru,Colombia,Colombia,1,1,FT
1750,2024-09-06,FIFA World Cup qualification,,2024,,Uruguay,Uruguay,Paraguay,Paraguay,0,0,FT
1751,2024-09-06,FIFA World Cup qualification,,2024,,Brazil,Brazil,Ecuador,Ecuador,1,0,FT
1752,2024-09-07,Friendly,,2024,,Mexico,Mexico,New Zealand,New Zealand,3,0,FT
1753,2024-09-07,Friendly,,2024,,United States,United States,Canada,Canada,1,2,FT
1754,2024-09-07,African Cup of Nations qualification,,2024,,Mauritania,Mauritania,Botswana,Botswana,1,0,FT
1755,2024-09-07,African Cup of Nations qualification,,2024,,Nigeria,Nigeria,Benin,Benin,3,0,FT
1756,2024-09-07,African Cup of Nations qualification,,2024,,Cameroon,Cameroon,Namibia,Namibia,1,0,FT
1757,2024-09-07,CONCACAF Nations League,,2024,,Bermuda,Bermuda,Dominican Republic,Dominican Republic,2,3,FT
1758,2024-09-07,CONCACAF Nations League,,2024,,Antigua and Barbuda,Antigua and Barbuda,Dominica,Dominica,1,2,FT
1759,2024-09-07,CONCACAF Nations League,,2024,,Bahamas,Bahamas,Barbados,Barbados,2,3,FT
1760,2024-09-07,CONCACAF Nations League,,2024,,Turks and Caicos Islands,Turks and Caicos Islands,Belize,Belize,0,4,FT
1761,2024-09-07,CONCACAF Nations League,,2024,,Cayman Islands,Cayman Islands,Saint Kitts and Nevis,Saint Kitts and Nevis,1,4,FT
1762,2024-09-07,UEFA Nations League,,2024,,Germany,Germany,Hungary,Hungary,5,0,FT
1763,2024-09-07,UEFA Nations League,,2024,,Netherlands,Netherlands,Bosnia and Herzegovina,Bosnia and Herzegovina,5,2,FT
1764,2024-09-07,UEFA Nations League,,2024,,Georgia,Georgia,Czech Republic,Czech Republic,4,1,FT
1765,2024-09-07,UEFA Nations League,,2024,,Ukraine,Ukraine,Albania,Albania,1,2,FT
1766,2024-09-07,UEFA Nations League,,2024,,Republic of Ireland,Republic of Ireland,England,England,0,2,FT
1767,2024-09-07,UEFA Nations League,,2024,,Greece,Greece,Finland,Finland,3,0,FT
1768,2024-09-07,UEFA Nations League,,2024,,Faroe Islands,Faroe Islands,North Macedonia,North Macedonia,1,1,FT
1769,2024-09-07,UEFA Nations League,,2024,,Armenia,Armenia,Latvia,Latvia,4,1,FT
1770,2024-09-07,UEFA Nations League,,2024,,Moldova,Moldova,Malta,Malta,2,0,FT
1771,2024-09-08,Friendly,,2024,,Bhutan,Bhutan,Bangladesh,Bangladesh,1,0,FT
1772,2024-09-08,Merdeka Tournament,,2024,,Tajikistan,Tajikistan,Philippines,Philippines,0,0,FT
1773,2024-09-08,Merdeka Tournament,,2024,,Malaysia,Malaysia,Lebanon,Lebanon,1,0,FT
1774,2024-09-08,African Cup of Nations qualification,,2024,,Gambia,Gambia,Tunisia,Tunisia,1,2,FT
1775,2024-09-08,CONCACAF Nations League,,2024,,Saint Vincent and the Grenadines,Saint Vincent and the Grenadines,Montserrat,Montserrat,2,0,FT
1776,2024-09-08,CONCACAF Nations League,,2024,,Bonaire,Bonaire,El Salvador,El Salvador,1,2,FT
1777,2024-09-08,UEFA Nations League,,2024,,Portugal,Portugal,Scotland,Scotland,2,1,FT
1778,2024-09-08,UEFA Nations League,,2024,,Croatia,Croatia,Poland,Poland,1,0,FT
1779,2024-09-08,UEFA Nations League,,2024,,Denmark,Denmark,Serbia,Serbia,2,0,FT
1780,2024-09-08,UEFA Nations League,,2024,,Switzerland,Switzerland,Spain,Spain,1,4,FT
1781,2024-09-08,UEFA Nations League,,2024,,Slovakia,Slovakia,Azerbaijan,Azerbaijan,2,0,FT
1782,2024-09-08,UEFA Nations League,,2024,,Sweden,Sweden,Estonia,Estonia,3,0,FT
1783,2024-09-08,UEFA Nations League,,2024,,Luxembourg,Luxembourg,Belarus,Belarus,0,1,FT
1784,2024-09-08,UEFA Nations League,,2024,,Bulgaria,Bulgaria,Northern Ireland,Northern Ireland,1,0,FT
1785,2024-09-08,UEFA Nations League,,2024,,Gibraltar,Gibraltar,Liechtenstein,Liechtenstein,2,2,FT
1786,2024-09-09,Intercontinental Cup,,2024,,India,India,Syria,Syria,0,3,FT
1787,2024-09-09,African Cup of Nations qualification,,2024,,Madagascar,Madagascar,Comoros,Comoros,1,1,FT
1788,2024-09-09,African Cup of Nations qualification,,2024,,Morocco,Morocco,Lesotho,Lesotho,1,0,FT
1789,2024-09-09,African Cup of Nations qualification,,2024,,Equatorial Guinea,Equatorial Guinea,Togo,Togo,2,2,FT
1790,2024-09-09,African Cup of Nations qualification,,2024,,Niger,Niger,Ghana,Ghana,1,1,FT
1791,2024-09-09,African Cup of Nations qualification,,2024,,Angola,Angola,Sudan,Sudan,2,1,FT
1792,2024-09-09,African Cup of Nations qualification,,2024,,Ethiopia,Ethiopia,DR Congo,DR Congo,0,2,FT
1793,2024-09-09,African Cup of Nations qualification,,2024,,Uganda,Uganda,Congo,Congo,2,0,FT
1794,2024-09-09,African Cup of Nations qualification,,2024,,Burundi,Burundi,Senegal,Senegal,0,1,FT
1795,2024-09-09,CONCACAF Nations League,,2024,,Guadeloupe,Guadeloupe,Suriname,Suriname,1,0,FT
1796,2024-09-09,CONCACAF Nations League,,2024,,Martinique,Martinique,Guyana,Guyana,2,2,FT
1797,2024-09-09,CONCACAF Nations League,,2024,,Guatemala,Guatemala,Costa Rica,Costa Rica,0,0,FT
1798,2024-09-09,CONCACAF Nations League,,2024,,Curaçao,Curaçao,Saint Martin,Saint Martin,4,0,FT
1799,2024-09-09,CONCACAF Nations League,,2024,,Grenada,Grenada,Saint Lucia,Saint Lucia,1,2,FT
1800,2024-09-09,CONCACAF Nations League,,2024,,Haiti,Haiti,Sint Maarten,Sint Maarten,6,0,FT
1801,2024-09-09,CONCACAF Nations League,,2024,,Puerto Rico,Puerto Rico,Aruba,Aruba,1,0,FT
1802,2024-09-09,UEFA Nations League,,2024,,France,France,Belgium,Belgium,2,0,FT
1803,2024-09-09,UEFA Nations League,,2024,,Israel,Israel,Italy,Italy,1,2,FT
1804,2024-09-09,UEFA Nations League,,2024,,Norway,Norway,Austria,Austria,2,1,FT
1805,2024-09-09,UEFA Nations League,,2024,,Slovenia,Slovenia,Kazakhstan,Kazakhstan,3,0,FT
1806,2024-09-09,UEFA Nations League,,2024,,Montenegro,Montenegro,Wales,Wales,1,2,FT
1807,2024-09-09,UEFA Nations League,,2024,,Turkey,Turkey,Iceland,Iceland,3,1,FT
1808,2024-09-09,UEFA Nations League,,2024,,Cyprus,Cyprus,Kosovo,Kosovo,0,4,FT
1809,2024-09-09,UEFA Nations League,,2024,,Romania,Romania,Lithuania,Lithuania,3,1,FT
1810,2024-09-09,FIFA World Cup qualification,,2024,,Samoa,Samoa,Tonga,Tonga,2,1,FT
1811,2024-09-10,Friendly,,2024,,Mexico,Mexico,Canada,Canada,0,0,FT
1812,2024-09-10,Friendly,,2024,,Moldova,Moldova,San Marino,San Marino,1,0,FT
1813,2024-09-10,Friendly,,2024,,United States,United States,New Zealand,New Zealand,1,1,FT
1814,2024-09-10,Friendly,,2024,,Vietnam,Vietnam,Thailand,Thailand,1,2,FT
1815,2024-09-10,AFC Asian Cup qualification,,2024,,Cambodia,Cambodia,Sri Lanka,Sri Lanka,2,2,FT
1816,2024-09-10,AFC Asian Cup qualification,,2024,,Macau,Macau,Brunei,Brunei,0,1,FT
1817,2024-09-10,AFC Asian Cup qualification,,2024,,Mongolia,Mongolia,Timor-Leste,Timor-Leste,2,0,FT
1818,2024-09-10,African Cup of Nations qualification,,2024,,Gabon,Gabon,Central African Republic,Central African Republic,2,0,FT
1819,2024-09-10,African Cup of Nations qualification,,2024,,Botswana,Botswana,Egypt,Egypt,0,4,FT
1820,2024-09-10,African Cup of Nations qualification,,2024,,Cape Verde,Cape Verde,Mauritania,Mauritania,2,0,FT
1821,2024-09-10,African Cup of Nations qualification,,2024,,Rwanda,Rwanda,Nigeria,Nigeria,0,0,FT
1822,2024-09-10,African Cup of Nations qualification,,2024,,Benin,Benin,Libya,Libya,2,1,FT
1823,2024-09-10,African Cup of Nations qualification,,2024,,Liberia,Liberia,Algeria,Algeria,0,3,FT
1824,2024-09-10,African Cup of Nations qualification,,2024,,Zambia,Zambia,Sierra Leone,Sierra Leone,3,2,FT
1825,2024-09-10,African Cup of Nations qualification,,2024,,Chad,Chad,Ivory Coast,Ivory Coast,0,2,FT
1826,2024-09-10,African Cup of Nations qualification,,2024,,Guinea,Guinea,Tanzania,Tanzania,1,2,FT
1827,2024-09-10,African Cup of Nations qualification,,2024,,Mozambique,Mozambique,Guinea-Bissau,Guinea-Bissau,2,1,FT
1828,2024-09-10,African Cup of Nations qualification,,2024,,Eswatini,Eswatini,Mali,Mali,0,1,FT
1829,2024-09-10,African Cup of Nations qualification,,2024,,Namibia,Namibia,Kenya,Kenya,1,2,FT
1830,2024-09-10,African Cup of Nations qualification,,2024,,South Sudan,South Sudan,South Africa,South Africa,2,3,FT
1831,2024-09-10,African Cup of Nations qualification,,2024,,Burkina Faso,Burkina Faso,Malawi,Malawi,3,1,FT
1832,2024-09-10,CONCACAF Nations League,,2024,,Cuba,Cuba,Nicaragua,Nicaragua,1,1,FT
1833,2024-09-10,CONCACAF Nations League,,2024,,Trinidad and Tobago,Trinidad and Tobago,French Guiana,French Guiana,0,0,FT
1834,2024-09-10,CONCACAF Nations League,,2024,,Honduras,Honduras,Jamaica,Jamaica,1,2,FT
1835,2024-09-10,CONCACAF Nations League,,2024,,Dominican Republic,Dominican Republic,Dominica,Dominica,2,0,FT
1836,2024-09-10,CONCACAF Nations League,,2024,,Antigua and Barbuda,Antigua and Barbuda,Bermuda,Bermuda,0,1,FT
1837,2024-09-10,CONCACAF Nations League,,2024,,United States Virgin Islands,United States Virgin Islands,Barbados,Barbados,0,3,FT
1838,2024-09-10,CONCACAF Nations League,,2024,,Belize,Belize,Anguilla,Anguilla,1,0,FT
1839,2024-09-10,CONCACAF Nations League,,2024,,Saint Kitts and Nevis,Saint Kitts and Nevis,British Virgin Islands,British Virgin Islands,2,0,FT
1840,2024-09-10,UEFA Nations League,,2024,,Hungary,Hungary,Bosnia and Herzegovina,Bosnia and Herzegovina,0,0,FT
1841,2024-09-10,UEFA Nations League,,2024,,Netherlands,Netherlands,Germany,Germany,2,2,FT
1842,2024-09-10,UEFA Nations League,,2024,,Albania,Albania,Georgia,Georgia,0,1,FT
1843,2024-09-10,UEFA Nations League,,2024,,Czech Republic,Czech Republic,Ukraine,Ukraine,3,2,FT
1844,2024-09-10,UEFA Nations League,,2024,,England,England,Finland,Finland,2,0,FT
1845,2024-09-10,UEFA Nations League,,2024,,Republic of Ireland,Republic of Ireland,Greece,Greece,0,2,FT
1846,2024-09-10,UEFA Nations League,,2024,,Latvia,Latvia,Faroe Islands,Faroe Islands,1,0,FT
1847,2024-09-10,UEFA Nations League,,2024,,North Macedonia,North Macedonia,Armenia,Armenia,2,0,FT
1848,2024-09-10,UEFA Nations League,,2024,,Andorra,Andorra,Malta,Malta,0,1,FT
1849,2024-09-10,FIFA World Cup qualification,,2024,,Colombia,Colombia,Argentina,Argentina,2,1,FT
1850,2024-09-10,FIFA World Cup qualification,,2024,,Ecuador,Ecuador,Peru,Peru,1,0,FT
1851,2024-09-10,FIFA World Cup qualification,,2024,,Chile,Chile,Bolivia,Bolivia,1,2,FT
1852,2024-09-10,FIFA World Cup qualification,,2024,,Venezuela,Venezuela,Uruguay,Uruguay,0,0,FT
1853,2024-09-10,FIFA World Cup qualification,,2024,,Paraguay,Paraguay,Brazil,Brazil,1,0,FT
1854,2024-09-10,FIFA World Cup qualification,,2024,,North Korea,North Korea,Qatar,Qatar,2,2,FT
1855,2024-09-10,FIFA World Cup qualification,,2024,,Kyrgyzstan,Kyrgyzstan,Uzbekistan,Uzbekistan,2,3,FT
1856,2024-09-10,FIFA World Cup qualification,,2024,,United Arab Emirates,United Arab Emirates,Iran,Iran,0,1,FT
1857,2024-09-10,FIFA World Cup qualification,,2024,,Oman,Oman,South Korea,South Korea,1,3,FT
1858,2024-09-10,FIFA World Cup qualification,,2024,,Kuwait,Kuwait,Iraq,Iraq,0,0,FT
1859,2024-09-10,FIFA World Cup qualification,,2024,,Palestine,Palestine,Jordan,Jordan,1,3,FT
1860,2024-09-10,FIFA World Cup qualification,,2024,,Bahrain,Bahrain,Japan,Japan,0,5,FT
1861,2024-09-10,FIFA World Cup qualification,,2024,,Indonesia,Indonesia,Australia,Australia,0,0,FT
1862,2024-09-10,FIFA World Cup qualification,,2024,,China,China,Saudi Arabia,Saudi Arabia,1,2,FT
1863,2024-09-10,African Cup of Nations qualification,,2024,,Zimbabwe,Zimbabwe,Cameroon,Cameroon,0,0,FT
1864,2024-10-08,ASEAN Championship qualification,,2024,,Brunei,Brunei,Timor-Leste,Timor-Leste,0,1,FT
1865,2024-10-09,CONCACAF Nations League,,2024,,Barbados,Barbados,United States Virgin Islands,United States Virgin Islands,5,0,FT
1866,2024-10-09,CONCACAF Nations League,,2024,,Belize,Belize,Anguilla,Anguilla,1,0,FT
1867,2024-10-09,CONCACAF Nations League,,2024,,Saint Kitts and Nevis,Saint Kitts and Nevis,British Virgin Islands,British Virgin Islands,3,1,FT
1868,2024-10-10,Friendly,,2024,,Liechtenstein,Liechtenstein,Hong Kong,Hong Kong,1,0,FT
1869,2024-10-10,Friendly,,2024,,Myanmar,Myanmar,Sri Lanka,Sri Lanka,2,0,FT
1870,2024-10-10,African Cup of Nations qualification,,2024,,Cape Verde,Cape Verde,Botswana,Botswana,0,1,FT
1871,2024-10-10,African Cup of Nations qualification,,2024,,Algeria,Algeria,Togo,Togo,5,1,FT
1872,2024-10-10,African Cup of Nations qualification,,2024,,Ghana,Ghana,Sudan,Sudan,0,0,FT
1873,2024-10-10,African Cup of Nations qualification,,2024,,DR Congo,DR Congo,Tanzania,Tanzania,1,0,FT
1874,2024-10-10,African Cup of Nations qualification,,2024,,Namibia,Namibia,Zimbabwe,Zimbabwe,0,1,FT
1875,2024-10-10,African Cup of Nations qualification,,2024,,Burkina Faso,Burkina Faso,Burundi,Burundi,4,1,FT
1876,2024-10-10,CONCACAF Nations League,,2024,,Cuba,Cuba,Trinidad and Tobago,Trinidad and Tobago,2,2,FT
1877,2024-10-10,CONCACAF Nations League,,2024,,French Guiana,French Guiana,Honduras,Honduras,2,3,FT
1878,2024-10-10,CONCACAF Nations League,,2024,,Nicaragua,Nicaragua,Jamaica,Jamaica,0,2,FT
1879,2024-10-10,CONCACAF Nations League,,2024,,Bonaire,Bonaire,Montserrat,Montserrat,0,1,FT
1880,2024-10-10,CONCACAF Nations League,,2024,,Saint Vincent and the Grenadines,Saint Vincent and the Grenadines,El Salvador,El Salvador,2,3,FT
1881,2024-10-10,UEFA Nations League,,2024,,Israel,Israel,France,France,1,4,FT
1882,2024-10-10,UEFA Nations League,,2024,,Italy,Italy,Belgium,Belgium,2,2,FT
1883,2024-10-10,UEFA Nations League,,2024,,England,England,Greece,Greece,1,2,FT
1884,2024-10-10,UEFA Nations League,,2024,,Finland,Finland,Republic of Ireland,Republic of Ireland,1,2,FT
1885,2024-10-10,UEFA Nations League,,2024,,Austria,Austria,Kazakhstan,Kazakhstan,4,0,FT
1886,2024-10-10,UEFA Nations League,,2024,,Norway,Norway,Slovenia,Slovenia,3,0,FT
1887,2024-10-10,UEFA Nations League,,2024,,Latvia,Latvia,North Macedonia,North Macedonia,0,3,FT
1888,2024-10-10,UEFA Nations League,,2024,,Faroe Islands,Faroe Islands,Armenia,Armenia,2,2,FT
1889,2024-10-10,UEFA Nations League,,2024,,Gibraltar,Gibraltar,San Marino,San Marino,1,0,FT
1890,2024-10-10,UEFA Nations League,,2024,,Moldova,Moldova,Andorra,Andorra,2,0,FT
1891,2024-10-10,FIFA World Cup qualification,,2024,,Bolivia,Bolivia,Colombia,Colombia,1,0,FT
1892,2024-10-10,FIFA World Cup qualification,,2024,,Ecuador,Ecuador,Paraguay,Paraguay,0,0,FT
1893,2024-10-10,FIFA World Cup qualification,,2024,,Venezuela,Venezuela,Argentina,Argentina,1,1,FT
1894,2024-10-10,FIFA World Cup qualification,,2024,,Chile,Chile,Brazil,Brazil,1,2,FT
1895,2024-10-10,FIFA World Cup qualification,,2024,,Papua New Guinea,Papua New Guinea,New Caledonia,New Caledonia,1,3,FT
1896,2024-10-10,FIFA World Cup qualification,,2024,,Fiji,Fiji,Solomon Islands,Solomon Islands,1,0,FT
1897,2024-10-10,FIFA World Cup qualification,,2024,,Qatar,Qatar,Kyrgyzstan,Kyrgyzstan,3,1,FT
1898,2024-10-10,FIFA World Cup qualification,,2024,,Uzbekistan,Uzbekistan,Iran,Iran,0,0,FT
1899,2024-10-10,FIFA World Cup qualification,,2024,,United Arab Emirates,United Arab Emirates,North Korea,North Korea,1,1,FT
1900,2024-10-10,FIFA World Cup qualification,,2024,,Jordan,Jordan,South Korea,South Korea,0,2,FT
1901,2024-10-10,FIFA World Cup qualification,,2024,,Oman,Oman,Kuwait,Kuwait,4,0,FT
1902,2024-10-10,FIFA World Cup qualification,,2024,,Iraq,Iraq,Palestine,Palestine,1,0,FT
1903,2024-10-10,FIFA World Cup qualification,,2024,,Bahrain,Bahrain,Indonesia,Indonesia,2,2,FT
1904,2024-10-10,FIFA World Cup qualification,,2024,,Australia,Australia,China,China,3,1,FT
1905,2024-10-10,FIFA World Cup qualification,,2024,,Saudi Arabia,Saudi Arabia,Japan,Japan,0,2,FT
1906,2024-10-11,Friendly,,2024,,Cambodia,Cambodia,Taiwan,Taiwan,3,2,FT
1907,2024-10-11,African Cup of Nations qualification,,2024,,Madagascar,Madagascar,Gambia,Gambia,1,1,FT
1908,2024-10-11,African Cup of Nations qualification,,2024,,Tunisia,Tunisia,Comoros,Comoros,0,1,FT
1909,2024-10-11,African Cup of Nations qualification,,2024,,Gabon,Gabon,Lesotho,Lesotho,0,0,FT
1910,2024-10-11,African Cup of Nations qualification,,2024,,Egypt,Egypt,Mauritania,Mauritania,2,0,FT
1911,2024-10-11,African Cup of Nations qualification,,2024,,Benin,Benin,Rwanda,Rwanda,3,0,FT
1912,2024-10-11,African Cup of Nations qualification,,2024,,Nigeria,Nigeria,Libya,Libya,1,0,FT
1913,2024-10-11,African Cup of Nations qualification,,2024,,Equatorial Guinea,Equatorial Guinea,Liberia,Liberia,1,0,FT
1914,2024-10-11,African Cup of Nations qualification,,2024,,Angola,Angola,Niger,Niger,2,0,FT
1915,2024-10-11,African Cup of Nations qualification,,2024,,Zambia,Zambia,Chad,Chad,0,0,FT
1916,2024-10-11,African Cup of Nations qualification,,2024,,Ivory Coast,Ivory Coast,Sierra Leone,Sierra Leone,4,1,FT
1917,2024-10-11,African Cup of Nations qualification,,2024,,Mozambique,Mozambique,Eswatini,Eswatini,1,1,FT
1918,2024-10-11,African Cup of Nations qualification,,2024,,Mali,Mali,Guinea-Bissau,Guinea-Bissau,1,0,FT
1919,2024-10-11,African Cup of Nations qualification,,2024,,Cameroon,Cameroon,Kenya,Kenya,4,1,FT
1920,2024-10-11,African Cup of Nations qualification,,2024,,Uganda,Uganda,South Sudan,South Sudan,1,0,FT
1921,2024-10-11,African Cup of Nations qualification,,2024,,South Africa,South Africa,Congo,Congo,5,0,FT
1922,2024-10-11,African Cup of Nations qualification,,2024,,Senegal,Senegal,Malawi,Malawi,4,0,FT
1923,2024-10-11,CONCACAF Nations League,,2024,,Guadeloupe,Guadeloupe,Martinique,Martinique,0,1,FT
1924,2024-10-11,CONCACAF Nations League,,2024,,Suriname,Suriname,Costa Rica,Costa Rica,1,1,FT
1925,2024-10-11,CONCACAF Nations League,,2024,,Guyana,Guyana,Guatemala,Guatemala,1,3,FT
1926,2024-10-11,CONCACAF Nations League,,2024,,Grenada,Grenada,Curaçao,Curaçao,0,0,FT
1927,2024-10-11,CONCACAF Nations League,,2024,,Saint Lucia,Saint Lucia,Saint Martin,Saint Martin,2,1,FT
1928,2024-10-11,CONCACAF Nations League,,2024,,Sint Maarten,Sint Maarten,Puerto Rico,Puerto Rico,3,2,FT
1929,2024-10-11,CONCACAF Nations League,,2024,,Aruba,Aruba,Haiti,Haiti,1,3,FT
1930,2024-10-11,UEFA Nations League,,2024,,Bosnia and Herzegovina,Bosnia and Herzegovina,Germany,Germany,1,2,FT
1931,2024-10-11,UEFA Nations League,,2024,,Hungary,Hungary,Netherlands,Netherlands,1,1,FT
1932,2024-10-11,UEFA Nations League,,2024,,Czech Republic,Czech Republic,Albania,Albania,2,0,FT
1933,2024-10-11,UEFA Nations League,,2024,,Ukraine,Ukraine,Georgia,Georgia,1,0,FT
1934,2024-10-11,UEFA Nations League,,2024,,Iceland,Iceland,Wales,Wales,2,2,FT
1935,2024-10-11,UEFA Nations League,,2024,,Turkey,Turkey,Montenegro,Montenegro,1,0,FT
1936,2024-10-11,UEFA Nations League,,2024,,Estonia,Estonia,Azerbaijan,Azerbaijan,3,1,FT
1937,2024-10-11,UEFA Nations League,,2024,,Slovakia,Slovakia,Sweden,Sweden,2,2,FT
1938,2024-10-11,FIFA World Cup qualification,,2024,,Peru,Peru,Uruguay,Uruguay,1,0,FT
1939,2024-10-11,FIFA World Cup qualification,,2024,,New Zealand,New Zealand,Tahiti,Tahiti,3,0,FT
1940,2024-10-11,King's Cup,,2024,,Syria,Syria,Tajikistan,Tajikistan,1,0,FT
1941,2024-10-11,King's Cup,,2024,,Thailand,Thailand,Philippines,Philippines,3,1,FT
1942,2024-10-12,Friendly,,2024,,United States,United States,Panama,Panama,2,0,FT
1943,2024-10-12,Friendly,,2024,,Vietnam,Vietnam,India,India,1,1,FT
1944,2024-10-12,African Cup of Nations qualification,,2024,,Morocco,Morocco,Central African Republic,Central African Republic,5,0,FT
1945,2024-10-12,African Cup of Nations qualification,,2024,,Guinea,Guinea,Ethiopia,Ethiopia,4,1,FT
1946,2024-10-12,CONCACAF Nations League,,2024,,Antigua and Barbuda,Antigua and Barbuda,Dominican Republic,Dominican Republic,0,5,FT
1947,2024-10-12,CONCACAF Nations League,,2024,,Bermuda,Bermuda,Dominica,Dominica,6,1,FT
1948,2024-10-12,CONCACAF Nations League,,2024,,Bahamas,Bahamas,United States Virgin Islands,United States Virgin Islands,3,1,FT
1949,2024-10-12,CONCACAF Nations League,,2024,,Turks and Caicos Islands,Turks and Caicos Islands,Anguilla,Anguilla,2,1,FT
1950,2024-10-12,CONCACAF Nations League,,2024,,Cayman Islands,Cayman Islands,British Virgin Islands,British Virgin Islands,1,0,FT
1951,2024-10-12,UEFA Nations League,,2024,,Croatia,Croatia,Scotland,Scotland,2,1,FT
1952,2024-10-12,UEFA Nations League,,2024,,Poland,Poland,Portugal,Portugal,1,3,FT
1953,2024-10-12,UEFA Nations League,,2024,,Serbia,Serbia,Switzerland,Switzerland,2,0,FT
1954,2024-10-12,UEFA Nations League,,2024,,Spain,Spain,Denmark,Denmark,1,0,FT
1955,2024-10-12,UEFA Nations League,,2024,,Lithuania,Lithuania,Kosovo,Kosovo,1,2,FT
1956,2024-10-12,UEFA Nations League,,2024,,Cyprus,Cyprus,Romania,Romania,0,3,FT
1957,2024-10-12,UEFA Nations League,,2024,,Bulgaria,Bulgaria,Luxembourg,Luxembourg,0,0,FT
1958,2024-10-12,UEFA Nations League,,2024,,Belarus,Belarus,Northern Ireland,Northern Ireland,0,0,FT
1959,2024-10-12,FIFA World Cup qualification,,2024,,Vanuatu,Vanuatu,Samoa,Samoa,4,1,FT
1960,2024-10-13,Friendly,,2024,,Andorra,Andorra,San Marino,San Marino,2,0,FT
1961,2024-10-13,Friendly,,2024,,Myanmar,Myanmar,Sri Lanka,Sri Lanka,0,0,FT
1962,2024-10-13,African Cup of Nations qualification,,2024,,Burundi,Burundi,Burkina Faso,Burkina Faso,0,2,FT
1963,2024-10-13,CONCACAF Nations League,,2024,,Montserrat,Montserrat,Bonaire,Bonaire,0,1,FT
1964,2024-10-13,CONCACAF Nations League,,2024,,Saint Vincent and the Grenadines,Saint Vincent and the Grenadines,El Salvador,El Salvador,2,1,FT
1965,2024-10-13,UEFA Nations League,,2024,,Finland,Finland,England,England,1,3,FT
1966,2024-10-13,UEFA Nations League,,2024,,Greece,Greece,Republic of Ireland,Republic of Ireland,2,0,FT
1967,2024-10-13,UEFA Nations League,,2024,,Kazakhstan,Kazakhstan,Slovenia,Slovenia,0,1,FT
1968,2024-10-13,UEFA Nations League,,2024,,Austria,Austria,Norway,Norway,5,1,FT
1969,2024-10-13,UEFA Nations League,,2024,,Faroe Islands,Faroe Islands,Latvia,Latvia,1,1,FT
1970,2024-10-13,UEFA Nations League,,2024,,Armenia,Armenia,North Macedonia,North Macedonia,0,2,FT
1971,2024-10-13,UEFA Nations League,,2024,,Liechtenstein,Liechtenstein,Gibraltar,Gibraltar,0,0,FT
1972,2024-10-13,UEFA Nations League,,2024,,Malta,Malta,Moldova,Moldova,1,0,FT
1973,2024-10-14,Friendly,,2024,,New Zealand,New Zealand,Malaysia,Malaysia,4,0,FT
1974,2024-10-14,African Cup of Nations qualification,,2024,,Gambia,Gambia,Madagascar,Madagascar,1,0,FT
1975,2024-10-14,African Cup of Nations qualification,,2024,,Liberia,Liberia,Equatorial Guinea,Equatorial Guinea,1,2,FT
1976,2024-10-14,African Cup of Nations qualification,,2024,,Togo,Togo,Algeria,Algeria,0,1,FT
1977,2024-10-14,African Cup of Nations qualification,,2024,,Eswatini,Eswatini,Mozambique,Mozambique,0,3,FT
1978,2024-10-14,African Cup of Nations qualification,,2024,,Kenya,Kenya,Cameroon,Cameroon,0,1,FT
1979,2024-10-14,African Cup of Nations qualification,,2024,,Zimbabwe,Zimbabwe,Namibia,Namibia,3,1,FT
1980,2024-10-14,CONCACAF Nations League,,2024,,Nicaragua,Nicaragua,French Guiana,French Guiana,3,2,FT
1981,2024-10-14,CONCACAF Nations League,,2024,,Jamaica,Jamaica,Honduras,Honduras,0,0,FT
1982,2024-10-14,CONCACAF Nations League,,2024,,Trinidad and Tobago,Trinidad and Tobago,Cuba,Cuba,3,1,FT
1983,2024-10-14,CONCACAF Nations League,,2024,,Curaçao,Curaçao,Grenada,Grenada,1,0,FT
1984,2024-10-14,CONCACAF Nations League,,2024,,Saint Lucia,Saint Lucia,Saint Martin,Saint Martin,0,4,FT
1985,2024-10-14,CONCACAF Nations League,,2024,,Puerto Rico,Puerto Rico,Sint Maarten,Sint Maarten,2,1,FT
1986,2024-10-14,CONCACAF Nations League,,2024,,Aruba,Aruba,Haiti,Haiti,3,5,FT
1987,2024-10-14,UEFA Nations League,,2024,,Belgium,Belgium,France,France,1,2,FT
1988,2024-10-14,UEFA Nations League,,2024,,Italy,Italy,Israel,Israel,4,1,FT
1989,2024-10-14,UEFA Nations League,,2024,,Bosnia and Herzegovina,Bosnia and Herzegovina,Hungary,Hungary,0,2,FT
1990,2024-10-14,UEFA Nations League,,2024,,Germany,Germany,Netherlands,Netherlands,1,0,FT
1991,2024-10-14,UEFA Nations League,,2024,,Georgia,Georgia,Albania,Albania,0,1,FT
1992,2024-10-14,UEFA Nations League,,2024,,Ukraine,Ukraine,Czech Republic,Czech Republic,1,1,FT
1993,2024-10-14,UEFA Nations League,,2024,,Iceland,Iceland,Turkey,Turkey,2,4,FT
1994,2024-10-14,UEFA Nations League,,2024,,Wales,Wales,Montenegro,Montenegro,1,0,FT
1995,2024-10-14,UEFA Nations League,,2024,,Azerbaijan,Azerbaijan,Slovakia,Slovakia,1,3,FT
1996,2024-10-14,UEFA Nations League,,2024,,Estonia,Estonia,Sweden,Sweden,0,3,FT
1997,2024-10-14,King's Cup,,2024,,Tajikistan,Tajikistan,Philippines,Philippines,0,3,FT
1998,2024-10-14,King's Cup,,2024,,Thailand,Thailand,Syria,Syria,2,1,FT
1999,2024-10-15,Friendly,,2024,,Canada,Canada,Panama,Panama,2,1,FT
2000,2024-10-15,Friendly,,2024,,Hong Kong,Hong Kong,Cambodia,Cambodia,3,0,FT
2001,2024-10-15,Friendly,,2024,,Mexico,Mexico,United States,United States,2,0,FT
2002,2024-10-15,African Cup of Nations qualification,,2024,,Comoros,Comoros,Tunisia,Tunisia,1,1,FT
2003,2024-10-15,African Cup of Nations qualification,,2024,,Lesotho,Lesotho,Gabon,Gabon,0,2,FT
2004,2024-10-15,African Cup of Nations qualification,,2024,,Morocco,Morocco,Central African Republic,Central African Republic,4,0,FT
2005,2024-10-15,African Cup of Nations qualification,,2024,,Mauritania,Mauritania,Egypt,Egypt,0,1,FT
2006,2024-10-15,African Cup of Nations qualification,,2024,,Botswana,Botswana,Cape Verde,Cape Verde,1,0,FT
2007,2024-10-15,African Cup of Nations qualification,,2024,,Rwanda,Rwanda,Benin,Benin,2,1,FT
2008,2024-10-15,African Cup of Nations qualification,,2024,,Sudan,Sudan,Ghana,Ghana,2,0,FT
2009,2024-10-15,African Cup of Nations qualification,,2024,,Niger,Niger,Angola,Angola,0,1,FT
2010,2024-10-15,African Cup of Nations qualification,,2024,,Chad,Chad,Zambia,Zambia,0,1,FT
2011,2024-10-15,African Cup of Nations qualification,,2024,,Sierra Leone,Sierra Leone,Ivory Coast,Ivory Coast,1,0,FT
2012,2024-10-15,African Cup of Nations qualification,,2024,,Tanzania,Tanzania,DR Congo,DR Congo,0,2,FT
2013,2024-10-15,African Cup of Nations qualification,,2024,,Ethiopia,Ethiopia,Guinea,Guinea,0,3,FT
2014,2024-10-15,African Cup of Nations qualification,,2024,,Guinea-Bissau,Guinea-Bissau,Mali,Mali,0,0,FT
2015,2024-10-15,African Cup of Nations qualification,,2024,,South Sudan,South Sudan,Uganda,Uganda,1,2,FT
2016,2024-10-15,African Cup of Nations qualification,,2024,,Congo,Congo,South Africa,South Africa,1,1,FT
2017,2024-10-15,African Cup of Nations qualification,,2024,,Malawi,Malawi,Senegal,Senegal,0,1,FT
2018,2024-10-15,CONCACAF Nations League,,2024,,Costa Rica,Costa Rica,Guatemala,Guatemala,3,0,FT
2019,2024-10-15,CONCACAF Nations League,,2024,,Guadeloupe,Guadeloupe,Martinique,Martinique,0,0,FT
2020,2024-10-15,CONCACAF Nations League,,2024,,Suriname,Suriname,Guyana,Guyana,5,1,FT
2021,2024-10-15,CONCACAF Nations League,,2024,,Dominican Republic,Dominican Republic,Antigua and Barbuda,Antigua and Barbuda,5,0,FT
2022,2024-10-15,CONCACAF Nations League,,2024,,Bermuda,Bermuda,Dominica,Dominica,3,2,FT
2023,2024-10-15,CONCACAF Nations League,,2024,,Barbados,Barbados,Bahamas,Bahamas,6,2,FT
2024,2024-10-15,CONCACAF Nations League,,2024,,Belize,Belize,Turks and Caicos Islands,Turks and Caicos Islands,3,0,FT
2025,2024-10-15,CONCACAF Nations League,,2024,,Saint Kitts and Nevis,Saint Kitts and Nevis,Cayman Islands,Cayman Islands,1,1,FT
2026,2024-10-15,UEFA Nations League,,2024,,Scotland,Scotland,Portugal,Portugal,0,0,FT
2027,2024-10-15,UEFA Nations League,,2024,,Poland,Poland,Croatia,Croatia,3,3,FT
2028,2024-10-15,UEFA Nations League,,2024,,Spain,Spain,Serbia,Serbia,3,0,FT
2029,2024-10-15,UEFA Nations League,,2024,,Switzerland,Switzerland,Denmark,Denmark,2,2,FT
2030,2024-10-15,UEFA Nations League,,2024,,Kosovo,Kosovo,Cyprus,Cyprus,3,0,FT
2031,2024-10-15,UEFA Nations League,,2024,,Lithuania,Lithuania,Romania,Romania,1,2,FT
2032,2024-10-15,UEFA Nations League,,2024,,Northern Ireland,Northern Ireland,Bulgaria,Bulgaria,5,0,FT
2033,2024-10-15,UEFA Nations League,,2024,,Belarus,Belarus,Luxembourg,Luxembourg,1,1,FT
2034,2024-10-15,FIFA World Cup qualification,,2024,,Colombia,Colombia,Chile,Chile,4,0,FT
2035,2024-10-15,FIFA World Cup qualification,,2024,,Paraguay,Paraguay,Venezuela,Venezuela,2,1,FT
2036,2024-10-15,FIFA World Cup qualification,,2024,,Uruguay,Uruguay,Ecuador,Ecuador,0,0,FT
2037,2024-10-15,FIFA World Cup qualification,,2024,,Argentina,Argentina,Bolivia,Bolivia,6,0,FT
2038,2024-10-15,FIFA World Cup qualification,,2024,,Brazil,Brazil,Peru,Peru,4,0,FT
2039,2024-10-15,FIFA World Cup qualification,,2024,,Uzbekistan,Uzbekistan,United Arab Emirates,United Arab Emirates,1,0,FT
2040,2024-10-15,FIFA World Cup qualification,,2024,,Iran,Iran,Qatar,Qatar,4,1,FT
2041,2024-10-15,FIFA World Cup qualification,,2024,,Kyrgyzstan,Kyrgyzstan,North Korea,North Korea,1,0,FT
2042,2024-10-15,FIFA World Cup qualification,,2024,,Jordan,Jordan,Oman,Oman,4,0,FT
2043,2024-10-15,FIFA World Cup qualification,,2024,,Palestine,Palestine,Kuwait,Kuwait,2,2,FT
2044,2024-10-15,FIFA World Cup qualification,,2024,,South Korea,South Korea,Iraq,Iraq,3,2,FT
2045,2024-10-15,FIFA World Cup qualification,,2024,,Japan,Japan,Australia,Australia,1,1,FT
2046,2024-10-15,FIFA World Cup qualification,,2024,,China,China,Indonesia,Indonesia,2,1,FT
2047,2024-10-15,FIFA World Cup qualification,,2024,,Saudi Arabia,Saudi Arabia,Bahrain,Bahrain,0,0,FT
2048,2024-10-15,ASEAN Championship qualification,,2024,,Timor-Leste,Timor-Leste,Brunei,Brunei,0,0,FT
2049,2024-11-13,Friendly,,2024,,Bangladesh,Bangladesh,Maldives,Maldives,0,1,FT
2050,2024-11-13,Friendly,,2024,,Tajikistan,Tajikistan,Nepal,Nepal,4,0,FT
2051,2024-11-13,African Cup of Nations qualification,,2024,,Liberia,Liberia,Togo,Togo,1,0,FT
2052,2024-11-13,African Cup of Nations qualification,,2024,,Chad,Chad,Sierra Leone,Sierra Leone,1,1,FT
2053,2024-11-13,African Cup of Nations qualification,,2024,,Namibia,Namibia,Cameroon,Cameroon,0,0,FT
2054,2024-11-14,UEFA Nations League,,2024,,Belgium,Belgium,Italy,Italy,0,1,FT
2055,2024-11-14,UEFA Nations League,,2024,,France,France,Israel,Israel,0,0,FT
2056,2024-11-14,UEFA Nations League,,2024,,Republic of Ireland,Republic of Ireland,Finland,Finland,1,0,FT
2057,2024-11-14,UEFA Nations League,,2024,,Greece,Greece,England,England,0,3,FT
2058,2024-11-14,UEFA Nations League,,2024,,Kazakhstan,Kazakhstan,Austria,Austria,0,2,FT
2059,2024-11-14,UEFA Nations League,,2024,,Slovenia,Slovenia,Norway,Norway,1,4,FT
2060,2024-11-14,UEFA Nations League,,2024,,North Macedonia,North Macedonia,Latvia,Latvia,1,0,FT
2061,2024-11-14,UEFA Nations League,,2024,,Armenia,Armenia,Faroe Islands,Faroe Islands,0,1,FT
2062,2024-11-14,CONCACAF Nations League,,2024,,Montserrat,Montserrat,Saint Vincent and the Grenadines,Saint Vincent and the Grenadines,1,2,FT
2063,2024-11-14,CONCACAF Nations League,,2024,,El Salvador,El Salvador,Bonaire,Bonaire,1,0,FT
2064,2024-11-14,CONCACAF Nations League,,2024,,Belize,Belize,French Guiana,French Guiana,2,1,FT
2065,2024-11-14,CONCACAF Nations League,,2024,,Saint Kitts and Nevis,Saint Kitts and Nevis,Cuba,Cuba,2,1,FT
2066,2024-11-14,CONCACAF Nations League,,2024,,Costa Rica,Costa Rica,Panama,Panama,0,1,FT
2067,2024-11-14,CONCACAF Nations League,,2024,,Jamaica,Jamaica,United States,United States,0,1,FT
2068,2024-11-14,Friendly,,2024,,Hong Kong,Hong Kong,Philippines,Philippines,3,1,FT
2069,2024-11-14,Friendly,,2024,,Malaysia,Malaysia,Laos,Laos,3,1,FT
2070,2024-11-14,Friendly,,2024,,Malta,Malta,Liechtenstein,Liechtenstein,2,0,FT
2071,2024-11-14,Friendly,,2024,,Singapore,Singapore,Myanmar,Myanmar,3,2,FT
2072,2024-11-14,Friendly,,2024,,Thailand,Thailand,Lebanon,Lebanon,0,0,FT
2073,2024-11-14,FIFA World Cup qualification,,2024,,Venezuela,Venezuela,Brazil,Brazil,1,1,FT
2074,2024-11-14,FIFA World Cup qualification,,2024,,Ecuador,Ecuador,Bolivia,Bolivia,4,0,FT
2075,2024-11-14,FIFA World Cup qualification,,2024,,Paraguay,Paraguay,Argentina,Argentina,2,1,FT
2076,2024-11-14,FIFA World Cup qualification,,2024,,Solomon Islands,Solomon Islands,New Caledonia,New Caledonia,2,3,FT
2077,2024-11-14,FIFA World Cup qualification,,2024,,Papua New Guinea,Papua New Guinea,Fiji,Fiji,3,3,FT
2078,2024-11-14,FIFA World Cup qualification,,2024,,North Korea,North Korea,Iran,Iran,2,3,FT
2079,2024-11-14,FIFA World Cup qualification,,2024,,Qatar,Qatar,Uzbekistan,Uzbekistan,3,2,FT
2080,2024-11-14,FIFA World Cup qualification,,2024,,United Arab Emirates,United Arab Emirates,Kyrgyzstan,Kyrgyzstan,3,0,FT
2081,2024-11-14,FIFA World Cup qualification,,2024,,Kuwait,Kuwait,South Korea,South Korea,1,3,FT
2082,2024-11-14,FIFA World Cup qualification,,2024,,Iraq,Iraq,Jordan,Jordan,0,0,FT
2083,2024-11-14,FIFA World Cup qualification,,2024,,Oman,Oman,Palestine,Palestine,1,0,FT
2084,2024-11-14,FIFA World Cup qualification,,2024,,Bahrain,Bahrain,China,China,0,1,FT
2085,2024-11-14,FIFA World Cup qualification,,2024,,Australia,Australia,Saudi Arabia,Saudi Arabia,0,0,FT
2086,2024-11-14,African Cup of Nations qualification,,2024,,Madagascar,Madagascar,Tunisia,Tunisia,2,3,FT
2087,2024-11-14,African Cup of Nations qualification,,2024,,Lesotho,Lesotho,Central African Republic,Central African Republic,1,0,FT
2088,2024-11-14,African Cup of Nations qualification,,2024,,Rwanda,Rwanda,Libya,Libya,0,1,FT
2089,2024-11-14,African Cup of Nations qualification,,2024,,Benin,Benin,Nigeria,Nigeria,1,1,FT
2090,2024-11-14,African Cup of Nations qualification,,2024,,Equatorial Guinea,Equatorial Guinea,Algeria,Algeria,0,0,FT
2091,2024-11-14,African Cup of Nations qualification,,2024,,Niger,Niger,Sudan,Sudan,4,0,FT
2092,2024-11-14,African Cup of Nations qualification,,2024,,South Sudan,South Sudan,Congo,Congo,3,2,FT
2093,2024-11-14,African Cup of Nations qualification,,2024,,Burundi,Burundi,Malawi,Malawi,0,0,FT
2094,2024-11-14,African Cup of Nations qualification,,2024,,Burkina Faso,Burkina Faso,Senegal,Senegal,0,1,FT
2095,2024-11-15,UEFA Nations League,,2024,,Portugal,Portugal,Poland,Poland,5,1,FT
2096,2024-11-15,UEFA Nations League,,2024,,Scotland,Scotland,Croatia,Croatia,1,0,FT
2097,2024-11-15,UEFA Nations League,,2024,,Denmark,Denmark,Spain,Spain,1,2,FT
2098,2024-11-15,UEFA Nations League,,2024,,Switzerland,Switzerland,Serbia,Serbia,1,1,FT
2099,2024-11-15,UEFA Nations League,,2024,,Cyprus,Cyprus,Lithuania,Lithuania,2,1,FT
2100,2024-11-15,UEFA Nations League,,2024,,Romania,Romania,Kosovo,Kosovo,0,0,FT
2101,2024-11-15,UEFA Nations League,,2024,,Northern Ireland,Northern Ireland,Belarus,Belarus,2,0,FT
2102,2024-11-15,UEFA Nations League,,2024,,Luxembourg,Luxembourg,Bulgaria,Bulgaria,0,1,FT
2103,2024-11-15,UEFA Nations League,,2024,,San Marino,San Marino,Gibraltar,Gibraltar,1,1,FT
2104,2024-11-15,CONCACAF Nations League,,2024,,Saint Lucia,Saint Lucia,Grenada,Grenada,0,4,FT
2105,2024-11-15,CONCACAF Nations League,,2024,,Curaçao,Curaçao,Saint Martin,Saint Martin,5,0,FT
2106,2024-11-15,CONCACAF Nations League,,2024,,Puerto Rico,Puerto Rico,Aruba,Aruba,5,1,FT
2107,2024-11-15,CONCACAF Nations League,,2024,,Sint Maarten,Sint Maarten,Haiti,Haiti,0,8,FT
2108,2024-11-15,CONCACAF Nations League,,2024,,Barbados,Barbados,Guyana,Guyana,1,4,FT
2109,2024-11-15,CONCACAF Nations League,,2024,,Cayman Islands,Cayman Islands,Guadeloupe,Guadeloupe,0,6,FT
2110,2024-11-15,CONCACAF Nations League,,2024,,Honduras,Honduras,Mexico,Mexico,2,0,FT
2111,2024-11-15,CONCACAF Nations League,,2024,,Suriname,Suriname,Canada,Canada,0,1,FT
2112,2024-11-15,FIFA World Cup qualification,,2024,,Peru,Peru,Chile,Chile,0,0,FT
2113,2024-11-15,FIFA World Cup qualification,,2024,,Uruguay,Uruguay,Colombia,Colombia,3,2,FT
2114,2024-11-15,FIFA World Cup qualification,,2024,,Samoa,Samoa,Tahiti,Tahiti,0,3,FT
2115,2024-11-15,FIFA World Cup qualification,,2024,,New Zealand,New Zealand,Vanuatu,Vanuatu,8,1,FT
2116,2024-11-15,FIFA World Cup qualification,,2024,,Indonesia,Indonesia,Japan,Japan,0,4,FT
2117,2024-11-15,Friendly,,2024,,Russia,Russia,Brunei,Brunei,2,1,FT
2118,2024-11-15,African Cup of Nations qualification,,2024,,Gambia,Gambia,Comoros,Comoros,1,2,FT
2119,2024-11-15,African Cup of Nations qualification,,2024,,Gabon,Gabon,Morocco,Morocco,1,5,FT
2120,2024-11-15,African Cup of Nations qualification,,2024,,Botswana,Botswana,Mauritania,Mauritania,1,1,FT
2121,2024-11-15,African Cup of Nations qualification,,2024,,Cape Verde,Cape Verde,Egypt,Egypt,1,1,FT
2122,2024-11-15,African Cup of Nations qualification,,2024,,Angola,Angola,Ghana,Ghana,1,1,FT
2123,2024-11-15,African Cup of Nations qualification,,2024,,Zambia,Zambia,Ivory Coast,Ivory Coast,1,0,FT
2124,2024-11-15,African Cup of Nations qualification,,2024,,Eswatini,Eswatini,Guinea-Bissau,Guinea-Bissau,1,1,FT
2125,2024-11-15,African Cup of Nations qualification,,2024,,Mozambique,Mozambique,Mali,Mali,0,1,FT
2126,2024-11-15,African Cup of Nations qualification,,2024,,Zimbabwe,Zimbabwe,Kenya,Kenya,1,1,FT
2127,2024-11-15,African Cup of Nations qualification,,2024,,Uganda,Uganda,South Africa,South Africa,0,2,FT
2128,2024-11-16,UEFA Nations League,,2024,,Germany,Germany,Bosnia and Herzegovina,Bosnia and Herzegovina,7,0,FT
2129,2024-11-16,UEFA Nations League,,2024,,Netherlands,Netherlands,Hungary,Hungary,4,0,FT
2130,2024-11-16,UEFA Nations League,,2024,,Albania,Albania,Czech Republic,Czech Republic,0,0,FT
2131,2024-11-16,UEFA Nations League,,2024,,Georgia,Georgia,Ukraine,Ukraine,1,1,FT
2132,2024-11-16,UEFA Nations League,,2024,,Montenegro,Montenegro,Iceland,Iceland,0,2,FT
2133,2024-11-16,UEFA Nations League,,2024,,Turkey,Turkey,Wales,Wales,0,0,FT
2134,2024-11-16,UEFA Nations League,,2024,,Azerbaijan,Azerbaijan,Estonia,Estonia,0,0,FT
2135,2024-11-16,UEFA Nations League,,2024,,Sweden,Sweden,Slovakia,Slovakia,2,1,FT
2136,2024-11-16,UEFA Nations League,,2024,,Andorra,Andorra,Moldova,Moldova,0,1,FT
2137,2024-11-16,CONCACAF Nations League,,2024,,Bermuda,Bermuda,Antigua and Barbuda,Antigua and Barbuda,2,1,FT
2138,2024-11-16,CONCACAF Nations League,,2024,,Dominican Republic,Dominican Republic,Dominica,Dominica,6,1,FT
2139,2024-11-16,Friendly,,2024,,Bangladesh,Bangladesh,Maldives,Maldives,2,1,FT
2140,2024-11-16,Friendly,,2024,,Nepal,Nepal,Afghanistan,Afghanistan,2,0,FT
2141,2024-11-16,Friendly,,2024,,Sri Lanka,Sri Lanka,Yemen,Yemen,1,0,FT
2142,2024-11-16,African Cup of Nations qualification,,2024,,Ethiopia,Ethiopia,Tanzania,Tanzania,0,2,FT
2143,2024-11-16,African Cup of Nations qualification,,2024,,Guinea,Guinea,DR Congo,DR Congo,1,0,FT
2144,2024-11-17,UEFA Nations League,,2024,,Israel,Israel,Belgium,Belgium,1,0,FT
2145,2024-11-17,UEFA Nations League,,2024,,Italy,Italy,France,France,1,3,FT
2146,2024-11-17,UEFA Nations League,,2024,,England,England,Republic of Ireland,Republic of Ireland,5,0,FT
2147,2024-11-17,UEFA Nations League,,2024,,Finland,Finland,Greece,Greece,0,2,FT
2148,2024-11-17,UEFA Nations League,,2024,,Norway,Norway,Kazakhstan,Kazakhstan,5,0,FT
2149,2024-11-17,UEFA Nations League,,2024,,Austria,Austria,Slovenia,Slovenia,1,1,FT
2150,2024-11-17,UEFA Nations League,,2024,,North Macedonia,North Macedonia,Faroe Islands,Faroe Islands,1,0,FT
2151,2024-11-17,UEFA Nations League,,2024,,Latvia,Latvia,Armenia,Armenia,1,2,FT
2152,2024-11-17,CONCACAF Nations League,,2024,,Saint Vincent and the Grenadines,Saint Vincent and the Grenadines,Bonaire,Bonaire,3,1,FT
2153,2024-11-17,CONCACAF Nations League,,2024,,El Salvador,El Salvador,Montserrat,Montserrat,1,0,FT
2154,2024-11-17,Friendly,,2024,,Thailand,Thailand,Laos,Laos,1,1,FT
2155,2024-11-17,FIFA World Cup qualification,,2024,,Fiji,Fiji,New Caledonia,New Caledonia,1,1,FT
2156,2024-11-17,FIFA World Cup qualification,,2024,,Papua New Guinea,Papua New Guinea,Solomon Islands,Solomon Islands,1,2,FT
2157,2024-11-17,African Cup of Nations qualification,,2024,,Algeria,Algeria,Liberia,Liberia,5,1,FT
2158,2024-11-17,African Cup of Nations qualification,,2024,,Togo,Togo,Equatorial Guinea,Equatorial Guinea,3,0,FT
2159,2024-11-18,UEFA Nations League,,2024,,Croatia,Croatia,Portugal,Portugal,1,1,FT
2160,2024-11-18,UEFA Nations League,,2024,,Poland,Poland,Scotland,Scotland,1,2,FT
2161,2024-11-18,UEFA Nations League,,2024,,Serbia,Serbia,Denmark,Denmark,0,0,FT
2162,2024-11-18,UEFA Nations League,,2024,,Spain,Spain,Switzerland,Switzerland,3,2,FT
2163,2024-11-18,UEFA Nations League,,2024,,Kosovo,Kosovo,Lithuania,Lithuania,1,0,FT
2164,2024-11-18,UEFA Nations League,,2024,,Romania,Romania,Cyprus,Cyprus,4,1,FT
2165,2024-11-18,UEFA Nations League,,2024,,Luxembourg,Luxembourg,Northern Ireland,Northern Ireland,2,2,FT
2166,2024-11-18,UEFA Nations League,,2024,,Bulgaria,Bulgaria,Belarus,Belarus,1,1,FT
2167,2024-11-18,UEFA Nations League,,2024,,Liechtenstein,Liechtenstein,San Marino,San Marino,1,3,FT
2168,2024-11-18,CONCACAF Nations League,,2024,,Grenada,Grenada,Saint Martin,Saint Martin,0,3,FT
2169,2024-11-18,CONCACAF Nations League,,2024,,Saint Lucia,Saint Lucia,Curaçao,Curaçao,1,4,FT
2170,2024-11-18,CONCACAF Nations League,,2024,,Aruba,Aruba,Sint Maarten,Sint Maarten,0,1,FT
2171,2024-11-18,CONCACAF Nations League,,2024,,Puerto Rico,Puerto Rico,Haiti,Haiti,0,3,FT
2172,2024-11-18,CONCACAF Nations League,,2024,,Cuba,Cuba,Saint Kitts and Nevis,Saint Kitts and Nevis,4,0,FT
2173,2024-11-18,CONCACAF Nations League,,2024,,Panama,Panama,Costa Rica,Costa Rica,2,2,FT
2174,2024-11-18,CONCACAF Nations League,,2024,,United States,United States,Jamaica,Jamaica,4,2,FT
2175,2024-11-18,Friendly,,2024,,India,India,Malaysia,Malaysia,1,1,FT
2176,2024-11-18,Friendly,,2024,,Singapore,Singapore,Taiwan,Taiwan,2,3,FT
2177,2024-11-18,FIFA World Cup qualification,,2024,,Tahiti,Tahiti,Vanuatu,Vanuatu,2,0,FT
2178,2024-11-18,FIFA World Cup qualification,,2024,,New Zealand,New Zealand,Samoa,Samoa,8,0,FT
2179,2024-11-18,African Cup of Nations qualification,,2024,,Tunisia,Tunisia,Gambia,Gambia,0,1,FT
2180,2024-11-18,African Cup of Nations qualification,,2024,,Comoros,Comoros,Madagascar,Madagascar,1,0,FT
2181,2024-11-18,African Cup of Nations qualification,,2024,,Morocco,Morocco,Lesotho,Lesotho,7,0,FT
2182,2024-11-18,African Cup of Nations qualification,,2024,,Central African Republic,Central African Republic,Gabon,Gabon,0,1,FT
2183,2024-11-18,African Cup of Nations qualification,,2024,,Nigeria,Nigeria,Rwanda,Rwanda,1,2,FT
2184,2024-11-18,African Cup of Nations qualification,,2024,,Libya,Libya,Benin,Benin,0,0,FT
2185,2024-11-18,African Cup of Nations qualification,,2024,,Ghana,Ghana,Niger,Niger,1,2,FT
2186,2024-11-18,African Cup of Nations qualification,,2024,,Sudan,Sudan,Angola,Angola,0,0,FT
2187,2024-11-18,African Cup of Nations qualification,,2024,,Malawi,Malawi,Burkina Faso,Burkina Faso,3,0,FT
2188,2024-11-19,UEFA Nations League,,2024,,Bosnia and Herzegovina,Bosnia and Herzegovina,Netherlands,Netherlands,1,1,FT
2189,2024-11-19,UEFA Nations League,,2024,,Hungary,Hungary,Germany,Germany,1,1,FT
2190,2024-11-19,UEFA Nations League,,2024,,Albania,Albania,Ukraine,Ukraine,1,2,FT
2191,2024-11-19,UEFA Nations League,,2024,,Czech Republic,Czech Republic,Georgia,Georgia,2,1,FT
2192,2024-11-19,UEFA Nations League,,2024,,Wales,Wales,Iceland,Iceland,4,1,FT
2193,2024-11-19,UEFA Nations League,,2024,,Montenegro,Montenegro,Turkey,Turkey,3,1,FT
2194,2024-11-19,UEFA Nations League,,2024,,Slovakia,Slovakia,Estonia,Estonia,1,0,FT
2195,2024-11-19,UEFA Nations League,,2024,,Sweden,Sweden,Azerbaijan,Azerbaijan,6,0,FT
2196,2024-11-19,UEFA Nations League,,2024,,Malta,Malta,Andorra,Andorra,0,0,FT
2197,2024-11-19,CONCACAF Nations League,,2024,,Antigua and Barbuda,Antigua and Barbuda,Dominica,Dominica,0,0,FT
2198,2024-11-19,CONCACAF Nations League,,2024,,Dominican Republic,Dominican Republic,Bermuda,Bermuda,6,1,FT
2199,2024-11-19,CONCACAF Nations League,,2024,,French Guiana,French Guiana,Belize,Belize,2,2,FT
2200,2024-11-19,CONCACAF Nations League,,2024,,Guadeloupe,Guadeloupe,Cayman Islands,Cayman Islands,1,0,FT
2201,2024-11-19,CONCACAF Nations League,,2024,,Guyana,Guyana,Barbados,Barbados,5,3,FT
2202,2024-11-19,CONCACAF Nations League,,2024,,Canada,Canada,Suriname,Suriname,3,0,FT
2203,2024-11-19,CONCACAF Nations League,,2024,,Mexico,Mexico,Honduras,Honduras,4,0,FT
2204,2024-11-19,Friendly,,2024,,Gibraltar,Gibraltar,Moldova,Moldova,1,1,FT
2205,2024-11-19,Friendly,,2024,,Hong Kong,Hong Kong,Mauritius,Mauritius,1,0,FT
2206,2024-11-19,Friendly,,2024,,Myanmar,Myanmar,Lebanon,Lebanon,2,3,FT
2207,2024-11-19,Friendly,,2024,,Russia,Russia,Syria,Syria,4,0,FT
2208,2024-11-19,Friendly,,2024,,Sri Lanka,Sri Lanka,Yemen,Yemen,0,2,FT
2209,2024-11-19,Friendly,,2024,,Tajikistan,Tajikistan,Afghanistan,Afghanistan,3,1,FT
2210,2024-11-19,FIFA World Cup qualification,,2024,,Bolivia,Bolivia,Paraguay,Paraguay,2,2,FT
2211,2024-11-19,FIFA World Cup qualification,,2024,,Colombia,Colombia,Ecuador,Ecuador,0,1,FT
2212,2024-11-19,FIFA World Cup qualification,,2024,,Argentina,Argentina,Peru,Peru,1,0,FT
2213,2024-11-19,FIFA World Cup qualification,,2024,,Chile,Chile,Venezuela,Venezuela,4,2,FT
2214,2024-11-19,FIFA World Cup qualification,,2024,,Brazil,Brazil,Uruguay,Uruguay,1,1,FT
2215,2024-11-19,FIFA World Cup qualification,,2024,,North Korea,North Korea,Uzbekistan,Uzbekistan,0,1,FT
2216,2024-11-19,FIFA World Cup qualification,,2024,,Kyrgyzstan,Kyrgyzstan,Iran,Iran,2,3,FT
2217,2024-11-19,FIFA World Cup qualification,,2024,,United Arab Emirates,United Arab Emirates,Qatar,Qatar,5,0,FT
2218,2024-11-19,FIFA World Cup qualification,,2024,,Palestine,Palestine,South Korea,South Korea,1,1,FT
2219,2024-11-19,FIFA World Cup qualification,,2024,,Oman,Oman,Iraq,Iraq,0,1,FT
2220,2024-11-19,FIFA World Cup qualification,,2024,,Kuwait,Kuwait,Jordan,Jordan,1,1,FT
2221,2024-11-19,FIFA World Cup qualification,,2024,,Bahrain,Bahrain,Australia,Australia,2,2,FT
2222,2024-11-19,FIFA World Cup qualification,,2024,,Indonesia,Indonesia,Saudi Arabia,Saudi Arabia,2,0,FT
2223,2024-11-19,FIFA World Cup qualification,,2024,,China,China,Japan,Japan,1,3,FT
2224,2024-11-19,African Cup of Nations qualification,,2024,,Egypt,Egypt,Botswana,Botswana,1,1,FT
2225,2024-11-19,African Cup of Nations qualification,,2024,,Mauritania,Mauritania,Cape Verde,Cape Verde,1,0,FT
2226,2024-11-19,African Cup of Nations qualification,,2024,,Ivory Coast,Ivory Coast,Chad,Chad,4,0,FT
2227,2024-11-19,African Cup of Nations qualification,,2024,,Sierra Leone,Sierra Leone,Zambia,Zambia,0,2,FT
2228,2024-11-19,African Cup of Nations qualification,,2024,,DR Congo,DR Congo,Ethiopia,Ethiopia,1,2,FT
2229,2024-11-19,African Cup of Nations qualification,,2024,,Tanzania,Tanzania,Guinea,Guinea,1,0,FT
2230,2024-11-19,African Cup of Nations qualification,,2024,,Mali,Mali,Eswatini,Eswatini,6,0,FT
2231,2024-11-19,African Cup of Nations qualification,,2024,,Guinea-Bissau,Guinea-Bissau,Mozambique,Mozambique,1,2,FT
2232,2024-11-19,African Cup of Nations qualification,,2024,,Cameroon,Cameroon,Zimbabwe,Zimbabwe,2,1,FT
2233,2024-11-19,African Cup of Nations qualification,,2024,,Kenya,Kenya,Namibia,Namibia,0,0,FT
2234,2024-11-19,African Cup of Nations qualification,,2024,,South Africa,South Africa,South Sudan,South Sudan,3,0,FT
2235,2024-11-19,African Cup of Nations qualification,,2024,,Congo,Congo,Uganda,Uganda,0,1,FT
2236,2024-11-19,African Cup of Nations qualification,,2024,,Senegal,Senegal,Burundi,Burundi,2,0,FT
2237,2024-12-08,ASEAN Championship,,2024,,Cambodia,Cambodia,Malaysia,Malaysia,2,2,FT
2238,2024-12-08,ASEAN Championship,,2024,,Timor-Leste,Timor-Leste,Thailand,Thailand,0,10,FT
2239,2024-12-08,EAFF Championship qualification,,2024,,Hong Kong,Hong Kong,Mongolia,Mongolia,3,0,FT
2240,2024-12-09,ASEAN Championship,,2024,,Myanmar,Myanmar,Indonesia,Indonesia,0,1,FT
2241,2024-12-09,ASEAN Championship,,2024,,Laos,Laos,Vietnam,Vietnam,1,4,FT
2242,2024-12-09,MSG Prime Minister's Cup,,2024,,Solomon Islands,Solomon Islands,Vanuatu,Vanuatu,4,1,FT
2243,2024-12-11,ASEAN Championship,,2024,,Singapore,Singapore,Cambodia,Cambodia,2,1,FT
2244,2024-12-11,ASEAN Championship,,2024,,Malaysia,Malaysia,Timor-Leste,Timor-Leste,3,2,FT
2245,2024-12-11,EAFF Championship qualification,,2024,,Taiwan,Taiwan,Mongolia,Mongolia,4,0,FT
2246,2024-12-12,ASEAN Championship,,2024,,Philippines,Philippines,Myanmar,Myanmar,1,1,FT
2247,2024-12-12,ASEAN Championship,,2024,,Indonesia,Indonesia,Laos,Laos,3,3,FT
2248,2024-12-12,MSG Prime Minister's Cup,,2024,,Fiji,Fiji,Vanuatu,Vanuatu,1,1,FT
2249,2024-12-14,ASEAN Championship,,2024,,Timor-Leste,Timor-Leste,Singapore,Singapore,0,3,FT
2250,2024-12-14,ASEAN Championship,,2024,,Thailand,Thailand,Malaysia,Malaysia,1,0,FT
2251,2024-12-14,EAFF Championship qualification,,2024,,Macau,Macau,Guam,Guam,1,2,FT
2252,2024-12-14,EAFF Championship qualification,,2024,,Hong Kong,Hong Kong,Taiwan,Taiwan,2,1,FT
2253,2024-12-15,ASEAN Championship,,2024,,Laos,Laos,Philippines,Philippines,1,1,FT
2254,2024-12-15,ASEAN Championship,,2024,,Vietnam,Vietnam,Indonesia,Indonesia,1,0,FT
2255,2024-12-15,MSG Prime Minister's Cup,,2024,,Papua New Guinea,Papua New Guinea,Fiji,Fiji,1,1,FT
2256,2024-12-17,ASEAN Championship,,2024,,Cambodia,Cambodia,Timor-Leste,Timor-Leste,2,1,FT
2257,2024-12-17,ASEAN Championship,,2024,,Singapore,Singapore,Thailand,Thailand,2,4,FT
2258,2024-12-17,EAFF Championship qualification,,2024,,Hong Kong,Hong Kong,Guam,Guam,5,0,FT
2259,2024-12-18,ASEAN Championship,,2024,,Myanmar,Myanmar,Laos,Laos,3,2,FT
2260,2024-12-18,ASEAN Championship,,2024,,Philippines,Philippines,Vietnam,Vietnam,1,1,FT
2261,2024-12-18,MSG Prime Minister's Cup,,2024,,Solomon Islands,Solomon Islands,Papua New Guinea,Papua New Guinea,2,3,FT
2262,2024-12-20,ASEAN Championship,,2024,,Thailand,Thailand,Cambodia,Cambodia,3,2,FT
2263,2024-12-20,ASEAN Championship,,2024,,Malaysia,Malaysia,Singapore,Singapore,0,0,FT
2264,2024-12-21,ASEAN Championship,,2024,,Vietnam,Vietnam,Myanmar,Myanmar,5,0,FT
2265,2024-12-21,ASEAN Championship,,2024,,Indonesia,Indonesia,Philippines,Philippines,0,1,FT
2266,2024-12-21,Gulf Cup,,2024,,Kuwait,Kuwait,Oman,Oman,1,1,FT
2267,2024-12-21,Gulf Cup,,2024,,Qatar,Qatar,United Arab Emirates,United Arab Emirates,1,1,FT
2268,2024-12-21,MSG Prime Minister's Cup,,2024,,Vanuatu,Vanuatu,Papua New Guinea,Papua New Guinea,1,2,FT
2269,2024-12-21,MSG Prime Minister's Cup,,2024,,Solomon Islands,Solomon Islands,Fiji,Fiji,1,3,FT
2270,2024-12-22,Gulf Cup,,2024,,Iraq,Iraq,Yemen,Yemen,1,0,FT
2271,2024-12-22,Gulf Cup,,2024,,Saudi Arabia,Saudi Arabia,Bahrain,Bahrain,2,3,FT
2272,2024-12-24,Gulf Cup,,2024,,Oman,Oman,Qatar,Qatar,2,1,FT
2273,2024-12-24,Gulf Cup,,2024,,Kuwait,Kuwait,United Arab Emirates,United Arab Emirates,2,1,FT
2274,2024-12-25,Gulf Cup,,2024,,Yemen,Yemen,Saudi Arabia,Saudi Arabia,2,3,FT
2275,2024-12-25,Gulf Cup,,2024,,Bahrain,Bahrain,Iraq,Iraq,2,0,FT
2276,2024-12-26,ASEAN Championship,,2024,,Singapore,Singapore,Vietnam,Vietnam,0,2,FT
2277,2024-12-27,ASEAN Championship,,2024,,Philippines,Philippines,Thailand,Thailand,2,1,FT
2278,2024-12-27,Gulf Cup,,2024,,Kuwait,Kuwait,Qatar,Qatar,1,1,FT
2279,2024-12-27,Gulf Cup,,2024,,United Arab Emirates,United Arab Emirates,Oman,Oman,1,1,FT
2280,2024-12-28,Gulf Cup,,2024,,Iraq,Iraq,Saudi Arabia,Saudi Arabia,1,3,FT
2281,2024-12-28,Gulf Cup,,2024,,Bahrain,Bahrain,Yemen,Yemen,1,2,FT
2282,2024-12-29,ASEAN Championship,,2024,,Vietnam,Vietnam,Singapore,Singapore,3,1,FT
2283,2024-12-30,ASEAN Championship,,2024,,Thailand,Thailand,Philippines,Philippines,3,1,FT
2284,2024-12-31,Gulf Cup,,2024,,Oman,Oman,Saudi Arabia,Saudi Arabia,2,1,FT
2285,2024-12-31,Gulf Cup,,2024,,Kuwait,Kuwait,Bahrain,Bahrain,0,1,FT
2286,2025-01-02,ASEAN Championship,,2025,,Vietnam,Vietnam,Thailand,Thailand,2,1,FT
2287,2025-01-03,Mapinduzi Cup,,2025,,Zanzibar,Zanzibar,Tanzania,Tanzania,1,0,FT
2288,2025-01-04,Gulf Cup,,2025,,Oman,Oman,Bahrain,Bahrain,1,2,FT
2289,2025-01-04,Mapinduzi Cup,,2025,,Burkina Faso,Burkina Faso,Kenya,Kenya,1,1,FT
2290,2025-01-05,ASEAN Championship,,2025,,Thailand,Thailand,Vietnam,Vietnam,2,3,FT
2291,2025-01-06,Mapinduzi Cup,,2025,,Zanzibar,Zanzibar,Burkina Faso,Burkina Faso,0,1,FT
2292,2025-01-07,Mapinduzi Cup,,2025,,Tanzania,Tanzania,Kenya,Kenya,0,2,FT
2293,2025-01-09,Mapinduzi Cup,,2025,,Tanzania,Tanzania,Burkina Faso,Burkina Faso,0,2,FT
2294,2025-01-10,Mapinduzi Cup,,2025,,Zanzibar,Zanzibar,Kenya,Kenya,1,0,FT
2295,2025-01-13,Mapinduzi Cup,,2025,,Zanzibar,Zanzibar,Burkina Faso,Burkina Faso,2,1,FT
2296,2025-01-18,Friendly,,2025,,United States,United States,Venezuela,Venezuela,3,1,FT
2297,2025-01-22,Friendly,,2025,,United States,United States,Costa Rica,Costa Rica,3,0,FT
2298,2025-01-22,Friendly,,2025,,Uzbekistan,Uzbekistan,Jordan,Jordan,0,0,FT
2299,2025-02-07,Friendly,,2025,,Jamaica,Jamaica,Trinidad and Tobago,Trinidad and Tobago,1,0,FT
2300,2025-02-08,Friendly,,2025,,Chile,Chile,Panama,Panama,6,1,FT
2301,2025-02-10,Friendly,,2025,,Jamaica,Jamaica,Trinidad and Tobago,Trinidad and Tobago,1,1,FT
2302,2025-02-13,Friendly,,2025,,Oman,Oman,Sudan,Sudan,0,0,FT
2303,2025-03-09,Friendly,,2025,,Saint Vincent and the Grenadines,Saint Vincent and the Grenadines,Grenada,Grenada,1,1,FT
2304,2025-03-13,Friendly,,2025,,Oman,Oman,Sudan,Sudan,0,0,FT
2305,2025-03-14,Friendly,,2025,,Jordan,Jordan,North Korea,North Korea,1,1,FT
2306,2025-03-16,Friendly,,2025,,Honduras,Honduras,Guatemala,Guatemala,1,2,FT
2307,2025-03-19,Friendly,,2025,,Hong Kong,Hong Kong,Macau,Macau,2,0,FT
2308,2025-03-19,Friendly,,2025,,India,India,Maldives,Maldives,3,0,FT
2309,2025-03-19,Friendly,,2025,,Vietnam,Vietnam,Cambodia,Cambodia,2,1,FT
2310,2025-03-19,FIFA World Cup qualification,,2025,,Eswatini,Eswatini,Cameroon,Cameroon,0,0,FT
2311,2025-03-19,FIFA World Cup qualification,,2025,,Liberia,Liberia,Tunisia,Tunisia,0,1,FT
2312,2025-03-19,FIFA World Cup qualification,,2025,,Central African Republic,Central African Republic,Madagascar,Madagascar,1,4,FT
2313,2025-03-19,Friendly,,2025,,Kazakhstan,Kazakhstan,Curaçao,Curaçao,2,0,FT
2314,2025-03-19,Friendly,,2025,,Russia,Russia,Grenada,Grenada,5,0,FT
2315,2025-03-20,CONCACAF Nations League,,2025,,Canada,Canada,Mexico,Mexico,0,2,FT
2316,2025-03-20,CONCACAF Nations League,,2025,,United States,United States,Panama,Panama,0,1,FT
2317,2025-03-20,UEFA Nations League,,2025,,Croatia,Croatia,France,France,2,0,FT
2318,2025-03-20,UEFA Nations League,,2025,,Denmark,Denmark,Portugal,Portugal,1,0,FT
2319,2025-03-20,UEFA Nations League,,2025,,Italy,Italy,Germany,Germany,1,2,FT
2320,2025-03-20,UEFA Nations League,,2025,,Netherlands,Netherlands,Spain,Spain,2,2,FT
2321,2025-03-20,UEFA Nations League,,2025,,Austria,Austria,Serbia,Serbia,1,1,FT
2322,2025-03-20,UEFA Nations League,,2025,,Greece,Greece,Scotland,Scotland,0,1,FT
2323,2025-03-20,UEFA Nations League,,2025,,Turkey,Turkey,Hungary,Hungary,3,1,FT
2324,2025-03-20,UEFA Nations League,,2025,,Ukraine,Ukraine,Belgium,Belgium,3,1,FT
2325,2025-03-20,UEFA Nations League,,2025,,Armenia,Armenia,Georgia,Georgia,0,3,FT
2326,2025-03-20,UEFA Nations League,,2025,,Bulgaria,Bulgaria,Republic of Ireland,Republic of Ireland,1,2,FT
2327,2025-03-20,UEFA Nations League,,2025,,Kosovo,Kosovo,Iceland,Iceland,2,1,FT
2328,2025-03-20,UEFA Nations League,,2025,,Slovakia,Slovakia,Slovenia,Slovenia,0,0,FT
2329,2025-03-20,Friendly,,2025,,Laos,Laos,Sri Lanka,Sri Lanka,1,2,FT
2330,2025-03-20,Friendly,,2025,,Tajikistan,Tajikistan,Belarus,Belarus,0,5,FT
2331,2025-03-20,FIFA World Cup qualification,,2025,,Paraguay,Paraguay,Chile,Chile,1,0,FT
2332,2025-03-20,FIFA World Cup qualification,,2025,,Peru,Peru,Bolivia,Bolivia,3,1,FT
2333,2025-03-20,FIFA World Cup qualification,,2025,,Brazil,Brazil,Colombia,Colombia,2,1,FT
2334,2025-03-20,FIFA World Cup qualification,,2025,,Iran,Iran,United Arab Emirates,United Arab Emirates,2,0,FT
2335,2025-03-20,FIFA World Cup qualification,,2025,,Uzbekistan,Uzbekistan,Kyrgyzstan,Kyrgyzstan,1,0,FT
2336,2025-03-20,FIFA World Cup qualification,,2025,,Qatar,Qatar,North Korea,North Korea,5,1,FT
2337,2025-03-20,FIFA World Cup qualification,,2025,,South Korea,South Korea,Oman,Oman,1,1,FT
2338,2025-03-20,FIFA World Cup qualification,,2025,,Iraq,Iraq,Kuwait,Kuwait,2,2,FT
2339,2025-03-20,FIFA World Cup qualification,,2025,,Jordan,Jordan,Palestine,Palestine,3,1,FT
2340,2025-03-20,FIFA World Cup qualification,,2025,,Japan,Japan,Bahrain,Bahrain,2,0,FT
2341,2025-03-20,FIFA World Cup qualification,,2025,,Australia,Australia,Indonesia,Indonesia,5,1,FT
2342,2025-03-20,FIFA World Cup qualification,,2025,,Saudi Arabia,Saudi Arabia,China,China,1,0,FT
2343,2025-03-20,FIFA World Cup qualification,,2025,,Sierra Leone,Sierra Leone,Guinea-Bissau,Guinea-Bissau,3,1,FT
2344,2025-03-20,FIFA World Cup qualification,,2025,,Zimbabwe,Zimbabwe,Benin,Benin,2,2,FT
2345,2025-03-20,FIFA World Cup qualification,,2025,,Cape Verde,Cape Verde,Mauritius,Mauritius,1,0,FT
2346,2025-03-20,FIFA World Cup qualification,,2025,,Libya,Libya,Angola,Angola,1,1,FT
2347,2025-03-20,FIFA World Cup qualification,,2025,,Gambia,Gambia,Kenya,Kenya,3,3,FT
2348,2025-03-20,FIFA World Cup qualification,,2025,,Gabon,Gabon,Seychelles,Seychelles,3,0,FT
2349,2025-03-20,FIFA World Cup qualification,,2025,,Mozambique,Mozambique,Uganda,Uganda,3,1,FT
2350,2025-03-20,FIFA World Cup qualification,,2025,,Malawi,Malawi,Namibia,Namibia,0,1,FT
2351,2025-03-20,FIFA World Cup qualification,,2025,,Comoros,Comoros,Mali,Mali,0,3,FT
2352,2025-03-20,Friendly,,2025,,Lebanon,Lebanon,Timor-Leste,Timor-Leste,4,0,FT
2353,2025-03-21,Gold Cup qualification,,2025,,Belize,Belize,Costa Rica,Costa Rica,0,7,FT
2354,2025-03-21,Gold Cup qualification,,2025,,Guyana,Guyana,Guatemala,Guatemala,3,2,FT
2355,2025-03-21,Gold Cup qualification,,2025,,Bermuda,Bermuda,Honduras,Honduras,3,5,FT
2356,2025-03-21,Gold Cup qualification,,2025,,Saint Vincent and the Grenadines,Saint Vincent and the Grenadines,Jamaica,Jamaica,1,1,FT
2357,2025-03-21,Gold Cup qualification,,2025,,Suriname,Suriname,Martinique,Martinique,1,0,FT
2358,2025-03-21,Gold Cup qualification,,2025,,Guadeloupe,Guadeloupe,Nicaragua,Nicaragua,1,0,FT
2359,2025-03-21,Gold Cup qualification,,2025,,Cuba,Cuba,Trinidad and Tobago,Trinidad and Tobago,1,2,FT
2360,2025-03-21,Friendly,,2025,,Northern Ireland,Northern Ireland,Switzerland,Switzerland,1,1,FT
2361,2025-03-21,Friendly,,2025,,Puerto Rico,Puerto Rico,Dominican Republic,Dominican Republic,2,2,FT
2362,2025-03-21,Friendly,,2025,,Singapore,Singapore,Nepal,Nepal,0,1,FT
2363,2025-03-21,Friendly,,2025,,Thailand,Thailand,Afghanistan,Afghanistan,2,0,FT
2364,2025-03-21,FIFA World Cup qualification,,2025,,Ecuador,Ecuador,Venezuela,Venezuela,2,1,FT
2365,2025-03-21,FIFA World Cup qualification,,2025,,Uruguay,Uruguay,Argentina,Argentina,0,1,FT
2366,2025-03-21,FIFA World Cup qualification,,2025,,New Caledonia,New Caledonia,Tahiti,Tahiti,3,0,FT
2367,2025-03-21,FIFA World Cup qualification,,2025,,New Zealand,New Zealand,Fiji,Fiji,7,0,FT
2368,2025-03-21,FIFA World Cup qualification,,2025,,Burkina Faso,Burkina Faso,Djibouti,Djibouti,4,1,FT
2369,2025-03-21,FIFA World Cup qualification,,2025,,Ethiopia,Ethiopia,Egypt,Egypt,0,2,FT
2370,2025-03-21,FIFA World Cup qualification,,2025,,DR Congo,DR Congo,South Sudan,South Sudan,1,0,FT
2371,2025-03-21,FIFA World Cup qualification,,2025,,Rwanda,Rwanda,Nigeria,Nigeria,0,2,FT
2372,2025-03-21,FIFA World Cup qualification,,2025,,South Africa,South Africa,Lesotho,Lesotho,0,3,FT
2373,2025-03-21,FIFA World Cup qualification,,2025,,Morocco,Morocco,Niger,Niger,2,1,FT
2374,2025-03-21,FIFA World Cup qualification,,2025,,Burundi,Burundi,Ivory Coast,Ivory Coast,0,1,FT
2375,2025-03-21,FIFA World Cup qualification,,2025,,Botswana,Botswana,Algeria,Algeria,1,3,FT
2376,2025-03-21,FIFA World Cup qualification,,2025,,Guinea,Guinea,Somalia,Somalia,0,0,FT
2377,2025-03-21,FIFA World Cup qualification,,2025,,Equatorial Guinea,Equatorial Guinea,São Tomé and Príncipe,São Tomé and Príncipe,2,0,FT
2378,2025-03-21,FIFA World Cup qualification,,2025,,Ghana,Ghana,Chad,Chad,5,0,FT
2379,2025-03-21,FIFA World Cup qualification,,2025,,Malta,Malta,Finland,Finland,0,1,FT
2380,2025-03-21,FIFA World Cup qualification,,2025,,Poland,Poland,Lithuania,Lithuania,1,0,FT
2381,2025-03-21,FIFA World Cup qualification,,2025,,Cyprus,Cyprus,San Marino,San Marino,2,0,FT
2382,2025-03-21,FIFA World Cup qualification,,2025,,Romania,Romania,Bosnia and Herzegovina,Bosnia and Herzegovina,0,1,FT
2383,2025-03-21,FIFA World Cup qualification,,2025,,England,England,Albania,Albania,2,0,FT
2384,2025-03-21,FIFA World Cup qualification,,2025,,Andorra,Andorra,Latvia,Latvia,0,1,FT
2385,2025-03-22,Friendly,,2025,,Azerbaijan,Azerbaijan,Haiti,Haiti,0,3,FT
2386,2025-03-22,Friendly,,2025,,Luxembourg,Luxembourg,Sweden,Sweden,1,0,FT
2387,2025-03-22,FIFA World Cup qualification,,2025,,Togo,Togo,Mauritania,Mauritania,2,2,FT
2388,2025-03-22,FIFA World Cup qualification,,2025,,Sudan,Sudan,Senegal,Senegal,0,0,FT
2389,2025-03-22,FIFA World Cup qualification,,2025,,Moldova,Moldova,Norway,Norway,0,5,FT
2390,2025-03-22,FIFA World Cup qualification,,2025,,Israel,Israel,Estonia,Estonia,2,1,FT
2391,2025-03-22,FIFA World Cup qualification,,2025,,Liechtenstein,Liechtenstein,North Macedonia,North Macedonia,0,3,FT
2392,2025-03-22,FIFA World Cup qualification,,2025,,Wales,Wales,Kazakhstan,Kazakhstan,3,1,FT
2393,2025-03-22,FIFA World Cup qualification,,2025,,Montenegro,Montenegro,Gibraltar,Gibraltar,3,1,FT
2394,2025-03-22,FIFA World Cup qualification,,2025,,Czech Republic,Czech Republic,Faroe Islands,Faroe Islands,2,1,FT
2395,2025-03-23,CONCACAF Nations League,,2025,,United States,United States,Canada,Canada,1,2,FT
2396,2025-03-23,CONCACAF Nations League,,2025,,Panama,Panama,Mexico,Mexico,1,2,FT
2397,2025-03-23,UEFA Nations League,,2025,,France,France,Croatia,Croatia,2,0,FT
2398,2025-03-23,UEFA Nations League,,2025,,Germany,Germany,Italy,Italy,3,3,FT
2399,2025-03-23,UEFA Nations League,,2025,,Portugal,Portugal,Denmark,Denmark,5,2,FT
2400,2025-03-23,UEFA Nations League,,2025,,Spain,Spain,Netherlands,Netherlands,3,3,FT
2401,2025-03-23,UEFA Nations League,,2025,,Belgium,Belgium,Ukraine,Ukraine,3,0,FT
2402,2025-03-23,UEFA Nations League,,2025,,Hungary,Hungary,Turkey,Turkey,0,3,FT
2403,2025-03-23,UEFA Nations League,,2025,,Scotland,Scotland,Greece,Greece,0,3,FT
2404,2025-03-23,UEFA Nations League,,2025,,Serbia,Serbia,Austria,Austria,2,0,FT
2405,2025-03-23,UEFA Nations League,,2025,,Georgia,Georgia,Armenia,Armenia,6,1,FT
2406,2025-03-23,UEFA Nations League,,2025,,Iceland,Iceland,Kosovo,Kosovo,1,3,FT
2407,2025-03-23,UEFA Nations League,,2025,,Republic of Ireland,Republic of Ireland,Bulgaria,Bulgaria,2,1,FT
2408,2025-03-23,UEFA Nations League,,2025,,Slovenia,Slovenia,Slovakia,Slovakia,1,0,FT
2409,2025-03-23,FIFA World Cup qualification,,2025,,Eswatini,Eswatini,Mauritius,Mauritius,3,3,FT
2410,2025-03-23,FIFA World Cup qualification,,2025,,Kenya,Kenya,Gabon,Gabon,1,2,FT
2411,2025-03-24,FIFA World Cup qualification,,2025,,New Zealand,New Zealand,New Caledonia,New Caledonia,3,0,FT
2412,2025-03-24,FIFA World Cup qualification,,2025,,Guinea-Bissau,Guinea-Bissau,Burkina Faso,Burkina Faso,1,2,FT
2413,2025-03-24,FIFA World Cup qualification,,2025,,Ethiopia,Ethiopia,Djibouti,Djibouti,6,1,FT
2414,2025-03-24,FIFA World Cup qualification,,2025,,Ivory Coast,Ivory Coast,Gambia,Gambia,1,0,FT
2415,2025-03-24,FIFA World Cup qualification,,2025,,Namibia,Namibia,Equatorial Guinea,Equatorial Guinea,1,1,FT
2416,2025-03-24,FIFA World Cup qualification,,2025,,Liberia,Liberia,São Tomé and Príncipe,São Tomé and Príncipe,2,1,FT
2417,2025-03-24,FIFA World Cup qualification,,2025,,Tunisia,Tunisia,Malawi,Malawi,2,0,FT
2418,2025-03-24,FIFA World Cup qualification,,2025,,Central African Republic,Central African Republic,Mali,Mali,0,0,FT
2419,2025-03-24,FIFA World Cup qualification,,2025,,Madagascar,Madagascar,Ghana,Ghana,0,3,FT
2420,2025-03-24,FIFA World Cup qualification,,2025,,Lithuania,Lithuania,Finland,Finland,2,2,FT
2421,2025-03-24,FIFA World Cup qualification,,2025,,Poland,Poland,Malta,Malta,2,0,FT
2422,2025-03-24,FIFA World Cup qualification,,2025,,Bosnia and Herzegovina,Bosnia and Herzegovina,Cyprus,Cyprus,2,1,FT
2423,2025-03-24,FIFA World Cup qualification,,2025,,San Marino,San Marino,Romania,Romania,1,5,FT
2424,2025-03-24,FIFA World Cup qualification,,2025,,England,England,Latvia,Latvia,3,0,FT
2425,2025-03-24,FIFA World Cup qualification,,2025,,Albania,Albania,Andorra,Andorra,3,0,FT
2426,2025-03-25,AFC Asian Cup qualification,,2025,,Tajikistan,Tajikistan,Timor-Leste,Timor-Leste,1,0,FT
2427,2025-03-25,AFC Asian Cup qualification,,2025,,Philippines,Philippines,Maldives,Maldives,4,1,FT
2428,2025-03-25,AFC Asian Cup qualification,,2025,,Bhutan,Bhutan,Yemen,Yemen,0,0,FT
2429,2025-03-25,AFC Asian Cup qualification,,2025,,Lebanon,Lebanon,Brunei,Brunei,5,0,FT
2430,2025-03-25,AFC Asian Cup qualification,,2025,,India,India,Bangladesh,Bangladesh,0,0,FT
2431,2025-03-25,AFC Asian Cup qualification,,2025,,Singapore,Singapore,Hong Kong,Hong Kong,0,0,FT
2432,2025-03-25,AFC Asian Cup qualification,,2025,,Taiwan,Taiwan,Turkmenistan,Turkmenistan,1,2,FT
2433,2025-03-25,AFC Asian Cup qualification,,2025,,Thailand,Thailand,Sri Lanka,Sri Lanka,1,0,FT
2434,2025-03-25,AFC Asian Cup qualification,,2025,,Myanmar,Myanmar,Afghanistan,Afghanistan,2,1,FT
2435,2025-03-25,AFC Asian Cup qualification,,2025,,Syria,Syria,Pakistan,Pakistan,2,0,FT
2436,2025-03-25,AFC Asian Cup qualification,,2025,,Vietnam,Vietnam,Laos,Laos,5,0,FT
2437,2025-03-25,AFC Asian Cup qualification,,2025,,Malaysia,Malaysia,Nepal,Nepal,2,0,FT
2438,2025-03-25,Gold Cup qualification,,2025,,Costa Rica,Costa Rica,Belize,Belize,6,1,FT
2439,2025-03-25,Gold Cup qualification,,2025,,Guatemala,Guatemala,Guyana,Guyana,2,0,FT
2440,2025-03-25,Gold Cup qualification,,2025,,Honduras,Honduras,Bermuda,Bermuda,2,0,FT
2441,2025-03-25,Gold Cup qualification,,2025,,Jamaica,Jamaica,Saint Vincent and the Grenadines,Saint Vincent and the Grenadines,3,0,FT
2442,2025-03-25,Gold Cup qualification,,2025,,Martinique,Martinique,Suriname,Suriname,0,1,FT
2443,2025-03-25,Gold Cup qualification,,2025,,Nicaragua,Nicaragua,Guadeloupe,Guadeloupe,0,1,FT
2444,2025-03-25,Gold Cup qualification,,2025,,Trinidad and Tobago,Trinidad and Tobago,Cuba,Cuba,4,0,FT
2445,2025-03-25,Friendly,,2025,,Azerbaijan,Azerbaijan,Belarus,Belarus,0,2,FT
2446,2025-03-25,Friendly,,2025,,Russia,Russia,Zambia,Zambia,5,0,FT
2447,2025-03-25,Friendly,,2025,,Cambodia,Cambodia,Aruba,Aruba,1,2,FT
2448,2025-03-25,Friendly,,2025,,Dominican Republic,Dominican Republic,Puerto Rico,Puerto Rico,2,0,FT
2449,2025-03-25,Friendly,,2025,,Niger,Niger,Bonaire,Bonaire,6,0,FT
2450,2025-03-25,Friendly,,2025,,Sweden,Sweden,Northern Ireland,Northern Ireland,5,1,FT
2451,2025-03-25,Friendly,,2025,,Switzerland,Switzerland,Luxembourg,Luxembourg,3,1,FT
2452,2025-03-25,FIFA World Cup qualification,,2025,,Bolivia,Bolivia,Uruguay,Uruguay,0,0,FT
2453,2025-03-25,FIFA World Cup qualification,,2025,,Colombia,Colombia,Paraguay,Paraguay,2,2,FT
2454,2025-03-25,FIFA World Cup qualification,,2025,,Venezuela,Venezuela,Peru,Peru,1,0,FT
2455,2025-03-25,FIFA World Cup qualification,,2025,,Argentina,Argentina,Brazil,Brazil,4,1,FT
2456,2025-03-25,FIFA World Cup qualification,,2025,,Chile,Chile,Ecuador,Ecuador,0,0,FT
2457,2025-03-25,FIFA World Cup qualification,,2025,,Iran,Iran,Uzbekistan,Uzbekistan,2,2,FT
2458,2025-03-25,FIFA World Cup qualification,,2025,,Kyrgyzstan,Kyrgyzstan,Qatar,Qatar,3,1,FT
2459,2025-03-25,FIFA World Cup qualification,,2025,,North Korea,North Korea,United Arab Emirates,United Arab Emirates,1,2,FT
2460,2025-03-25,FIFA World Cup qualification,,2025,,South Korea,South Korea,Jordan,Jordan,1,1,FT
2461,2025-03-25,FIFA World Cup qualification,,2025,,Kuwait,Kuwait,Oman,Oman,0,1,FT
2462,2025-03-25,FIFA World Cup qualification,,2025,,Palestine,Palestine,Iraq,Iraq,2,1,FT
2463,2025-03-25,FIFA World Cup qualification,,2025,,China,China,Australia,Australia,0,2,FT
2464,2025-03-25,FIFA World Cup qualification,,2025,,Japan,Japan,Saudi Arabia,Saudi Arabia,0,0,FT
2465,2025-03-25,FIFA World Cup qualification,,2025,,Indonesia,Indonesia,Bahrain,Bahrain,1,0,FT
2466,2025-03-25,FIFA World Cup qualification,,2025,,Egypt,Egypt,Sierra Leone,Sierra Leone,1,0,FT
2467,2025-03-25,FIFA World Cup qualification,,2025,,Mauritania,Mauritania,DR Congo,DR Congo,0,2,FT
2468,2025-03-25,FIFA World Cup qualification,,2025,,Senegal,Senegal,Togo,Togo,2,0,FT
2469,2025-03-25,FIFA World Cup qualification,,2025,,Sudan,Sudan,South Sudan,South Sudan,1,1,FT
2470,2025-03-25,FIFA World Cup qualification,,2025,,Benin,Benin,South Africa,South Africa,0,2,FT
2471,2025-03-25,FIFA World Cup qualification,,2025,,Nigeria,Nigeria,Zimbabwe,Zimbabwe,1,1,FT
2472,2025-03-25,FIFA World Cup qualification,,2025,,Rwanda,Rwanda,Lesotho,Lesotho,1,1,FT
2473,2025-03-25,FIFA World Cup qualification,,2025,,Angola,Angola,Cape Verde,Cape Verde,1,2,FT
2474,2025-03-25,FIFA World Cup qualification,,2025,,Cameroon,Cameroon,Libya,Libya,3,1,FT
2475,2025-03-25,FIFA World Cup qualification,,2025,,Morocco,Morocco,Tanzania,Tanzania,2,0,FT
2476,2025-03-25,FIFA World Cup qualification,,2025,,Burundi,Burundi,Seychelles,Seychelles,5,0,FT
2477,2025-03-25,FIFA World Cup qualification,,2025,,Uganda,Uganda,Guinea,Guinea,1,0,FT
2478,2025-03-25,FIFA World Cup qualification,,2025,,Botswana,Botswana,Somalia,Somalia,2,0,FT
2479,2025-03-25,FIFA World Cup qualification,,2025,,Algeria,Algeria,Mozambique,Mozambique,5,1,FT
2480,2025-03-25,FIFA World Cup qualification,,2025,,Comoros,Comoros,Chad,Chad,1,0,FT
2481,2025-03-25,FIFA World Cup qualification,,2025,,Moldova,Moldova,Estonia,Estonia,2,3,FT
2482,2025-03-25,FIFA World Cup qualification,,2025,,Israel,Israel,Norway,Norway,2,4,FT
2483,2025-03-25,FIFA World Cup qualification,,2025,,Liechtenstein,Liechtenstein,Kazakhstan,Kazakhstan,0,2,FT
2484,2025-03-25,FIFA World Cup qualification,,2025,,North Macedonia,North Macedonia,Wales,Wales,1,1,FT
2485,2025-03-25,FIFA World Cup qualification,,2025,,Gibraltar,Gibraltar,Czech Republic,Czech Republic,0,4,FT
2486,2025-03-25,FIFA World Cup qualification,,2025,,Montenegro,Montenegro,Faroe Islands,Faroe Islands,1,0,FT
2487,2025-05-09,Friendly,,2025,,Dominica,Dominica,Barbados,Barbados,0,0,FT
2488,2025-05-11,Friendly,,2025,,Dominica,Dominica,Barbados,Barbados,0,0,FT
2489,2025-05-21,Friendly,,2025,,Saint Kitts and Nevis,Saint Kitts and Nevis,Saint Vincent and the Grenadines,Saint Vincent and the Grenadines,1,3,FT
2490,2025-05-25,Friendly,,2025,,Anguilla,Anguilla,Saint Kitts and Nevis,Saint Kitts and Nevis,2,4,FT
2491,2025-05-25,Friendly,,2025,,Saint Vincent and the Grenadines,Saint Vincent and the Grenadines,Saint Kitts and Nevis,Saint Kitts and Nevis,3,0,FT
2492,2025-05-27,Unity Cup,,2025,,Jamaica,Jamaica,Trinidad and Tobago,Trinidad and Tobago,3,2,FT
2493,2025-05-28,Unity Cup,,2025,,Nigeria,Nigeria,Ghana,Ghana,2,1,FT
2494,2025-05-28,Friendly,,2025,,Oman,Oman,Lebanon,Lebanon,1,0,FT
2495,2025-05-29,Friendly,,2025,,Malaysia,Malaysia,Cape Verde,Cape Verde,1,1,FT
2496,2025-05-30,Friendly,,2025,,Saint Vincent and the Grenadines,Saint Vincent and the Grenadines,British Virgin Islands,British Virgin Islands,1,1,FT
2497,2025-05-30,Friendly,,2025,,Saudi Arabia,Saudi Arabia,Jordan,Jordan,2,0,FT
2498,2025-05-31,Unity Cup,,2025,,Trinidad and Tobago,Trinidad and Tobago,Ghana,Ghana,0,4,FT
2499,2025-05-31,Unity Cup,,2025,,Jamaica,Jamaica,Nigeria,Nigeria,2,2,FT
2500,2025-06-01,Friendly,,2025,,Grenada,Grenada,Anguilla,Anguilla,2,0,FT
2501,2025-06-01,Friendly,,2025,,El Salvador,El Salvador,Guatemala,Guatemala,1,1,FT
2502,2025-06-01,Friendly,,2025,,Puerto Rico,Puerto Rico,Nicaragua,Nicaragua,1,1,FT
2503,2025-06-02,Friendly,,2025,,Tunisia,Tunisia,Burkina Faso,Burkina Faso,2,0,FT
2504,2025-06-03,Friendly,,2025,,Malaysia,Malaysia,Cape Verde,Cape Verde,0,3,FT
2505,2025-06-04,UEFA Nations League,,2025,,Germany,Germany,Portugal,Portugal,1,2,FT
2506,2025-06-04,Friendly,,2025,,Thailand,Thailand,India,India,2,0,FT
2507,2025-06-04,Friendly,,2025,,Bangladesh,Bangladesh,Bhutan,Bhutan,2,0,FT
2508,2025-06-04,FIFA World Cup qualification,,2025,,Bermuda,Bermuda,Cayman Islands,Cayman Islands,5,0,FT
2509,2025-06-04,FIFA World Cup qualification,,2025,,Grenada,Grenada,Bahamas,Bahamas,6,0,FT
2510,2025-06-04,FIFA World Cup qualification,,2025,,Barbados,Barbados,Aruba,Aruba,1,1,FT
2511,2025-06-04,FIFA World Cup qualification,,2025,,Montserrat,Montserrat,Belize,Belize,1,0,FT
2512,2025-06-04,FIFA World Cup qualification,,2025,,Dominica,Dominica,British Virgin Islands,British Virgin Islands,3,0,FT
2513,2025-06-04,FIFA World Cup qualification,,2025,,Saint Vincent and the Grenadines,Saint Vincent and the Grenadines,Anguilla,Anguilla,6,0,FT
2514,2025-06-05,UEFA Nations League,,2025,,Spain,Spain,France,France,5,4,FT
2515,2025-06-05,Friendly,,2025,,Algeria,Algeria,Rwanda,Rwanda,2,0,FT
2516,2025-06-05,Friendly,,2025,,Belarus,Belarus,Kazakhstan,Kazakhstan,4,1,FT
2517,2025-06-05,Friendly,,2025,,Cambodia,Cambodia,Tajikistan,Tajikistan,1,2,FT
2518,2025-06-05,Friendly,,2025,,DR Congo,DR Congo,Mali,Mali,1,0,FT
2519,2025-06-05,Friendly,,2025,,Georgia,Georgia,Faroe Islands,Faroe Islands,1,0,FT
2520,2025-06-05,Friendly,,2025,,Hong Kong,Hong Kong,Nepal,Nepal,0,0,FT
2521,2025-06-05,Friendly,,2025,,Singapore,Singapore,Maldives,Maldives,3,1,FT
2522,2025-06-05,FIFA World Cup qualification,,2025,,Ecuador,Ecuador,Brazil,Brazil,0,0,FT
2523,2025-06-05,FIFA World Cup qualification,,2025,,Paraguay,Paraguay,Uruguay,Uruguay,2,0,FT
2524,2025-06-05,FIFA World Cup qualification,,2025,,Chile,Chile,Argentina,Argentina,0,1,FT
2525,2025-06-05,FIFA World Cup qualification,,2025,,United Arab Emirates,United Arab Emirates,Uzbekistan,Uzbekistan,0,0,FT
2526,2025-06-05,FIFA World Cup qualification,,2025,,North Korea,North Korea,Kyrgyzstan,Kyrgyzstan,2,2,FT
2527,2025-06-05,FIFA World Cup qualification,,2025,,Qatar,Qatar,Iran,Iran,1,0,FT
2528,2025-06-05,FIFA World Cup qualification,,2025,,Oman,Oman,Jordan,Jordan,0,3,FT
2529,2025-06-05,FIFA World Cup qualification,,2025,,Iraq,Iraq,South Korea,South Korea,0,2,FT
2530,2025-06-05,FIFA World Cup qualification,,2025,,Kuwait,Kuwait,Palestine,Palestine,0,2,FT
2531,2025-06-05,FIFA World Cup qualification,,2025,,Bahrain,Bahrain,Saudi Arabia,Saudi Arabia,0,2,FT
2532,2025-06-05,FIFA World Cup qualification,,2025,,Australia,Australia,Japan,Japan,1,0,FT
2533,2025-06-05,FIFA World Cup qualification,,2025,,Indonesia,Indonesia,China,China,1,0,FT
2534,2025-06-05,Friendly,,2025,,Sri Lanka,Sri Lanka,Brunei,Brunei,1,0,FT
2535,2025-06-06,Friendly,,2025,,Bulgaria,Bulgaria,Cyprus,Cyprus,2,2,FT
2536,2025-06-06,Friendly,,2025,,Burundi,Burundi,Guinea-Bissau,Guinea-Bissau,1,0,FT
2537,2025-06-06,Friendly,,2025,,Central African Republic,Central African Republic,Mauritania,Mauritania,2,1,FT
2538,2025-06-06,Friendly,,2025,,Equatorial Guinea,Equatorial Guinea,Gambia,Gambia,1,2,FT
2539,2025-06-06,Friendly,,2025,,Hungary,Hungary,Sweden,Sweden,0,2,FT
2540,2025-06-06,Friendly,,2025,,Kosovo,Kosovo,Armenia,Armenia,5,2,FT
2541,2025-06-06,Friendly,,2025,,Luxembourg,Luxembourg,Slovenia,Slovenia,0,1,FT
2542,2025-06-06,Friendly,,2025,,Morocco,Morocco,Tunisia,Tunisia,2,0,FT
2543,2025-06-06,Friendly,,2025,,Niger,Niger,Gabon,Gabon,4,3,FT
2544,2025-06-06,Friendly,,2025,,Poland,Poland,Moldova,Moldova,2,0,FT
2545,2025-06-06,Friendly,,2025,,Republic of Ireland,Republic of Ireland,Senegal,Senegal,1,1,FT
2546,2025-06-06,Friendly,,2025,,Scotland,Scotland,Iceland,Iceland,1,3,FT
2547,2025-06-06,Friendly,,2025,,South Africa,South Africa,Tanzania,Tanzania,0,0,FT
2548,2025-06-06,Friendly,,2025,,Uganda,Uganda,Cameroon,Cameroon,0,3,FT
2549,2025-06-06,Friendly,,2025,,Zimbabwe,Zimbabwe,Burkina Faso,Burkina Faso,0,2,FT
2550,2025-06-06,Friendly,,2025,,Russia,Russia,Nigeria,Nigeria,1,1,FT
2551,2025-06-06,FIFA World Cup qualification,,2025,,Colombia,Colombia,Peru,Peru,0,0,FT
2552,2025-06-06,FIFA World Cup qualification,,2025,,Venezuela,Venezuela,Bolivia,Bolivia,2,0,FT
2553,2025-06-06,FIFA World Cup qualification,,2025,,Norway,Norway,Italy,Italy,3,0,FT
2554,2025-06-06,FIFA World Cup qualification,,2025,,Estonia,Estonia,Israel,Israel,1,3,FT
2555,2025-06-06,FIFA World Cup qualification,,2025,,Wales,Wales,Liechtenstein,Liechtenstein,3,0,FT
2556,2025-06-06,FIFA World Cup qualification,,2025,,North Macedonia,North Macedonia,Belgium,Belgium,1,1,FT
2557,2025-06-06,FIFA World Cup qualification,,2025,,Czech Republic,Czech Republic,Montenegro,Montenegro,2,0,FT
2558,2025-06-06,FIFA World Cup qualification,,2025,,Gibraltar,Gibraltar,Croatia,Croatia,0,7,FT
2559,2025-06-06,FIFA World Cup qualification,,2025,,Antigua and Barbuda,Antigua and Barbuda,Cuba,Cuba,0,1,FT
2560,2025-06-06,FIFA World Cup qualification,,2025,,Trinidad and Tobago,Trinidad and Tobago,Saint Kitts and Nevis,Saint Kitts and Nevis,6,2,FT
2561,2025-06-06,FIFA World Cup qualification,,2025,,Curaçao,Curaçao,Saint Lucia,Saint Lucia,4,0,FT
2562,2025-06-06,FIFA World Cup qualification,,2025,,Nicaragua,Nicaragua,Guyana,Guyana,1,0,FT
2563,2025-06-06,FIFA World Cup qualification,,2025,,Guatemala,Guatemala,Dominican Republic,Dominican Republic,4,2,FT
2564,2025-06-06,FIFA World Cup qualification,,2025,,Suriname,Suriname,Puerto Rico,Puerto Rico,1,0,FT
2565,2025-06-07,Friendly,,2025,,Denmark,Denmark,Northern Ireland,Northern Ireland,2,1,FT
2566,2025-06-07,Friendly,,2025,,Greece,Greece,Slovakia,Slovakia,4,1,FT
2567,2025-06-07,Friendly,,2025,,Latvia,Latvia,Azerbaijan,Azerbaijan,0,0,FT
2568,2025-06-07,Friendly,,2025,,Mexico,Mexico,Switzerland,Switzerland,2,4,FT
2569,2025-06-07,Friendly,,2025,,United States,United States,Turkey,Turkey,1,2,FT
2570,2025-06-07,FIFA World Cup qualification,,2025,,Malta,Malta,Lithuania,Lithuania,0,0,FT
2571,2025-06-07,FIFA World Cup qualification,,2025,,Finland,Finland,Netherlands,Netherlands,0,2,FT
2572,2025-06-07,FIFA World Cup qualification,,2025,,Bosnia and Herzegovina,Bosnia and Herzegovina,San Marino,San Marino,1,0,FT
2573,2025-06-07,FIFA World Cup qualification,,2025,,Austria,Austria,Romania,Romania,2,1,FT
2574,2025-06-07,FIFA World Cup qualification,,2025,,Andorra,Andorra,England,England,0,1,FT
2575,2025-06-07,FIFA World Cup qualification,,2025,,Albania,Albania,Serbia,Serbia,0,0,FT
2576,2025-06-07,Canadian Shield,,2025,,Canada,Canada,Ukraine,Ukraine,4,2,FT
2577,2025-06-07,Canadian Shield,,2025,,Ivory Coast,Ivory Coast,New Zealand,New Zealand,0,1,FT
2578,2025-06-07,Friendly,,2025,,Kenya,Kenya,Chad,Chad,0,0,FT
2579,2025-06-07,FIFA World Cup qualification,,2025,,Cayman Islands,Cayman Islands,Honduras,Honduras,0,1,FT
2580,2025-06-07,FIFA World Cup qualification,,2025,,Bahamas,Bahamas,Costa Rica,Costa Rica,0,8,FT
2581,2025-06-07,FIFA World Cup qualification,,2025,,Aruba,Aruba,Haiti,Haiti,0,5,FT
2582,2025-06-07,FIFA World Cup qualification,,2025,,Belize,Belize,Panama,Panama,0,2,FT
2583,2025-06-07,FIFA World Cup qualification,,2025,,British Virgin Islands,British Virgin Islands,Jamaica,Jamaica,0,1,FT
2584,2025-06-07,FIFA World Cup qualification,,2025,,Anguilla,Anguilla,El Salvador,El Salvador,0,3,FT
2585,2025-06-08,UEFA Nations League,,2025,,Germany,Germany,France,France,0,2,FT
2586,2025-06-08,UEFA Nations League,,2025,,Portugal,Portugal,Spain,Spain,2,2,FT
2587,2025-06-08,Friendly,,2025,,DR Congo,DR Congo,Madagascar,Madagascar,3,1,FT
2588,2025-06-08,Friendly,,2025,,Georgia,Georgia,Cape Verde,Cape Verde,1,1,FT
2589,2025-06-09,Friendly,,2025,,Algeria,Algeria,Rwanda,Rwanda,2,0,FT
2590,2025-06-09,Friendly,,2025,,Equatorial Guinea,Equatorial Guinea,Cameroon,Cameroon,1,1,FT
2591,2025-06-09,Friendly,,2025,,Gabon,Gabon,Guinea-Bissau,Guinea-Bissau,2,0,FT
2592,2025-06-09,Friendly,,2025,,Kosovo,Kosovo,Comoros,Comoros,4,2,FT
2593,2025-06-09,Friendly,,2025,,Liechtenstein,Liechtenstein,Scotland,Scotland,0,4,FT
2594,2025-06-09,Friendly,,2025,,Montenegro,Montenegro,Armenia,Armenia,2,2,FT
2595,2025-06-09,Friendly,,2025,,Morocco,Morocco,Benin,Benin,1,0,FT
2596,2025-06-09,Friendly,,2025,,Uganda,Uganda,Gambia,Gambia,1,1,FT
2597,2025-06-09,FIFA World Cup qualification,,2025,,Italy,Italy,Moldova,Moldova,2,0,FT
2598,2025-06-09,FIFA World Cup qualification,,2025,,Estonia,Estonia,Norway,Norway,0,1,FT
2599,2025-06-09,FIFA World Cup qualification,,2025,,Kazakhstan,Kazakhstan,North Macedonia,North Macedonia,0,1,FT
2600,2025-06-09,FIFA World Cup qualification,,2025,,Belgium,Belgium,Wales,Wales,4,3,FT
2601,2025-06-09,FIFA World Cup qualification,,2025,,Faroe Islands,Faroe Islands,Gibraltar,Gibraltar,2,1,FT
2602,2025-06-09,FIFA World Cup qualification,,2025,,Croatia,Croatia,Czech Republic,Czech Republic,5,1,FT
2603,2025-06-10,AFC Asian Cup qualification,,2025,,Timor-Leste,Timor-Leste,Maldives,Maldives,1,0,FT
2604,2025-06-10,AFC Asian Cup qualification,,2025,,Philippines,Philippines,Tajikistan,Tajikistan,2,2,FT
2605,2025-06-10,AFC Asian Cup qualification,,2025,,Brunei,Brunei,Bhutan,Bhutan,2,1,FT
2606,2025-06-10,AFC Asian Cup qualification,,2025,,Yemen,Yemen,Lebanon,Lebanon,0,0,FT
2607,2025-06-10,AFC Asian Cup qualification,,2025,,Bangladesh,Bangladesh,Singapore,Singapore,1,2,FT
2608,2025-06-10,AFC Asian Cup qualification,,2025,,Hong Kong,Hong Kong,India,India,1,0,FT
2609,2025-06-10,AFC Asian Cup qualification,,2025,,Sri Lanka,Sri Lanka,Taiwan,Taiwan,3,1,FT
2610,2025-06-10,AFC Asian Cup qualification,,2025,,Turkmenistan,Turkmenistan,Thailand,Thailand,3,1,FT
2611,2025-06-10,AFC Asian Cup qualification,,2025,,Myanmar,Myanmar,Pakistan,Pakistan,1,0,FT
2612,2025-06-10,AFC Asian Cup qualification,,2025,,Afghanistan,Afghanistan,Syria,Syria,0,1,FT
2613,2025-06-10,AFC Asian Cup qualification,,2025,,Laos,Laos,Nepal,Nepal,2,1,FT
2614,2025-06-10,AFC Asian Cup qualification,,2025,,Malaysia,Malaysia,Vietnam,Vietnam,4,0,FT
2615,2025-06-10,Friendly,,2025,,Azerbaijan,Azerbaijan,Hungary,Hungary,1,2,FT
2616,2025-06-10,Friendly,,2025,,Burundi,Burundi,Mauritania,Mauritania,0,0,FT
2617,2025-06-10,Friendly,,2025,,Chad,Chad,Kenya,Kenya,1,2,FT
2618,2025-06-10,Friendly,,2025,,Denmark,Denmark,Lithuania,Lithuania,5,0,FT
2619,2025-06-10,Friendly,,2025,,England,England,Senegal,Senegal,1,3,FT
2620,2025-06-10,Friendly,,2025,,Greece,Greece,Bulgaria,Bulgaria,4,0,FT
2621,2025-06-10,Friendly,,2025,,Israel,Israel,Slovakia,Slovakia,1,0,FT
2622,2025-06-10,Friendly,,2025,,Luxembourg,Luxembourg,Republic of Ireland,Republic of Ireland,0,0,FT
2623,2025-06-10,Friendly,,2025,,Mexico,Mexico,Turkey,Turkey,1,0,FT
2624,2025-06-10,Friendly,,2025,,Niger,Niger,Zimbabwe,Zimbabwe,1,1,FT
2625,2025-06-10,Friendly,,2025,,Northern Ireland,Northern Ireland,Iceland,Iceland,1,0,FT
2626,2025-06-10,Friendly,,2025,,Slovenia,Slovenia,Bosnia and Herzegovina,Bosnia and Herzegovina,2,1,FT
2627,2025-06-10,Friendly,,2025,,South Africa,South Africa,Mozambique,Mozambique,2,0,FT
2628,2025-06-10,Friendly,,2025,,Sweden,Sweden,Algeria,Algeria,4,3,FT
2629,2025-06-10,Friendly,,2025,,United States,United States,Switzerland,Switzerland,0,4,FT
2630,2025-06-10,FIFA World Cup qualification,,2025,,Bolivia,Bolivia,Chile,Chile,2,0,FT
2631,2025-06-10,FIFA World Cup qualification,,2025,,Uruguay,Uruguay,Venezuela,Venezuela,2,0,FT
2632,2025-06-10,FIFA World Cup qualification,,2025,,Peru,Peru,Ecuador,Ecuador,0,0,FT
2633,2025-06-10,FIFA World Cup qualification,,2025,,Argentina,Argentina,Colombia,Colombia,1,1,FT
2634,2025-06-10,FIFA World Cup qualification,,2025,,Brazil,Brazil,Paraguay,Paraguay,1,0,FT
2635,2025-06-10,FIFA World Cup qualification,,2025,,Uzbekistan,Uzbekistan,Qatar,Qatar,3,0,FT
2636,2025-06-10,FIFA World Cup qualification,,2025,,Iran,Iran,North Korea,North Korea,3,0,FT
2637,2025-06-10,FIFA World Cup qualification,,2025,,Kyrgyzstan,Kyrgyzstan,United Arab Emirates,United Arab Emirates,1,1,FT
2638,2025-06-10,FIFA World Cup qualification,,2025,,South Korea,South Korea,Kuwait,Kuwait,4,0,FT
2639,2025-06-10,FIFA World Cup qualification,,2025,,Jordan,Jordan,Iraq,Iraq,0,1,FT
2640,2025-06-10,FIFA World Cup qualification,,2025,,Palestine,Palestine,Oman,Oman,1,1,FT
2641,2025-06-10,FIFA World Cup qualification,,2025,,China,China,Bahrain,Bahrain,1,0,FT
2642,2025-06-10,FIFA World Cup qualification,,2025,,Japan,Japan,Indonesia,Indonesia,6,0,FT
2643,2025-06-10,FIFA World Cup qualification,,2025,,Saudi Arabia,Saudi Arabia,Australia,Australia,1,2,FT
2644,2025-06-10,FIFA World Cup qualification,,2025,,Netherlands,Netherlands,Malta,Malta,8,0,FT
2645,2025-06-10,FIFA World Cup qualification,,2025,,Finland,Finland,Poland,Poland,2,1,FT
2646,2025-06-10,FIFA World Cup qualification,,2025,,San Marino,San Marino,Austria,Austria,0,4,FT
2647,2025-06-10,FIFA World Cup qualification,,2025,,Romania,Romania,Cyprus,Cyprus,2,0,FT
2648,2025-06-10,FIFA World Cup qualification,,2025,,Serbia,Serbia,Andorra,Andorra,3,0,FT
2649,2025-06-10,FIFA World Cup qualification,,2025,,Latvia,Latvia,Albania,Albania,1,1,FT
2650,2025-06-10,Canadian Shield,,2025,,New Zealand,New Zealand,Ukraine,Ukraine,1,2,FT
2651,2025-06-10,Canadian Shield,,2025,,Canada,Canada,Ivory Coast,Ivory Coast,0,0,FT
2652,2025-06-10,Friendly,,2025,,Belarus,Belarus,Russia,Russia,1,4,FT
2653,2025-06-10,FIFA World Cup qualification,,2025,,Cuba,Cuba,Bermuda,Bermuda,1,2,FT
2654,2025-06-10,FIFA World Cup qualification,,2025,,Honduras,Honduras,Antigua and Barbuda,Antigua and Barbuda,2,0,FT
2655,2025-06-10,FIFA World Cup qualification,,2025,,Saint Kitts and Nevis,Saint Kitts and Nevis,Grenada,Grenada,2,3,FT
2656,2025-06-10,FIFA World Cup qualification,,2025,,Costa Rica,Costa Rica,Trinidad and Tobago,Trinidad and Tobago,2,1,FT
2657,2025-06-10,FIFA World Cup qualification,,2025,,Saint Lucia,Saint Lucia,Barbados,Barbados,2,1,FT
2658,2025-06-10,FIFA World Cup qualification,,2025,,Haiti,Haiti,Curaçao,Curaçao,1,5,FT
2659,2025-06-10,FIFA World Cup qualification,,2025,,Guyana,Guyana,Montserrat,Montserrat,3,0,FT
2660,2025-06-10,FIFA World Cup qualification,,2025,,Panama,Panama,Nicaragua,Nicaragua,3,0,FT
2661,2025-06-10,FIFA World Cup qualification,,2025,,Dominican Republic,Dominican Republic,Dominica,Dominica,5,0,FT
2662,2025-06-10,FIFA World Cup qualification,,2025,,Jamaica,Jamaica,Guatemala,Guatemala,3,0,FT
2663,2025-06-10,FIFA World Cup qualification,,2025,,Puerto Rico,Puerto Rico,Saint Vincent and the Grenadines,Saint Vincent and the Grenadines,2,1,FT
2664,2025-06-10,FIFA World Cup qualification,,2025,,El Salvador,El Salvador,Suriname,Suriname,1,1,FT
2665,2025-06-14,Gold Cup,,2025,,Mexico,Mexico,Dominican Republic,Dominican Republic,3,2,FT
2666,2025-06-15,Gold Cup,,2025,,Costa Rica,Costa Rica,Suriname,Suriname,4,3,FT
2667,2025-06-15,Gold Cup,,2025,,United States,United States,Trinidad and Tobago,Trinidad and Tobago,5,0,FT
2668,2025-06-15,Gold Cup,,2025,,Haiti,Haiti,Saudi Arabia,Saudi Arabia,0,1,FT
2669,2025-06-16,Gold Cup,,2025,,Panama,Panama,Guadeloupe,Guadeloupe,5,2,FT
2670,2025-06-16,Gold Cup,,2025,,Jamaica,Jamaica,Guatemala,Guatemala,0,1,FT
2671,2025-06-17,Gold Cup,,2025,,Curaçao,Curaçao,El Salvador,El Salvador,0,0,FT
2672,2025-06-17,Gold Cup,,2025,,Canada,Canada,Honduras,Honduras,6,0,FT
2673,2025-06-18,Gold Cup,,2025,,Costa Rica,Costa Rica,Dominican Republic,Dominican Republic,2,1,FT
2674,2025-06-18,Gold Cup,,2025,,Suriname,Suriname,Mexico,Mexico,0,2,FT
2675,2025-06-19,Gold Cup,,2025,,Trinidad and Tobago,Trinidad and Tobago,Haiti,Haiti,1,1,FT
2676,2025-06-19,Gold Cup,,2025,,United States,United States,Saudi Arabia,Saudi Arabia,1,0,FT
2677,2025-06-20,Gold Cup,,2025,,Jamaica,Jamaica,Guadeloupe,Guadeloupe,2,1,FT
2678,2025-06-20,Gold Cup,,2025,,Guatemala,Guatemala,Panama,Panama,0,1,FT
2679,2025-06-21,Gold Cup,,2025,,Curaçao,Curaçao,Canada,Canada,1,1,FT
2680,2025-06-21,Gold Cup,,2025,,Honduras,Honduras,El Salvador,El Salvador,2,0,FT
2681,2025-06-22,Gold Cup,,2025,,Mexico,Mexico,Costa Rica,Costa Rica,0,0,FT
2682,2025-06-22,Gold Cup,,2025,,Dominican Republic,Dominican Republic,Suriname,Suriname,0,0,FT
2683,2025-06-22,Gold Cup,,2025,,Saudi Arabia,Saudi Arabia,Trinidad and Tobago,Trinidad and Tobago,1,1,FT
2684,2025-06-22,Gold Cup,,2025,,United States,United States,Haiti,Haiti,2,1,FT
2685,2025-06-24,Gold Cup,,2025,,Honduras,Honduras,Curaçao,Curaçao,2,1,FT
2686,2025-06-24,Gold Cup,,2025,,Canada,Canada,El Salvador,El Salvador,2,0,FT
2687,2025-06-24,Gold Cup,,2025,,Panama,Panama,Jamaica,Jamaica,4,1,FT
2688,2025-06-24,Gold Cup,,2025,,Guadeloupe,Guadeloupe,Guatemala,Guatemala,2,3,FT
2689,2025-06-28,Gold Cup,,2025,,Panama,Panama,Honduras,Honduras,1,1,FT
2690,2025-06-28,Gold Cup,,2025,,Mexico,Mexico,Saudi Arabia,Saudi Arabia,2,0,FT
2691,2025-06-29,Gold Cup,,2025,,Canada,Canada,Guatemala,Guatemala,1,1,FT
2692,2025-06-29,Gold Cup,,2025,,United States,United States,Costa Rica,Costa Rica,2,2,FT
2693,2025-07-01,CONIFA Asia Cup,,2025,,Tamil Eelam,Tamil Eelam,Tibet,Tibet,4,0,FT
2694,2025-07-02,Gold Cup,,2025,,United States,United States,Guatemala,Guatemala,2,1,FT
2695,2025-07-02,Gold Cup,,2025,,Mexico,Mexico,Honduras,Honduras,1,0,FT
2696,2025-07-02,CONIFA Asia Cup,,2025,,Tamil Eelam,Tamil Eelam,East Turkestan,East Turkestan,2,1,FT
2697,2025-07-03,CONIFA Asia Cup,,2025,,Tibet,Tibet,East Turkestan,East Turkestan,4,6,FT
2698,2025-07-04,CONIFA Asia Cup,,2025,,Tamil Eelam,Tamil Eelam,East Turkestan,East Turkestan,5,0,FT
2699,2025-07-06,Gold Cup,,2025,,United States,United States,Mexico,Mexico,1,2,FT
2700,2025-07-13,Island Games,,2025,,Hitra,Hitra,Isle of Man,Isle of Man,2,7,FT
2701,2025-07-13,Island Games,,2025,,Orkney,Orkney,Frøya,Frøya,3,0,FT
2702,2025-07-13,Island Games,,2025,,Gozo,Gozo,Shetland,Shetland,0,0,FT
2703,2025-07-14,Island Games,,2025,,Orkney,Orkney,Hitra,Hitra,3,2,FT
2704,2025-07-14,Island Games,,2025,,Isle of Man,Isle of Man,Frøya,Frøya,10,1,FT
2705,2025-07-14,Island Games,,2025,,Jersey,Jersey,Gozo,Gozo,2,0,FT
2706,2025-07-14,Island Games,,2025,,Ynys Môn,Ynys Môn,Western Isles,Western Isles,1,0,FT
2707,2025-07-15,Island Games,,2025,,Orkney,Orkney,Isle of Man,Isle of Man,1,3,FT
2708,2025-07-15,Island Games,,2025,,Frøya,Frøya,Hitra,Hitra,0,6,FT
2709,2025-07-15,Island Games,,2025,,Jersey,Jersey,Shetland,Shetland,2,2,FT
2710,2025-07-17,Island Games,,2025,,Hitra,Hitra,Frøya,Frøya,3,0,FT
2711,2025-07-17,Island Games,,2025,,Gozo,Gozo,Western Isles,Western Isles,3,3,FT
2712,2025-07-17,Island Games,,2025,,Orkney,Orkney,Shetland,Shetland,3,2,FT
2713,2025-07-17,Island Games,,2025,,Isle of Man,Isle of Man,Ynys Môn,Ynys Môn,0,1,FT
2714,2025-07-18,Island Games,,2025,,Isle of Man,Isle of Man,Jersey,Jersey,3,2,FT
2715,2025-08-13,Outrigger Challenge Cup,,2025,,United States Virgin Islands,United States Virgin Islands,Turks and Caicos Islands,Turks and Caicos Islands,1,1,FT
2716,2025-08-14,Outrigger Challenge Cup,,2025,,Marshall Islands,Marshall Islands,United States Virgin Islands,United States Virgin Islands,0,4,FT
2717,2025-08-16,Outrigger Challenge Cup,,2025,,Turks and Caicos Islands,Turks and Caicos Islands,Marshall Islands,Marshall Islands,3,2,FT
2718,2025-08-24,Friendly,,2025,,Qatar,Qatar,Lebanon,Lebanon,2,2,FT
2719,2025-09-03,Friendly,,2025,,Qatar,Qatar,Bahrain,Bahrain,2,2,FT
2720,2025-09-03,FIFA World Cup qualification,,2025,,Seychelles,Seychelles,Gabon,Gabon,0,4,FT
2721,2025-09-04,Friendly,,2025,,Gibraltar,Gibraltar,Albania,Albania,0,1,FT
2722,2025-09-04,Friendly,,2025,,Malaysia,Malaysia,Singapore,Singapore,2,1,FT
2723,2025-09-04,Friendly,,2025,,Norway,Norway,Finland,Finland,1,0,FT
2724,2025-09-04,Friendly,,2025,,Russia,Russia,Jordan,Jordan,0,0,FT
2725,2025-09-04,Friendly,,2025,,Saudi Arabia,Saudi Arabia,North Macedonia,North Macedonia,2,1,FT
2726,2025-09-04,Friendly,,2025,,United Arab Emirates,United Arab Emirates,Syria,Syria,3,1,FT
2727,2025-09-04,FIFA World Cup qualification,,2025,,Colombia,Colombia,Bolivia,Bolivia,3,0,FT
2728,2025-09-04,FIFA World Cup qualification,,2025,,Argentina,Argentina,Venezuela,Venezuela,3,0,FT
2729,2025-09-04,FIFA World Cup qualification,,2025,,Paraguay,Paraguay,Ecuador,Ecuador,0,0,FT
2730,2025-09-04,FIFA World Cup qualification,,2025,,Uruguay,Uruguay,Peru,Peru,3,0,FT
2731,2025-09-04,FIFA World Cup qualification,,2025,,Brazil,Brazil,Chile,Chile,3,0,FT
2732,2025-09-04,FIFA World Cup qualification,,2025,,Guinea-Bissau,Guinea-Bissau,Sierra Leone,Sierra Leone,1,1,FT
2733,2025-09-04,FIFA World Cup qualification,,2025,,Angola,Angola,Libya,Libya,0,1,FT
2734,2025-09-04,FIFA World Cup qualification,,2025,,Cameroon,Cameroon,Eswatini,Eswatini,3,0,FT
2735,2025-09-04,FIFA World Cup qualification,,2025,,Mauritius,Mauritius,Cape Verde,Cape Verde,0,2,FT
2736,2025-09-04,FIFA World Cup qualification,,2025,,Algeria,Algeria,Botswana,Botswana,3,1,FT
2737,2025-09-04,FIFA World Cup qualification,,2025,,São Tomé and Príncipe,São Tomé and Príncipe,Equatorial Guinea,Equatorial Guinea,2,3,FT
2738,2025-09-04,FIFA World Cup qualification,,2025,,Tunisia,Tunisia,Liberia,Liberia,3,0,FT
2739,2025-09-04,FIFA World Cup qualification,,2025,,Chad,Chad,Ghana,Ghana,1,1,FT
2740,2025-09-04,FIFA World Cup qualification,,2025,,Madagascar,Madagascar,Central African Republic,Central African Republic,2,0,FT
2741,2025-09-04,FIFA World Cup qualification,,2025,,Mali,Mali,Comoros,Comoros,3,0,FT
2742,2025-09-04,FIFA World Cup qualification,,2025,,Luxembourg,Luxembourg,Northern Ireland,Northern Ireland,1,3,FT
2743,2025-09-04,FIFA World Cup qualification,,2025,,Slovakia,Slovakia,Germany,Germany,2,0,FT
2744,2025-09-04,FIFA World Cup qualification,,2025,,Georgia,Georgia,Turkey,Turkey,2,3,FT
2745,2025-09-04,FIFA World Cup qualification,,2025,,Bulgaria,Bulgaria,Spain,Spain,0,3,FT
2746,2025-09-04,FIFA World Cup qualification,,2025,,Lithuania,Lithuania,Malta,Malta,1,1,FT
2747,2025-09-04,FIFA World Cup qualification,,2025,,Netherlands,Netherlands,Poland,Poland,1,1,FT
2748,2025-09-04,FIFA World Cup qualification,,2025,,Kazakhstan,Kazakhstan,Wales,Wales,0,1,FT
2749,2025-09-04,FIFA World Cup qualification,,2025,,Liechtenstein,Liechtenstein,Belgium,Belgium,0,6,FT
2750,2025-09-04,King's Cup,,2025,,Iraq,Iraq,Hong Kong,Hong Kong,2,1,FT
2751,2025-09-04,King's Cup,,2025,,Thailand,Thailand,Fiji,Fiji,3,0,FT
2752,2025-09-04,FIFA World Cup qualification,,2025,,Suriname,Suriname,Panama,Panama,0,0,FT
2753,2025-09-04,FIFA World Cup qualification,,2025,,Guatemala,Guatemala,El Salvador,El Salvador,0,1,FT
2754,2025-09-05,Soccer Ashes,,2025,,Australia,Australia,New Zealand,New Zealand,1,0,FT
2755,2025-09-05,Friendly,,2025,,Indonesia,Indonesia,Taiwan,Taiwan,6,0,FT
2756,2025-09-05,Friendly,,2025,,Romania,Romania,Canada,Canada,0,3,FT
2757,2025-09-05,FIFA World Cup qualification,,2025,,Djibouti,Djibouti,Burkina Faso,Burkina Faso,0,6,FT
2758,2025-09-05,FIFA World Cup qualification,,2025,,Egypt,Egypt,Ethiopia,Ethiopia,2,0,FT
2759,2025-09-05,FIFA World Cup qualification,,2025,,South Sudan,South Sudan,DR Congo,DR Congo,1,4,FT
2760,2025-09-05,FIFA World Cup qualification,,2025,,Mauritania,Mauritania,Togo,Togo,2,0,FT
2761,2025-09-05,FIFA World Cup qualification,,2025,,Senegal,Senegal,Sudan,Sudan,2,0,FT
2762,2025-09-05,FIFA World Cup qualification,,2025,,Benin,Benin,Zimbabwe,Zimbabwe,1,0,FT
2763,2025-09-05,FIFA World Cup qualification,,2025,,South Africa,South Africa,Lesotho,Lesotho,3,0,FT
2764,2025-09-05,FIFA World Cup qualification,,2025,,Congo,Congo,Tanzania,Tanzania,1,1,FT
2765,2025-09-05,FIFA World Cup qualification,,2025,,Morocco,Morocco,Niger,Niger,5,0,FT
2766,2025-09-05,FIFA World Cup qualification,,2025,,Kenya,Kenya,Gambia,Gambia,1,3,FT
2767,2025-09-05,FIFA World Cup qualification,,2025,,Ivory Coast,Ivory Coast,Burundi,Burundi,1,0,FT
2768,2025-09-05,FIFA World Cup qualification,,2025,,Somalia,Somalia,Guinea,Guinea,0,3,FT
2769,2025-09-05,FIFA World Cup qualification,,2025,,Uganda,Uganda,Mozambique,Mozambique,4,0,FT
2770,2025-09-05,FIFA World Cup qualification,,2025,,Namibia,Namibia,Malawi,Malawi,1,2,FT
2771,2025-09-05,FIFA World Cup qualification,,2025,,Slovenia,Slovenia,Sweden,Sweden,2,2,FT
2772,2025-09-05,FIFA World Cup qualification,,2025,,Switzerland,Switzerland,Kosovo,Kosovo,4,0,FT
2773,2025-09-05,FIFA World Cup qualification,,2025,,Denmark,Denmark,Scotland,Scotland,0,0,FT
2774,2025-09-05,FIFA World Cup qualification,,2025,,Greece,Greece,Belarus,Belarus,5,1,FT
2775,2025-09-05,FIFA World Cup qualification,,2025,,Iceland,Iceland,Azerbaijan,Azerbaijan,5,0,FT
2776,2025-09-05,FIFA World Cup qualification,,2025,,Ukraine,Ukraine,France,France,0,2,FT
2777,2025-09-05,FIFA World Cup qualification,,2025,,Italy,Italy,Estonia,Estonia,5,0,FT
2778,2025-09-05,FIFA World Cup qualification,,2025,,Moldova,Moldova,Israel,Israel,0,4,FT
2779,2025-09-05,FIFA World Cup qualification,,2025,,Faroe Islands,Faroe Islands,Croatia,Croatia,0,1,FT
2780,2025-09-05,FIFA World Cup qualification,,2025,,Montenegro,Montenegro,Czech Republic,Czech Republic,0,2,FT
2781,2025-09-05,FIFA World Cup qualification,,2025,,Bermuda,Bermuda,Jamaica,Jamaica,0,4,FT
2782,2025-09-05,FIFA World Cup qualification,,2025,,Trinidad and Tobago,Trinidad and Tobago,Curaçao,Curaçao,0,0,FT
2783,2025-09-05,FIFA World Cup qualification,,2025,,Haiti,Haiti,Honduras,Honduras,0,0,FT
2784,2025-09-05,FIFA World Cup qualification,,2025,,Nicaragua,Nicaragua,Costa Rica,Costa Rica,1,1,FT
2785,2025-09-06,South Asian Super Cup,,2025,,Sri Lanka,Sri Lanka,Maldives,Maldives,0,3,FT
2786,2025-09-06,Friendly,,2025,,Mexico,Mexico,Japan,Japan,0,0,FT
2787,2025-09-06,Friendly,,2025,,Nepal,Nepal,Bangladesh,Bangladesh,0,0,FT
2788,2025-09-06,Friendly,,2025,,United States,United States,South Korea,South Korea,0,2,FT
2789,2025-09-06,FIFA World Cup qualification,,2025,,Nigeria,Nigeria,Rwanda,Rwanda,1,0,FT
2790,2025-09-06,FIFA World Cup qualification,,2025,,Republic of Ireland,Republic of Ireland,Hungary,Hungary,2,2,FT
2791,2025-09-06,FIFA World Cup qualification,,2025,,Armenia,Armenia,Portugal,Portugal,0,5,FT
2792,2025-09-06,FIFA World Cup qualification,,2025,,Austria,Austria,Cyprus,Cyprus,1,0,FT
2793,2025-09-06,FIFA World Cup qualification,,2025,,San Marino,San Marino,Bosnia and Herzegovina,Bosnia and Herzegovina,0,6,FT
2794,2025-09-06,FIFA World Cup qualification,,2025,,Latvia,Latvia,Serbia,Serbia,0,1,FT
2795,2025-09-06,FIFA World Cup qualification,,2025,,England,England,Andorra,Andorra,2,0,FT
2796,2025-09-07,FIFA World Cup qualification,,2025,,Central African Republic,Central African Republic,Comoros,Comoros,0,2,FT
2797,2025-09-07,FIFA World Cup qualification,,2025,,Germany,Germany,Northern Ireland,Northern Ireland,3,1,FT
2798,2025-09-07,FIFA World Cup qualification,,2025,,Luxembourg,Luxembourg,Slovakia,Slovakia,0,1,FT
2799,2025-09-07,FIFA World Cup qualification,,2025,,Georgia,Georgia,Bulgaria,Bulgaria,3,0,FT
2800,2025-09-07,FIFA World Cup qualification,,2025,,Turkey,Turkey,Spain,Spain,0,6,FT
2801,2025-09-07,FIFA World Cup qualification,,2025,,Lithuania,Lithuania,Netherlands,Netherlands,2,3,FT
2802,2025-09-07,FIFA World Cup qualification,,2025,,Poland,Poland,Finland,Finland,3,1,FT
2803,2025-09-07,FIFA World Cup qualification,,2025,,North Macedonia,North Macedonia,Liechtenstein,Liechtenstein,5,0,FT
2804,2025-09-07,FIFA World Cup qualification,,2025,,Belgium,Belgium,Kazakhstan,Kazakhstan,6,0,FT
2805,2025-09-07,Friendly,,2025,,Qatar,Qatar,Russia,Russia,1,4,FT
2806,2025-09-07,King's Cup,,2025,,Fiji,Fiji,Hong Kong,Hong Kong,0,8,FT
2807,2025-09-07,King's Cup,,2025,,Thailand,Thailand,Iraq,Iraq,0,1,FT
2808,2025-09-08,Friendly,,2025,,Czech Republic,Czech Republic,Saudi Arabia,Saudi Arabia,1,1,FT
2809,2025-09-08,Friendly,,2025,,Indonesia,Indonesia,Lebanon,Lebanon,0,0,FT
2810,2025-09-08,Friendly,,2025,,Malaysia,Malaysia,Palestine,Palestine,1,0,FT
2811,2025-09-08,Friendly,,2025,,Syria,Syria,Kuwait,Kuwait,2,2,FT
2812,2025-09-08,Friendly,,2025,,United Arab Emirates,United Arab Emirates,Bahrain,Bahrain,1,0,FT
2813,2025-09-08,FIFA World Cup qualification,,2025,,Guinea-Bissau,Guinea-Bissau,Djibouti,Djibouti,2,0,FT
2814,2025-09-08,FIFA World Cup qualification,,2025,,Libya,Libya,Eswatini,Eswatini,2,0,FT
2815,2025-09-08,FIFA World Cup qualification,,2025,,Zambia,Zambia,Morocco,Morocco,0,2,FT
2816,2025-09-08,FIFA World Cup qualification,,2025,,Mozambique,Mozambique,Botswana,Botswana,2,0,FT
2817,2025-09-08,FIFA World Cup qualification,,2025,,Guinea,Guinea,Algeria,Algeria,0,0,FT
2818,2025-09-08,FIFA World Cup qualification,,2025,,Uganda,Uganda,Somalia,Somalia,2,0,FT
2819,2025-09-08,FIFA World Cup qualification,,2025,,Equatorial Guinea,Equatorial Guinea,Tunisia,Tunisia,0,1,FT
2820,2025-09-08,FIFA World Cup qualification,,2025,,Malawi,Malawi,Liberia,Liberia,2,2,FT
2821,2025-09-08,FIFA World Cup qualification,,2025,,Madagascar,Madagascar,Chad,Chad,3,1,FT
2822,2025-09-08,FIFA World Cup qualification,,2025,,Ghana,Ghana,Mali,Mali,1,0,FT
2823,2025-09-08,FIFA World Cup qualification,,2025,,Kosovo,Kosovo,Sweden,Sweden,2,0,FT
2824,2025-09-08,FIFA World Cup qualification,,2025,,Switzerland,Switzerland,Slovenia,Slovenia,3,0,FT
2825,2025-09-08,FIFA World Cup qualification,,2025,,Belarus,Belarus,Scotland,Scotland,0,2,FT
2826,2025-09-08,FIFA World Cup qualification,,2025,,Greece,Greece,Denmark,Denmark,0,3,FT
2827,2025-09-08,FIFA World Cup qualification,,2025,,Israel,Israel,Italy,Italy,4,5,FT
2828,2025-09-08,FIFA World Cup qualification,,2025,,Croatia,Croatia,Montenegro,Montenegro,4,0,FT
2829,2025-09-08,FIFA World Cup qualification,,2025,,Gibraltar,Gibraltar,Faroe Islands,Faroe Islands,0,1,FT
2830,2025-09-08,FIFA World Cup qualification,,2025,,El Salvador,El Salvador,Suriname,Suriname,1,2,FT
2831,2025-09-08,FIFA World Cup qualification,,2025,,Panama,Panama,Guatemala,Guatemala,1,1,FT
2832,2025-09-09,Friendly,,2025,,Estonia,Estonia,Andorra,Andorra,0,0,FT
2833,2025-09-09,Friendly,,2025,,Jordan,Jordan,Dominican Republic,Dominican Republic,3,0,FT
2834,2025-09-09,Friendly,,2025,,Malta,Malta,San Marino,San Marino,3,1,FT
2835,2025-09-09,Friendly,,2025,,Mexico,Mexico,South Korea,South Korea,2,2,FT
2836,2025-09-09,Soccer Ashes,,2025,,New Zealand,New Zealand,Australia,Australia,1,3,FT
2837,2025-09-09,Friendly,,2025,,Singapore,Singapore,Myanmar,Myanmar,1,1,FT
2838,2025-09-09,Friendly,,2025,,Sri Lanka,Sri Lanka,Maldives,Maldives,1,1,FT
2839,2025-09-09,Friendly,,2025,,United States,United States,Japan,Japan,2,0,FT
2840,2025-09-09,Friendly,,2025,,Wales,Wales,Canada,Canada,0,1,FT
2841,2025-09-09,FIFA World Cup qualification,,2025,,Ecuador,Ecuador,Argentina,Argentina,1,0,FT
2842,2025-09-09,FIFA World Cup qualification,,2025,,Peru,Peru,Paraguay,Paraguay,0,1,FT
2843,2025-09-09,FIFA World Cup qualification,,2025,,Bolivia,Bolivia,Brazil,Brazil,1,0,FT
2844,2025-09-09,FIFA World Cup qualification,,2025,,Venezuela,Venezuela,Colombia,Colombia,3,6,FT
2845,2025-09-09,FIFA World Cup qualification,,2025,,Chile,Chile,Uruguay,Uruguay,0,0,FT
2846,2025-09-09,FIFA World Cup qualification,,2025,,Sierra Leone,Sierra Leone,Ethiopia,Ethiopia,2,0,FT
2847,2025-09-09,FIFA World Cup qualification,,2025,,Burkina Faso,Burkina Faso,Egypt,Egypt,0,0,FT
2848,2025-09-09,FIFA World Cup qualification,,2025,,Togo,Togo,Sudan,Sudan,1,0,FT
2849,2025-09-09,FIFA World Cup qualification,,2025,,DR Congo,DR Congo,Senegal,Senegal,2,3,FT
2850,2025-09-09,FIFA World Cup qualification,,2025,,Mauritania,Mauritania,South Sudan,South Sudan,0,0,FT
2851,2025-09-09,FIFA World Cup qualification,,2025,,Zimbabwe,Zimbabwe,Rwanda,Rwanda,0,1,FT
2852,2025-09-09,FIFA World Cup qualification,,2025,,South Africa,South Africa,Nigeria,Nigeria,1,1,FT
2853,2025-09-09,FIFA World Cup qualification,,2025,,Benin,Benin,Lesotho,Lesotho,4,0,FT
2854,2025-09-09,FIFA World Cup qualification,,2025,,Cape Verde,Cape Verde,Cameroon,Cameroon,1,0,FT
2855,2025-09-09,FIFA World Cup qualification,,2025,,Angola,Angola,Mauritius,Mauritius,3,1,FT
2856,2025-09-09,FIFA World Cup qualification,,2025,,Tanzania,Tanzania,Niger,Niger,0,1,FT
2857,2025-09-09,FIFA World Cup qualification,,2025,,Kenya,Kenya,Seychelles,Seychelles,5,0,FT
2858,2025-09-09,FIFA World Cup qualification,,2025,,Gabon,Gabon,Ivory Coast,Ivory Coast,0,0,FT
2859,2025-09-09,FIFA World Cup qualification,,2025,,Gambia,Gambia,Burundi,Burundi,2,0,FT
2860,2025-09-09,FIFA World Cup qualification,,2025,,Namibia,Namibia,São Tomé and Príncipe,São Tomé and Príncipe,3,0,FT
2861,2025-09-09,FIFA World Cup qualification,,2025,,Azerbaijan,Azerbaijan,Ukraine,Ukraine,1,1,FT
2862,2025-09-09,FIFA World Cup qualification,,2025,,France,France,Iceland,Iceland,2,1,FT
2863,2025-09-09,FIFA World Cup qualification,,2025,,Armenia,Armenia,Republic of Ireland,Republic of Ireland,2,1,FT
2864,2025-09-09,FIFA World Cup qualification,,2025,,Hungary,Hungary,Portugal,Portugal,2,3,FT
2865,2025-09-09,FIFA World Cup qualification,,2025,,Bosnia and Herzegovina,Bosnia and Herzegovina,Austria,Austria,1,2,FT
2866,2025-09-09,FIFA World Cup qualification,,2025,,Cyprus,Cyprus,Romania,Romania,2,2,FT
2867,2025-09-09,FIFA World Cup qualification,,2025,,Norway,Norway,Moldova,Moldova,11,1,FT
2868,2025-09-09,FIFA World Cup qualification,,2025,,Albania,Albania,Latvia,Latvia,1,0,FT
2869,2025-09-09,FIFA World Cup qualification,,2025,,Serbia,Serbia,England,England,0,5,FT
2870,2025-09-09,FIFA World Cup qualification,,2025,,Jamaica,Jamaica,Trinidad and Tobago,Trinidad and Tobago,2,0,FT
2871,2025-09-09,FIFA World Cup qualification,,2025,,Curaçao,Curaçao,Bermuda,Bermuda,3,2,FT
2872,2025-09-09,FIFA World Cup qualification,,2025,,Costa Rica,Costa Rica,Haiti,Haiti,3,3,FT
2873,2025-09-09,FIFA World Cup qualification,,2025,,Honduras,Honduras,Nicaragua,Nicaragua,2,0,FT
2874,2025-10-04,Friendly,,2025,,Saint Kitts and Nevis,Saint Kitts and Nevis,Saint Martin,Saint Martin,5,0,FT
2875,2025-10-05,Friendly,,2025,,Saint Kitts and Nevis,Saint Kitts and Nevis,Saint Martin,Saint Martin,2,1,FT
2876,2025-10-05,Friendly,,2025,,Saint Vincent and the Grenadines,Saint Vincent and the Grenadines,Cuba,Cuba,7,0,FT
2877,2025-10-08,FIFA World Cup qualification,,2025,,Qatar,Qatar,Oman,Oman,0,0,FT
2878,2025-10-08,FIFA World Cup qualification,,2025,,Saudi Arabia,Saudi Arabia,Indonesia,Indonesia,3,2,FT
2879,2025-10-08,FIFA World Cup qualification,,2025,,Ethiopia,Ethiopia,Guinea-Bissau,Guinea-Bissau,1,0,FT
2880,2025-10-08,FIFA World Cup qualification,,2025,,Sierra Leone,Sierra Leone,Burkina Faso,Burkina Faso,0,1,FT
2881,2025-10-08,FIFA World Cup qualification,,2025,,Djibouti,Djibouti,Egypt,Egypt,0,3,FT
2882,2025-10-08,FIFA World Cup qualification,,2025,,Libya,Libya,Cape Verde,Cape Verde,3,3,FT
2883,2025-10-08,FIFA World Cup qualification,,2025,,Eswatini,Eswatini,Angola,Angola,2,2,FT
2884,2025-10-08,FIFA World Cup qualification,,2025,,Mauritius,Mauritius,Cameroon,Cameroon,0,2,FT
2885,2025-10-08,FIFA World Cup qualification,,2025,,Niger,Niger,Congo,Congo,3,1,FT
2886,2025-10-08,FIFA World Cup qualification,,2025,,Tanzania,Tanzania,Zambia,Zambia,0,1,FT
2887,2025-10-08,FIFA World Cup qualification,,2025,,Comoros,Comoros,Madagascar,Madagascar,1,2,FT
2888,2025-10-08,FIFA World Cup qualification,,2025,,Central African Republic,Central African Republic,Ghana,Ghana,0,5,FT
2889,2025-10-08,FIFA World Cup qualification,,2025,,Chad,Chad,Mali,Mali,0,2,FT
2890,2025-10-08,Friendly,,2025,,Gibraltar,Gibraltar,New Caledonia,New Caledonia,0,2,FT
2891,2025-10-08,Friendly,,2025,,Saint Vincent and the Grenadines,Saint Vincent and the Grenadines,Cuba,Cuba,1,0,FT
2892,2025-10-09,Friendly,,2025,,England,England,Wales,Wales,3,0,FT
2893,2025-10-09,Friendly,,2025,,Poland,Poland,New Zealand,New Zealand,1,0,FT
2894,2025-10-09,Friendly,,2025,,Romania,Romania,Moldova,Moldova,2,1,FT
2895,2025-10-09,Friendly,,2025,,Morocco,Morocco,Bahrain,Bahrain,1,0,FT
2896,2025-10-09,Friendly,,2025,,Grenada,Grenada,British Virgin Islands,British Virgin Islands,4,1,FT
2897,2025-10-09,FIFA World Cup qualification,,2025,,Burundi,Burundi,Kenya,Kenya,0,1,FT
2898,2025-10-09,FIFA World Cup qualification,,2025,,Algeria,Algeria,Somalia,Somalia,3,0,FT
2899,2025-10-09,FIFA World Cup qualification,,2025,,Botswana,Botswana,Uganda,Uganda,0,1,FT
2900,2025-10-09,FIFA World Cup qualification,,2025,,Mozambique,Mozambique,Guinea,Guinea,1,2,FT
2901,2025-10-09,FIFA World Cup qualification,,2025,,Malawi,Malawi,Equatorial Guinea,Equatorial Guinea,3,0,FT
2902,2025-10-09,FIFA World Cup qualification,,2025,,Scotland,Scotland,Greece,Greece,3,1,FT
2903,2025-10-09,FIFA World Cup qualification,,2025,,Belarus,Belarus,Denmark,Denmark,0,6,FT
2904,2025-10-09,FIFA World Cup qualification,,2025,,Malta,Malta,Netherlands,Netherlands,0,4,FT
2905,2025-10-09,FIFA World Cup qualification,,2025,,Finland,Finland,Lithuania,Lithuania,2,1,FT
2906,2025-10-09,FIFA World Cup qualification,,2025,,Austria,Austria,San Marino,San Marino,10,0,FT
2907,2025-10-09,FIFA World Cup qualification,,2025,,Cyprus,Cyprus,Bosnia and Herzegovina,Bosnia and Herzegovina,2,2,FT
2908,2025-10-09,FIFA World Cup qualification,,2025,,Faroe Islands,Faroe Islands,Montenegro,Montenegro,4,0,FT
2909,2025-10-09,FIFA World Cup qualification,,2025,,Czech Republic,Czech Republic,Croatia,Croatia,0,0,FT
2910,2025-10-09,AFC Asian Cup qualification,,2025,,Tajikistan,Tajikistan,Maldives,Maldives,2,0,FT
2911,2025-10-09,AFC Asian Cup qualification,,2025,,Timor-Leste,Timor-Leste,Philippines,Philippines,1,4,FT
2912,2025-10-09,AFC Asian Cup qualification,,2025,,Brunei,Brunei,Yemen,Yemen,0,2,FT
2913,2025-10-09,AFC Asian Cup qualification,,2025,,Lebanon,Lebanon,Bhutan,Bhutan,2,0,FT
2914,2025-10-09,AFC Asian Cup qualification,,2025,,Singapore,Singapore,India,India,1,1,FT
2915,2025-10-09,AFC Asian Cup qualification,,2025,,Bangladesh,Bangladesh,Hong Kong,Hong Kong,3,4,FT
2916,2025-10-09,AFC Asian Cup qualification,,2025,,Sri Lanka,Sri Lanka,Turkmenistan,Turkmenistan,1,0,FT
2917,2025-10-09,AFC Asian Cup qualification,,2025,,Thailand,Thailand,Taiwan,Taiwan,2,0,FT
2918,2025-10-09,AFC Asian Cup qualification,,2025,,Pakistan,Pakistan,Afghanistan,Afghanistan,0,0,FT
2919,2025-10-09,AFC Asian Cup qualification,,2025,,Syria,Syria,Myanmar,Myanmar,5,1,FT
2920,2025-10-09,AFC Asian Cup qualification,,2025,,Laos,Laos,Malaysia,Malaysia,0,3,FT
2921,2025-10-09,AFC Asian Cup qualification,,2025,,Vietnam,Vietnam,Nepal,Nepal,3,1,FT
2922,2025-10-09,FIFA World Cup qualification,,2025,,Liberia,Liberia,Namibia,Namibia,3,1,FT
2923,2025-10-09,FIFA World Cup qualification,,2025,,Nicaragua,Nicaragua,Haiti,Haiti,0,3,FT
2924,2025-10-09,FIFA World Cup qualification,,2025,,Honduras,Honduras,Costa Rica,Costa Rica,0,0,FT
2925,2025-10-10,Friendly,,2025,,Argentina,Argentina,Venezuela,Venezuela,1,0,FT
2926,2025-10-10,Friendly,,2025,,Chile,Chile,Peru,Peru,2,1,FT
2927,2025-10-10,Friendly,,2025,,Canada,Canada,Australia,Australia,0,1,FT
2928,2025-10-10,Friendly,,2025,,Russia,Russia,Iran,Iran,2,1,FT
2929,2025-10-10,Kirin Cup,,2025,,Japan,Japan,Paraguay,Paraguay,2,2,FT
2930,2025-10-10,Friendly,,2025,,Uzbekistan,Uzbekistan,Kuwait,Kuwait,2,0,FT
2931,2025-10-10,Friendly,,2025,,Jordan,Jordan,Bolivia,Bolivia,0,1,FT
2932,2025-10-10,Friendly,,2025,,South Korea,South Korea,Brazil,Brazil,0,5,FT
2933,2025-10-10,Friendly,,2025,,Uruguay,Uruguay,Dominican Republic,Dominican Republic,1,0,FT
2934,2025-10-10,Friendly,,2025,,United States,United States,Ecuador,Ecuador,1,1,FT
2935,2025-10-10,FIFA World Cup qualification,,2025,,Togo,Togo,DR Congo,DR Congo,0,1,FT
2936,2025-10-10,FIFA World Cup qualification,,2025,,South Sudan,South Sudan,Senegal,Senegal,0,5,FT
2937,2025-10-10,FIFA World Cup qualification,,2025,,Sudan,Sudan,Mauritania,Mauritania,0,0,FT
2938,2025-10-10,FIFA World Cup qualification,,2025,,Lesotho,Lesotho,Nigeria,Nigeria,1,2,FT
2939,2025-10-10,FIFA World Cup qualification,,2025,,Rwanda,Rwanda,Benin,Benin,0,1,FT
2940,2025-10-10,FIFA World Cup qualification,,2025,,South Africa,South Africa,Zimbabwe,Zimbabwe,0,0,FT
2941,2025-10-10,FIFA World Cup qualification,,2025,,Gambia,Gambia,Gabon,Gabon,3,4,FT
2942,2025-10-10,FIFA World Cup qualification,,2025,,Seychelles,Seychelles,Ivory Coast,Ivory Coast,0,7,FT
2943,2025-10-10,FIFA World Cup qualification,,2025,,Tunisia,Tunisia,São Tomé and Príncipe,São Tomé and Príncipe,6,0,FT
2944,2025-10-10,FIFA World Cup qualification,,2025,,Northern Ireland,Northern Ireland,Slovakia,Slovakia,2,0,FT
2945,2025-10-10,FIFA World Cup qualification,,2025,,Germany,Germany,Luxembourg,Luxembourg,4,0,FT
2946,2025-10-10,FIFA World Cup qualification,,2025,,Kosovo,Kosovo,Slovenia,Slovenia,0,0,FT
2947,2025-10-10,FIFA World Cup qualification,,2025,,Sweden,Sweden,Switzerland,Switzerland,0,2,FT
2948,2025-10-10,FIFA World Cup qualification,,2025,,Iceland,Iceland,Ukraine,Ukraine,3,5,FT
2949,2025-10-10,FIFA World Cup qualification,,2025,,France,France,Azerbaijan,Azerbaijan,3,0,FT
2950,2025-10-10,FIFA World Cup qualification,,2025,,Kazakhstan,Kazakhstan,Liechtenstein,Liechtenstein,4,0,FT
2951,2025-10-10,FIFA World Cup qualification,,2025,,Belgium,Belgium,North Macedonia,North Macedonia,0,0,FT
2952,2025-10-10,FIFA World Cup qualification,,2025,,Suriname,Suriname,Guatemala,Guatemala,1,1,FT
2953,2025-10-10,FIFA World Cup qualification,,2025,,El Salvador,El Salvador,Panama,Panama,0,1,FT
2954,2025-10-10,FIFA World Cup qualification,,2025,,Bermuda,Bermuda,Trinidad and Tobago,Trinidad and Tobago,0,3,FT
2955,2025-10-10,FIFA World Cup qualification,,2025,,Curaçao,Curaçao,Jamaica,Jamaica,2,0,FT
2956,2025-10-11,Friendly,,2025,,Grenada,Grenada,Cuba,Cuba,2,0,FT
2957,2025-10-11,Friendly,,2025,,Mexico,Mexico,Colombia,Colombia,0,4,FT
2958,2025-10-11,FIFA World Cup qualification,,2025,,United Arab Emirates,United Arab Emirates,Oman,Oman,2,1,FT
2959,2025-10-11,FIFA World Cup qualification,,2025,,Iraq,Iraq,Indonesia,Indonesia,1,0,FT
2960,2025-10-11,FIFA World Cup qualification,,2025,,Spain,Spain,Georgia,Georgia,2,0,FT
2961,2025-10-11,FIFA World Cup qualification,,2025,,Bulgaria,Bulgaria,Turkey,Turkey,1,6,FT
2962,2025-10-11,FIFA World Cup qualification,,2025,,Hungary,Hungary,Armenia,Armenia,2,0,FT
2963,2025-10-11,FIFA World Cup qualification,,2025,,Portugal,Portugal,Republic of Ireland,Republic of Ireland,1,0,FT
2964,2025-10-11,FIFA World Cup qualification,,2025,,Norway,Norway,Israel,Israel,5,0,FT
2965,2025-10-11,FIFA World Cup qualification,,2025,,Estonia,Estonia,Italy,Italy,1,3,FT
2966,2025-10-11,FIFA World Cup qualification,,2025,,Latvia,Latvia,Andorra,Andorra,2,2,FT
2967,2025-10-11,FIFA World Cup qualification,,2025,,Serbia,Serbia,Albania,Albania,0,1,FT
2968,2025-10-12,Friendly,,2025,,Malta,Malta,Bosnia and Herzegovina,Bosnia and Herzegovina,1,4,FT
2969,2025-10-12,FIFA World Cup qualification,,2025,,Burkina Faso,Burkina Faso,Ethiopia,Ethiopia,3,1,FT
2970,2025-10-12,FIFA World Cup qualification,,2025,,Djibouti,Djibouti,Sierra Leone,Sierra Leone,1,2,FT
2971,2025-10-12,FIFA World Cup qualification,,2025,,Egypt,Egypt,Guinea-Bissau,Guinea-Bissau,1,0,FT
2972,2025-10-12,FIFA World Cup qualification,,2025,,Zambia,Zambia,Niger,Niger,0,1,FT
2973,2025-10-12,FIFA World Cup qualification,,2025,,Chad,Chad,Central African Republic,Central African Republic,2,3,FT
2974,2025-10-12,FIFA World Cup qualification,,2025,,Ghana,Ghana,Comoros,Comoros,1,0,FT
2975,2025-10-12,FIFA World Cup qualification,,2025,,Mali,Mali,Madagascar,Madagascar,4,1,FT
2976,2025-10-12,FIFA World Cup qualification,,2025,,Scotland,Scotland,Belarus,Belarus,2,1,FT
2977,2025-10-12,FIFA World Cup qualification,,2025,,Denmark,Denmark,Greece,Greece,3,1,FT
2978,2025-10-12,FIFA World Cup qualification,,2025,,Netherlands,Netherlands,Finland,Finland,4,0,FT
2979,2025-10-12,FIFA World Cup qualification,,2025,,Lithuania,Lithuania,Poland,Poland,0,2,FT
2980,2025-10-12,FIFA World Cup qualification,,2025,,San Marino,San Marino,Cyprus,Cyprus,0,4,FT
2981,2025-10-12,FIFA World Cup qualification,,2025,,Romania,Romania,Austria,Austria,1,0,FT
2982,2025-10-12,FIFA World Cup qualification,,2025,,Faroe Islands,Faroe Islands,Czech Republic,Czech Republic,2,1,FT
2983,2025-10-12,FIFA World Cup qualification,,2025,,Croatia,Croatia,Gibraltar,Gibraltar,3,0,FT
2984,2025-10-13,Friendly,,2025,,Montenegro,Montenegro,Liechtenstein,Liechtenstein,2,1,FT
2985,2025-10-13,Friendly,,2025,,Uzbekistan,Uzbekistan,Uruguay,Uruguay,1,2,FT
2986,2025-10-13,FIFA World Cup qualification,,2025,,South Sudan,South Sudan,Togo,Togo,0,0,FT
2987,2025-10-13,FIFA World Cup qualification,,2025,,Lesotho,Lesotho,Zimbabwe,Zimbabwe,1,0,FT
2988,2025-10-13,FIFA World Cup qualification,,2025,,Cape Verde,Cape Verde,Eswatini,Eswatini,3,0,FT
2989,2025-10-13,FIFA World Cup qualification,,2025,,Cameroon,Cameroon,Angola,Angola,0,0,FT
2990,2025-10-13,FIFA World Cup qualification,,2025,,Mauritius,Mauritius,Libya,Libya,0,0,FT
2991,2025-10-13,FIFA World Cup qualification,,2025,,Equatorial Guinea,Equatorial Guinea,Liberia,Liberia,1,1,FT
2992,2025-10-13,FIFA World Cup qualification,,2025,,São Tomé and Príncipe,São Tomé and Príncipe,Malawi,Malawi,1,0,FT
2993,2025-10-13,FIFA World Cup qualification,,2025,,Tunisia,Tunisia,Namibia,Namibia,3,0,FT
2994,2025-10-13,FIFA World Cup qualification,,2025,,Northern Ireland,Northern Ireland,Germany,Germany,0,1,FT
2995,2025-10-13,FIFA World Cup qualification,,2025,,Slovakia,Slovakia,Luxembourg,Luxembourg,2,0,FT
2996,2025-10-13,FIFA World Cup qualification,,2025,,Slovenia,Slovenia,Switzerland,Switzerland,0,0,FT
2997,2025-10-13,FIFA World Cup qualification,,2025,,Sweden,Sweden,Kosovo,Kosovo,0,1,FT
2998,2025-10-13,FIFA World Cup qualification,,2025,,Iceland,Iceland,France,France,2,2,FT
2999,2025-10-13,FIFA World Cup qualification,,2025,,Ukraine,Ukraine,Azerbaijan,Azerbaijan,2,1,FT
3000,2025-10-13,FIFA World Cup qualification,,2025,,Wales,Wales,Belgium,Belgium,2,4,FT
3001,2025-10-13,FIFA World Cup qualification,,2025,,North Macedonia,North Macedonia,Kazakhstan,Kazakhstan,1,1,FT
3002,2025-10-13,FIFA World Cup qualification,,2025,,Honduras,Honduras,Haiti,Haiti,3,0,FT
3003,2025-10-13,FIFA World Cup qualification,,2025,,Costa Rica,Costa Rica,Nicaragua,Nicaragua,4,1,FT
3004,2025-10-14,Friendly,,2025,,Albania,Albania,Jordan,Jordan,4,2,FT
3005,2025-10-14,Kirin Cup,,2025,,Japan,Japan,Brazil,Brazil,3,2,FT
3006,2025-10-14,Friendly,,2025,,Iran,Iran,Tanzania,Tanzania,2,0,FT
3007,2025-10-14,Friendly,,2025,,Canada,Canada,Colombia,Colombia,0,0,FT
3008,2025-10-14,Friendly,,2025,,South Korea,South Korea,Paraguay,Paraguay,2,0,FT
3009,2025-10-14,Friendly,,2025,,Mexico,Mexico,Ecuador,Ecuador,1,1,FT
3010,2025-10-14,Friendly,,2025,,Norway,Norway,New Zealand,New Zealand,1,1,FT
3011,2025-10-14,Friendly,,2025,,Puerto Rico,Puerto Rico,Argentina,Argentina,0,6,FT
3012,2025-10-14,Friendly,,2025,,Russia,Russia,Bolivia,Bolivia,3,0,FT
3013,2025-10-14,Friendly,,2025,,United States,United States,Australia,Australia,2,1,FT
3014,2025-10-14,FIFA World Cup qualification,,2025,,Qatar,Qatar,United Arab Emirates,United Arab Emirates,2,1,FT
3015,2025-10-14,FIFA World Cup qualification,,2025,,Saudi Arabia,Saudi Arabia,Iraq,Iraq,0,0,FT
3016,2025-10-14,FIFA World Cup qualification,,2025,,Senegal,Senegal,Mauritania,Mauritania,4,0,FT
3017,2025-10-14,FIFA World Cup qualification,,2025,,DR Congo,DR Congo,Sudan,Sudan,1,0,FT
3018,2025-10-14,FIFA World Cup qualification,,2025,,Nigeria,Nigeria,Benin,Benin,4,0,FT
3019,2025-10-14,FIFA World Cup qualification,,2025,,South Africa,South Africa,Rwanda,Rwanda,3,0,FT
3020,2025-10-14,FIFA World Cup qualification,,2025,,Morocco,Morocco,Congo,Congo,1,0,FT
3021,2025-10-14,FIFA World Cup qualification,,2025,,Seychelles,Seychelles,Gambia,Gambia,0,7,FT
3022,2025-10-14,FIFA World Cup qualification,,2025,,Ivory Coast,Ivory Coast,Kenya,Kenya,3,0,FT
3023,2025-10-14,FIFA World Cup qualification,,2025,,Gabon,Gabon,Burundi,Burundi,2,0,FT
3024,2025-10-14,FIFA World Cup qualification,,2025,,Algeria,Algeria,Uganda,Uganda,2,1,FT
3025,2025-10-14,FIFA World Cup qualification,,2025,,Guinea,Guinea,Botswana,Botswana,2,2,FT
3026,2025-10-14,FIFA World Cup qualification,,2025,,Somalia,Somalia,Mozambique,Mozambique,0,1,FT
3027,2025-10-14,FIFA World Cup qualification,,2025,,Spain,Spain,Bulgaria,Bulgaria,4,0,FT
3028,2025-10-14,FIFA World Cup qualification,,2025,,Turkey,Turkey,Georgia,Georgia,4,1,FT
3029,2025-10-14,FIFA World Cup qualification,,2025,,Portugal,Portugal,Hungary,Hungary,2,2,FT
3030,2025-10-14,FIFA World Cup qualification,,2025,,Republic of Ireland,Republic of Ireland,Armenia,Armenia,1,0,FT
3031,2025-10-14,FIFA World Cup qualification,,2025,,Estonia,Estonia,Moldova,Moldova,1,1,FT
3032,2025-10-14,FIFA World Cup qualification,,2025,,Italy,Italy,Israel,Israel,3,0,FT
3033,2025-10-14,FIFA World Cup qualification,,2025,,Andorra,Andorra,Serbia,Serbia,1,3,FT
3034,2025-10-14,FIFA World Cup qualification,,2025,,Latvia,Latvia,England,England,0,5,FT
3035,2025-10-14,AFC Asian Cup qualification,,2025,,Maldives,Maldives,Tajikistan,Tajikistan,0,3,FT
3036,2025-10-14,AFC Asian Cup qualification,,2025,,Philippines,Philippines,Timor-Leste,Timor-Leste,3,1,FT
3037,2025-10-14,AFC Asian Cup qualification,,2025,,Bhutan,Bhutan,Lebanon,Lebanon,0,4,FT
3038,2025-10-14,AFC Asian Cup qualification,,2025,,Yemen,Yemen,Brunei,Brunei,9,0,FT
3039,2025-10-14,AFC Asian Cup qualification,,2025,,India,India,Singapore,Singapore,1,2,FT
3040,2025-10-14,AFC Asian Cup qualification,,2025,,Hong Kong,Hong Kong,Bangladesh,Bangladesh,1,1,FT
3041,2025-10-14,AFC Asian Cup qualification,,2025,,Taiwan,Taiwan,Thailand,Thailand,1,6,FT
3042,2025-10-14,AFC Asian Cup qualification,,2025,,Turkmenistan,Turkmenistan,Sri Lanka,Sri Lanka,2,1,FT
3043,2025-10-14,AFC Asian Cup qualification,,2025,,Myanmar,Myanmar,Syria,Syria,0,3,FT
3044,2025-10-14,AFC Asian Cup qualification,,2025,,Afghanistan,Afghanistan,Pakistan,Pakistan,1,1,FT
3045,2025-10-14,AFC Asian Cup qualification,,2025,,Vietnam,Vietnam,Nepal,Nepal,1,0,FT
3046,2025-10-14,AFC Asian Cup qualification,,2025,,Malaysia,Malaysia,Laos,Laos,5,1,FT
3047,2025-10-14,FIFA World Cup qualification,,2025,,Panama,Panama,Suriname,Suriname,1,1,FT
3048,2025-10-14,FIFA World Cup qualification,,2025,,El Salvador,El Salvador,Guatemala,Guatemala,0,1,FT
3049,2025-10-14,FIFA World Cup qualification,,2025,,Curaçao,Curaçao,Trinidad and Tobago,Trinidad and Tobago,1,1,FT
3050,2025-10-14,FIFA World Cup qualification,,2025,,Jamaica,Jamaica,Bermuda,Bermuda,4,0,FT
3051,2025-11-12,Friendly,,2025,,Tunisia,Tunisia,Mauritania,Mauritania,1,1,FT
3052,2025-11-12,Friendly,,2025,,Russia,Russia,Peru,Peru,1,1,FT
3053,2025-11-12,CONCACAF Series,,2025,,Cuba,Cuba,Saint Lucia,Saint Lucia,3,0,FT
3054,2025-11-12,CONCACAF Series,,2025,,Dominican Republic,Dominican Republic,Saint Vincent and the Grenadines,Saint Vincent and the Grenadines,2,0,FT
3055,2025-11-12,CONCACAF Series,,2025,,Dominica,Dominica,Saint Martin,Saint Martin,1,2,FT
3056,2025-11-12,CONCACAF Series,,2025,,Saint Kitts and Nevis,Saint Kitts and Nevis,Sint Maarten,Sint Maarten,0,0,FT
3057,2025-11-12,CONCACAF Series,,2025,,Barbados,Barbados,Bonaire,Bonaire,3,2,FT
3058,2025-11-12,CONCACAF Series,,2025,,Antigua and Barbuda,Antigua and Barbuda,Aruba,Aruba,0,0,FT
3059,2025-11-12,CONCACAF Series,,2025,,Bahamas,Bahamas,Anguilla,Anguilla,1,2,FT
3060,2025-11-12,CONCACAF Series,,2025,,Cayman Islands,Cayman Islands,British Virgin Islands,British Virgin Islands,1,2,FT
3061,2025-11-13,Friendly,,2025,,Algeria,Algeria,Zimbabwe,Zimbabwe,3,1,FT
3062,2025-11-13,Friendly,,2025,,Bangladesh,Bangladesh,Nepal,Nepal,2,2,FT
3063,2025-11-13,Friendly,,2025,,Canada,Canada,Ecuador,Ecuador,0,0,FT
3064,2025-11-13,Friendly,,2025,,Czech Republic,Czech Republic,San Marino,San Marino,1,0,FT
3065,2025-11-13,Friendly,,2025,,Hong Kong,Hong Kong,Cambodia,Cambodia,1,1,FT
3066,2025-11-13,Friendly,,2025,,Lithuania,Lithuania,Israel,Israel,0,0,FT
3067,2025-11-13,Friendly,,2025,,North Macedonia,North Macedonia,Latvia,Latvia,0,0,FT
3068,2025-11-13,Friendly,,2025,,Thailand,Thailand,Singapore,Singapore,3,2,FT
3069,2025-11-13,FIFA World Cup qualification,,2025,,United Arab Emirates,United Arab Emirates,Iraq,Iraq,1,1,FT
3070,2025-11-13,FIFA World Cup qualification,,2025,,Cameroon,Cameroon,DR Congo,DR Congo,0,1,FT
3071,2025-11-13,FIFA World Cup qualification,,2025,,Nigeria,Nigeria,Gabon,Gabon,4,1,FT
3072,2025-11-13,FIFA World Cup qualification,,2025,,France,France,Ukraine,Ukraine,4,0,FT
3073,2025-11-13,FIFA World Cup qualification,,2025,,Azerbaijan,Azerbaijan,Iceland,Iceland,0,2,FT
3074,2025-11-13,FIFA World Cup qualification,,2025,,Republic of Ireland,Republic of Ireland,Portugal,Portugal,2,0,FT
3075,2025-11-13,FIFA World Cup qualification,,2025,,Armenia,Armenia,Hungary,Hungary,0,1,FT
3076,2025-11-13,FIFA World Cup qualification,,2025,,Norway,Norway,Estonia,Estonia,4,1,FT
3077,2025-11-13,FIFA World Cup qualification,,2025,,Moldova,Moldova,Italy,Italy,0,2,FT
3078,2025-11-13,FIFA World Cup qualification,,2025,,England,England,Serbia,Serbia,2,0,FT
3079,2025-11-13,FIFA World Cup qualification,,2025,,Andorra,Andorra,Albania,Albania,0,1,FT
3080,2025-11-13,Al Ain International Cup,,2025,,Iran,Iran,Cape Verde,Cape Verde,0,0,FT
3081,2025-11-13,MSG Prime Minister's Cup,,2025,,Papua New Guinea,Papua New Guinea,Solomon Islands,Solomon Islands,1,0,FT
3082,2025-11-13,FIFA World Cup qualification,,2025,,Suriname,Suriname,El Salvador,El Salvador,4,0,FT
3083,2025-11-13,FIFA World Cup qualification,,2025,,Guatemala,Guatemala,Panama,Panama,2,3,FT
3084,2025-11-13,FIFA World Cup qualification,,2025,,Bermuda,Bermuda,Curaçao,Curaçao,0,7,FT
3085,2025-11-13,FIFA World Cup qualification,,2025,,Trinidad and Tobago,Trinidad and Tobago,Jamaica,Jamaica,1,1,FT
3086,2025-11-13,FIFA World Cup qualification,,2025,,Haiti,Haiti,Costa Rica,Costa Rica,1,0,FT
3087,2025-11-13,FIFA World Cup qualification,,2025,,Nicaragua,Nicaragua,Honduras,Honduras,2,0,FT
3088,2025-11-14,Friendly,,2025,,Angola,Angola,Argentina,Argentina,0,2,FT
3089,2025-11-14,Friendly,,2025,,Australia,Australia,Venezuela,Venezuela,0,1,FT
3090,2025-11-14,Friendly,,2025,,South Korea,South Korea,Bolivia,Bolivia,2,0,FT
3091,2025-11-14,Friendly,,2025,,Morocco,Morocco,Mozambique,Mozambique,1,0,FT
3092,2025-11-14,Friendly,,2025,,Oman,Oman,Sudan,Sudan,2,0,FT
3093,2025-11-14,Friendly,,2025,,Comoros,Comoros,Namibia,Namibia,1,0,FT
3094,2025-11-14,Friendly,,2025,,Uganda,Uganda,Chad,Chad,2,1,FT
3095,2025-11-14,Friendly,,2025,,Burkina Faso,Burkina Faso,Niger,Niger,3,2,FT
3096,2025-11-14,Kirin Cup,,2025,,Japan,Japan,Ghana,Ghana,2,0,FT
3097,2025-11-14,Friendly,,2025,,Saudi Arabia,Saudi Arabia,Ivory Coast,Ivory Coast,1,0,FT
3098,2025-11-14,Friendly,,2025,,Tunisia,Tunisia,Jordan,Jordan,3,2,FT
3099,2025-11-14,FIFA World Cup qualification,,2025,,Luxembourg,Luxembourg,Germany,Germany,0,2,FT
3100,2025-11-14,FIFA World Cup qualification,,2025,,Slovakia,Slovakia,Northern Ireland,Northern Ireland,1,0,FT
3101,2025-11-14,FIFA World Cup qualification,,2025,,Finland,Finland,Malta,Malta,0,1,FT
3102,2025-11-14,FIFA World Cup qualification,,2025,,Poland,Poland,Netherlands,Netherlands,1,1,FT
3103,2025-11-14,FIFA World Cup qualification,,2025,,Croatia,Croatia,Faroe Islands,Faroe Islands,3,1,FT
3104,2025-11-14,FIFA World Cup qualification,,2025,,Gibraltar,Gibraltar,Montenegro,Montenegro,1,2,FT
3105,2025-11-14,Al Ain International Cup,,2025,,Uzbekistan,Uzbekistan,Egypt,Egypt,2,0,FT
3106,2025-11-15,Friendly,,2025,,Russia,Russia,Chile,Chile,0,2,FT
3107,2025-11-15,Friendly,,2025,,Libya,Libya,Mauritania,Mauritania,1,0,FT
3108,2025-11-15,Friendly,,2025,,Kuwait,Kuwait,Tanzania,Tanzania,4,3,FT
3109,2025-11-15,Friendly,,2025,,Lesotho,Lesotho,Malawi,Malawi,0,0,FT
3110,2025-11-15,Friendly,,2025,,Guinea,Guinea,Liberia,Liberia,2,0,FT
3111,2025-11-15,Friendly,,2025,,Brazil,Brazil,Senegal,Senegal,2,0,FT
3112,2025-11-15,Friendly,,2025,,Colombia,Colombia,New Zealand,New Zealand,2,1,FT
3113,2025-11-15,Friendly,,2025,,Mexico,Mexico,Uruguay,Uruguay,0,0,FT
3114,2025-11-15,Friendly,,2025,,South Africa,South Africa,Zambia,Zambia,3,1,FT
3115,2025-11-15,Friendly,,2025,,United States,United States,Paraguay,Paraguay,2,1,FT
3116,2025-11-15,FIFA World Cup qualification,,2025,,Slovenia,Slovenia,Kosovo,Kosovo,0,2,FT
3117,2025-11-15,FIFA World Cup qualification,,2025,,Switzerland,Switzerland,Sweden,Sweden,4,1,FT
3118,2025-11-15,FIFA World Cup qualification,,2025,,Denmark,Denmark,Belarus,Belarus,2,2,FT
3119,2025-11-15,FIFA World Cup qualification,,2025,,Greece,Greece,Scotland,Scotland,3,2,FT
3120,2025-11-15,FIFA World Cup qualification,,2025,,Turkey,Turkey,Bulgaria,Bulgaria,2,0,FT
3121,2025-11-15,FIFA World Cup qualification,,2025,,Georgia,Georgia,Spain,Spain,0,4,FT
3122,2025-11-15,FIFA World Cup qualification,,2025,,Cyprus,Cyprus,Austria,Austria,0,2,FT
3123,2025-11-15,FIFA World Cup qualification,,2025,,Bosnia and Herzegovina,Bosnia and Herzegovina,Romania,Romania,3,1,FT
3124,2025-11-15,FIFA World Cup qualification,,2025,,Liechtenstein,Liechtenstein,Wales,Wales,0,1,FT
3125,2025-11-15,FIFA World Cup qualification,,2025,,Kazakhstan,Kazakhstan,Belgium,Belgium,1,1,FT
3126,2025-11-15,CONCACAF Series,,2025,,Martinique,Martinique,Cuba,Cuba,0,2,FT
3127,2025-11-15,CONCACAF Series,,2025,,Saint Vincent and the Grenadines,Saint Vincent and the Grenadines,Saint Lucia,Saint Lucia,3,1,FT
3128,2025-11-15,CONCACAF Series,,2025,,Dominica,Dominica,Sint Maarten,Sint Maarten,2,3,FT
3129,2025-11-15,CONCACAF Series,,2025,,Saint Martin,Saint Martin,Belize,Belize,0,1,FT
3130,2025-11-15,CONCACAF Series,,2025,,Barbados,Barbados,Aruba,Aruba,0,3,FT
3131,2025-11-15,CONCACAF Series,,2025,,Guyana,Guyana,Bonaire,Bonaire,2,1,FT
3132,2025-11-15,CONCACAF Series,,2025,,Bahamas,Bahamas,British Virgin Islands,British Virgin Islands,0,6,FT
3133,2025-11-15,CONCACAF Series,,2025,,Cayman Islands,Cayman Islands,Anguilla,Anguilla,4,0,FT
3134,2025-11-15,Friendly,,2025,,Basque Country,Basque Country,Palestine,Palestine,3,0,FT
3135,2025-11-16,FIFA World Cup qualification,,2025,,Nigeria,Nigeria,DR Congo,DR Congo,1,1,FT
3136,2025-11-16,FIFA World Cup qualification,,2025,,Ukraine,Ukraine,Iceland,Iceland,2,0,FT
3137,2025-11-16,FIFA World Cup qualification,,2025,,Azerbaijan,Azerbaijan,France,France,1,3,FT
3138,2025-11-16,FIFA World Cup qualification,,2025,,Portugal,Portugal,Armenia,Armenia,9,1,FT
3139,2025-11-16,FIFA World Cup qualification,,2025,,Hungary,Hungary,Republic of Ireland,Republic of Ireland,2,3,FT
3140,2025-11-16,FIFA World Cup qualification,,2025,,Moldova,Moldova,Israel,Israel,1,4,FT
3141,2025-11-16,FIFA World Cup qualification,,2025,,Italy,Italy,Norway,Norway,1,4,FT
3142,2025-11-16,FIFA World Cup qualification,,2025,,Albania,Albania,England,England,0,2,FT
3143,2025-11-16,FIFA World Cup qualification,,2025,,Serbia,Serbia,Latvia,Latvia,2,1,FT
3144,2025-11-17,Friendly,,2025,,Comoros,Comoros,Namibia,Namibia,4,0,FT
3145,2025-11-17,Friendly,,2025,,Mozambique,Mozambique,Chad,Chad,2,2,FT
3146,2025-11-17,Friendly,,2025,,Madagascar,Madagascar,Equatorial Guinea,Equatorial Guinea,2,0,FT
3147,2025-11-17,Friendly,,2025,,Finland,Finland,Andorra,Andorra,4,0,FT
3148,2025-11-17,Friendly,,2025,,Qatar,Qatar,Zimbabwe,Zimbabwe,1,2,FT
3149,2025-11-17,Friendly,,2025,,Bahrain,Bahrain,Somalia,Somalia,1,2,FT
3150,2025-11-17,FIFA World Cup qualification,,2025,,Northern Ireland,Northern Ireland,Luxembourg,Luxembourg,1,0,FT
3151,2025-11-17,FIFA World Cup qualification,,2025,,Germany,Germany,Slovakia,Slovakia,6,0,FT
3152,2025-11-17,FIFA World Cup qualification,,2025,,Malta,Malta,Poland,Poland,2,3,FT
3153,2025-11-17,FIFA World Cup qualification,,2025,,Netherlands,Netherlands,Lithuania,Lithuania,4,0,FT
3154,2025-11-17,FIFA World Cup qualification,,2025,,Czech Republic,Czech Republic,Gibraltar,Gibraltar,6,0,FT
3155,2025-11-17,FIFA World Cup qualification,,2025,,Montenegro,Montenegro,Croatia,Croatia,2,3,FT
3156,2025-11-17,Al Ain International Cup,,2025,,Cape Verde,Cape Verde,Egypt,Egypt,1,1,FT
3157,2025-11-17,MSG Prime Minister's Cup,,2025,,Vanuatu,Vanuatu,Fiji,Fiji,2,0,FT
3158,2025-11-18,Friendly,,2025,,Angola,Angola,Zambia,Zambia,3,2,FT
3159,2025-11-18,Friendly,,2025,,Morocco,Morocco,Uganda,Uganda,4,0,FT
3160,2025-11-18,Friendly,,2025,,Oman,Oman,Ivory Coast,Ivory Coast,0,2,FT
3161,2025-11-18,Friendly,,2025,,Saudi Arabia,Saudi Arabia,Algeria,Algeria,0,2,FT
3162,2025-11-18,Friendly,,2025,,Guinea,Guinea,Niger,Niger,1,1,FT
3163,2025-11-18,Friendly,,2025,,Kenya,Kenya,Senegal,Senegal,0,8,FT
3164,2025-11-18,Friendly,,2025,,Benin,Benin,Burkina Faso,Burkina Faso,0,3,FT
3165,2025-11-18,Kirin Cup,,2025,,Japan,Japan,Bolivia,Bolivia,3,0,FT
3166,2025-11-18,Friendly,,2025,,Mali,Mali,Jordan,Jordan,3,2,FT
3167,2025-11-18,Friendly,,2025,,Kuwait,Kuwait,Gambia,Gambia,2,2,FT
3168,2025-11-18,Friendly,,2025,,Lesotho,Lesotho,Malawi,Malawi,0,1,FT
3169,2025-11-18,AFC Asian Cup qualification,,2025,,Maldives,Maldives,Philippines,Philippines,0,2,FT
3170,2025-11-18,AFC Asian Cup qualification,,2025,,Timor-Leste,Timor-Leste,Tajikistan,Tajikistan,0,5,FT
3171,2025-11-18,AFC Asian Cup qualification,,2025,,Yemen,Yemen,Bhutan,Bhutan,7,1,FT
3172,2025-11-18,AFC Asian Cup qualification,,2025,,Brunei,Brunei,Lebanon,Lebanon,0,3,FT
3173,2025-11-18,AFC Asian Cup qualification,,2025,,Bangladesh,Bangladesh,India,India,1,0,FT
3174,2025-11-18,AFC Asian Cup qualification,,2025,,Hong Kong,Hong Kong,Singapore,Singapore,1,2,FT
3175,2025-11-18,AFC Asian Cup qualification,,2025,,Sri Lanka,Sri Lanka,Thailand,Thailand,0,4,FT
3176,2025-11-18,AFC Asian Cup qualification,,2025,,Turkmenistan,Turkmenistan,Taiwan,Taiwan,3,1,FT
3177,2025-11-18,AFC Asian Cup qualification,,2025,,Pakistan,Pakistan,Syria,Syria,0,5,FT
3178,2025-11-18,AFC Asian Cup qualification,,2025,,Malaysia,Malaysia,Nepal,Nepal,1,0,FT
3179,2025-11-18,Friendly,,2025,,Brazil,Brazil,Tunisia,Tunisia,1,1,FT
3180,2025-11-18,Friendly,,2025,,Canada,Canada,Venezuela,Venezuela,2,0,FT
3181,2025-11-18,Friendly,,2025,,Chile,Chile,Peru,Peru,2,1,FT
3182,2025-11-18,Friendly,,2025,,Colombia,Colombia,Australia,Australia,3,0,FT
3183,2025-11-18,Friendly,,2025,,Cyprus,Cyprus,Estonia,Estonia,2,4,FT
3184,2025-11-18,Friendly,,2025,,Ecuador,Ecuador,New Zealand,New Zealand,2,0,FT
3185,2025-11-18,Friendly,,2025,,Faroe Islands,Faroe Islands,Kazakhstan,Kazakhstan,1,0,FT
3186,2025-11-18,Friendly,,2025,,South Korea,South Korea,Ghana,Ghana,1,0,FT
3187,2025-11-18,Friendly,,2025,,Mexico,Mexico,Paraguay,Paraguay,1,2,FT
3188,2025-11-18,Friendly,,2025,,United States,United States,Uruguay,Uruguay,5,1,FT
3189,2025-11-18,FIFA World Cup qualification,,2025,,Iraq,Iraq,United Arab Emirates,United Arab Emirates,2,1,FT
3190,2025-11-18,FIFA World Cup qualification,,2025,,Kosovo,Kosovo,Switzerland,Switzerland,1,1,FT
3191,2025-11-18,FIFA World Cup qualification,,2025,,Sweden,Sweden,Slovenia,Slovenia,1,1,FT
3192,2025-11-18,FIFA World Cup qualification,,2025,,Scotland,Scotland,Denmark,Denmark,4,2,FT
3193,2025-11-18,FIFA World Cup qualification,,2025,,Belarus,Belarus,Greece,Greece,0,0,FT
3194,2025-11-18,FIFA World Cup qualification,,2025,,Spain,Spain,Turkey,Turkey,2,2,FT
3195,2025-11-18,FIFA World Cup qualification,,2025,,Bulgaria,Bulgaria,Georgia,Georgia,2,1,FT
3196,2025-11-18,FIFA World Cup qualification,,2025,,Austria,Austria,Bosnia and Herzegovina,Bosnia and Herzegovina,1,1,FT
3197,2025-11-18,FIFA World Cup qualification,,2025,,Romania,Romania,San Marino,San Marino,7,1,FT
3198,2025-11-18,FIFA World Cup qualification,,2025,,Wales,Wales,North Macedonia,North Macedonia,7,1,FT
3199,2025-11-18,FIFA World Cup qualification,,2025,,Belgium,Belgium,Liechtenstein,Liechtenstein,7,0,FT
3200,2025-11-18,CONCACAF Series,,2025,,Dominican Republic,Dominican Republic,Martinique,Martinique,0,0,FT
3201,2025-11-18,CONCACAF Series,,2025,,Saint Kitts and Nevis,Saint Kitts and Nevis,Belize,Belize,2,6,FT
3202,2025-11-18,CONCACAF Series,,2025,,Antigua and Barbuda,Antigua and Barbuda,Guyana,Guyana,1,4,FT
3203,2025-11-18,Al Ain International Cup,,2025,,Iran,Iran,Uzbekistan,Uzbekistan,0,0,FT
3204,2025-11-18,FIFA World Cup qualification,,2025,,Guatemala,Guatemala,Suriname,Suriname,3,1,FT
3205,2025-11-18,FIFA World Cup qualification,,2025,,Panama,Panama,El Salvador,El Salvador,3,0,FT
3206,2025-11-18,FIFA World Cup qualification,,2025,,Jamaica,Jamaica,Curaçao,Curaçao,0,0,FT
3207,2025-11-18,FIFA World Cup qualification,,2025,,Trinidad and Tobago,Trinidad and Tobago,Bermuda,Bermuda,2,2,FT
3208,2025-11-18,FIFA World Cup qualification,,2025,,Costa Rica,Costa Rica,Honduras,Honduras,0,0,FT
3209,2025-11-18,FIFA World Cup qualification,,2025,,Haiti,Haiti,Nicaragua,Nicaragua,2,0,FT
3210,2025-11-19,AFC Asian Cup qualification,,2025,,Laos,Laos,Vietnam,Vietnam,0,2,FT
3211,2025-11-20,MSG Prime Minister's Cup,,2025,,Vanuatu,Vanuatu,Solomon Islands,Solomon Islands,2,1,FT
3212,2025-11-20,MSG Prime Minister's Cup,,2025,,Papua New Guinea,Papua New Guinea,Fiji,Fiji,2,0,FT
3213,2025-11-23,MSG Prime Minister's Cup,,2025,,Papua New Guinea,Papua New Guinea,Vanuatu,Vanuatu,2,2,FT
3214,2025-11-25,Arab Cup qualification,,2025,,Mauritania,Mauritania,Kuwait,Kuwait,0,2,FT
3215,2025-11-25,Arab Cup qualification,,2025,,Syria,Syria,South Sudan,South Sudan,2,0,FT
3216,2025-11-25,Arab Cup qualification,,2025,,Palestine,Palestine,Libya,Libya,0,0,FT
3217,2025-11-26,Arab Cup qualification,,2025,,Oman,Oman,Somalia,Somalia,0,0,FT
3218,2025-11-26,Arab Cup qualification,,2025,,Bahrain,Bahrain,Djibouti,Djibouti,1,0,FT
3219,2025-11-26,Arab Cup qualification,,2025,,Sudan,Sudan,Lebanon,Lebanon,2,1,FT
3220,2025-11-26,Arab Cup qualification,,2025,,Comoros,Comoros,Yemen,Yemen,4,4,FT
3221,2025-12-01,Arab Cup,,2025,,Tunisia,Tunisia,Syria,Syria,0,1,FT
3222,2025-12-01,Arab Cup,,2025,,Qatar,Qatar,Palestine,Palestine,0,1,FT
3223,2025-12-02,Arab Cup,,2025,,Morocco,Morocco,Comoros,Comoros,3,1,FT
3224,2025-12-02,Arab Cup,,2025,,Saudi Arabia,Saudi Arabia,Oman,Oman,2,1,FT
3225,2025-12-02,Arab Cup,,2025,,Egypt,Egypt,Kuwait,Kuwait,1,1,FT
3226,2025-12-03,Arab Cup,,2025,,Jordan,Jordan,United Arab Emirates,United Arab Emirates,2,1,FT
3227,2025-12-03,Arab Cup,,2025,,Algeria,Algeria,Sudan,Sudan,0,0,FT
3228,2025-12-03,Arab Cup,,2025,,Iraq,Iraq,Bahrain,Bahrain,2,1,FT
3229,2025-12-04,Arab Cup,,2025,,Palestine,Palestine,Tunisia,Tunisia,2,2,FT
3230,2025-12-04,Arab Cup,,2025,,Qatar,Qatar,Syria,Syria,1,1,FT
3231,2025-12-05,Arab Cup,,2025,,Oman,Oman,Morocco,Morocco,0,0,FT
3232,2025-12-05,Arab Cup,,2025,,Comoros,Comoros,Saudi Arabia,Saudi Arabia,1,3,FT
3233,2025-12-06,Arab Cup,,2025,,Kuwait,Kuwait,Jordan,Jordan,1,3,FT
3234,2025-12-06,Arab Cup,,2025,,United Arab Emirates,United Arab Emirates,Egypt,Egypt,1,1,FT
3235,2025-12-06,Arab Cup,,2025,,Bahrain,Bahrain,Algeria,Algeria,1,5,FT
3236,2025-12-06,Arab Cup,,2025,,Sudan,Sudan,Iraq,Iraq,0,2,FT
3237,2025-12-07,Arab Cup,,2025,,Qatar,Qatar,Tunisia,Tunisia,0,3,FT
3238,2025-12-07,Arab Cup,,2025,,Syria,Syria,Palestine,Palestine,0,0,FT
3239,2025-12-08,Arab Cup,,2025,,Morocco,Morocco,Saudi Arabia,Saudi Arabia,1,0,FT
3240,2025-12-08,Arab Cup,,2025,,Oman,Oman,Comoros,Comoros,2,1,FT
3241,2025-12-09,Arab Cup,,2025,,Egypt,Egypt,Jordan,Jordan,0,3,FT
3242,2025-12-09,Arab Cup,,2025,,United Arab Emirates,United Arab Emirates,Kuwait,Kuwait,3,1,FT
3243,2025-12-09,Arab Cup,,2025,,Algeria,Algeria,Iraq,Iraq,2,0,FT
3244,2025-12-09,Arab Cup,,2025,,Bahrain,Bahrain,Sudan,Sudan,3,1,FT
3245,2025-12-11,Arab Cup,,2025,,Morocco,Morocco,Syria,Syria,1,0,FT
3246,2025-12-11,Arab Cup,,2025,,Palestine,Palestine,Saudi Arabia,Saudi Arabia,1,2,FT
3247,2025-12-12,Arab Cup,,2025,,Jordan,Jordan,Iraq,Iraq,1,0,FT
3248,2025-12-12,Arab Cup,,2025,,Algeria,Algeria,United Arab Emirates,United Arab Emirates,1,1,FT
3249,2025-12-15,Arab Cup,,2025,,Morocco,Morocco,United Arab Emirates,United Arab Emirates,3,0,FT
3250,2025-12-15,Arab Cup,,2025,,Saudi Arabia,Saudi Arabia,Jordan,Jordan,0,1,FT
3251,2025-12-18,Arab Cup,,2025,,Jordan,Jordan,Morocco,Morocco,2,3,FT
3252,2025-12-21,African Cup of Nations,,2025,,Morocco,Morocco,Comoros,Comoros,2,0,FT
3253,2025-12-22,African Cup of Nations,,2025,,Mali,Mali,Zambia,Zambia,1,1,FT
3254,2025-12-22,African Cup of Nations,,2025,,South Africa,South Africa,Angola,Angola,2,1,FT
3255,2025-12-22,African Cup of Nations,,2025,,Egypt,Egypt,Zimbabwe,Zimbabwe,2,1,FT
3256,2025-12-23,African Cup of Nations,,2025,,Nigeria,Nigeria,Tanzania,Tanzania,2,1,FT
3257,2025-12-23,African Cup of Nations,,2025,,Tunisia,Tunisia,Uganda,Uganda,3,1,FT
3258,2025-12-23,African Cup of Nations,,2025,,DR Congo,DR Congo,Benin,Benin,1,0,FT
3259,2025-12-23,African Cup of Nations,,2025,,Senegal,Senegal,Botswana,Botswana,3,0,FT
3260,2025-12-24,African Cup of Nations,,2025,,Burkina Faso,Burkina Faso,Equatorial Guinea,Equatorial Guinea,2,1,FT
3261,2025-12-24,African Cup of Nations,,2025,,Algeria,Algeria,Sudan,Sudan,3,0,FT
3262,2025-12-24,African Cup of Nations,,2025,,Ivory Coast,Ivory Coast,Mozambique,Mozambique,1,0,FT
3263,2025-12-24,African Cup of Nations,,2025,,Cameroon,Cameroon,Gabon,Gabon,1,0,FT
3264,2025-12-26,African Cup of Nations,,2025,,Zambia,Zambia,Comoros,Comoros,0,0,FT
3265,2025-12-26,African Cup of Nations,,2025,,Morocco,Morocco,Mali,Mali,1,1,FT
3266,2025-12-26,African Cup of Nations,,2025,,Angola,Angola,Zimbabwe,Zimbabwe,1,1,FT
3267,2025-12-26,African Cup of Nations,,2025,,Egypt,Egypt,South Africa,South Africa,1,0,FT
3268,2025-12-27,African Cup of Nations,,2025,,Uganda,Uganda,Tanzania,Tanzania,1,1,FT
3269,2025-12-27,African Cup of Nations,,2025,,Nigeria,Nigeria,Tunisia,Tunisia,3,2,FT
3270,2025-12-27,African Cup of Nations,,2025,,Benin,Benin,Botswana,Botswana,1,0,FT
3271,2025-12-27,African Cup of Nations,,2025,,Senegal,Senegal,DR Congo,DR Congo,1,1,FT
3272,2025-12-28,African Cup of Nations,,2025,,Equatorial Guinea,Equatorial Guinea,Sudan,Sudan,0,1,FT
3273,2025-12-28,African Cup of Nations,,2025,,Algeria,Algeria,Burkina Faso,Burkina Faso,1,0,FT
3274,2025-12-28,African Cup of Nations,,2025,,Gabon,Gabon,Mozambique,Mozambique,2,3,FT
3275,2025-12-28,African Cup of Nations,,2025,,Ivory Coast,Ivory Coast,Cameroon,Cameroon,1,1,FT
3276,2025-12-29,African Cup of Nations,,2025,,Morocco,Morocco,Zambia,Zambia,3,0,FT
3277,2025-12-29,African Cup of Nations,,2025,,Comoros,Comoros,Mali,Mali,0,0,FT
3278,2025-12-29,African Cup of Nations,,2025,,Angola,Angola,Egypt,Egypt,0,0,FT
3279,2025-12-29,African Cup of Nations,,2025,,Zimbabwe,Zimbabwe,South Africa,South Africa,2,3,FT
3280,2025-12-30,African Cup of Nations,,2025,,Uganda,Uganda,Nigeria,Nigeria,1,3,FT
3281,2025-12-30,African Cup of Nations,,2025,,Tanzania,Tanzania,Tunisia,Tunisia,1,1,FT
3282,2025-12-30,African Cup of Nations,,2025,,Benin,Benin,Senegal,Senegal,0,3,FT
3283,2025-12-30,African Cup of Nations,,2025,,Botswana,Botswana,DR Congo,DR Congo,0,3,FT
3284,2025-12-31,African Cup of Nations,,2025,,Equatorial Guinea,Equatorial Guinea,Algeria,Algeria,1,3,FT
3285,2025-12-31,African Cup of Nations,,2025,,Sudan,Sudan,Burkina Faso,Burkina Faso,0,2,FT
3286,2025-12-31,African Cup of Nations,,2025,,Gabon,Gabon,Ivory Coast,Ivory Coast,2,3,FT
3287,2025-12-31,African Cup of Nations,,2025,,Mozambique,Mozambique,Cameroon,Cameroon,1,2,FT
3288,2026-01-03,African Cup of Nations,,2026,,Senegal,Senegal,Sudan,Sudan,3,1,FT
3289,2026-01-03,African Cup of Nations,,2026,,Mali,Mali,Tunisia,Tunisia,1,1,FT
3290,2026-01-04,African Cup of Nations,,2026,,Morocco,Morocco,Tanzania,Tanzania,1,0,FT
3291,2026-01-04,African Cup of Nations,,2026,,South Africa,South Africa,Cameroon,Cameroon,1,2,FT
3292,2026-01-05,African Cup of Nations,,2026,,Egypt,Egypt,Benin,Benin,3,1,FT
3293,2026-01-05,African Cup of Nations,,2026,,Nigeria,Nigeria,Mozambique,Mozambique,4,0,FT
3294,2026-01-06,African Cup of Nations,,2026,,Algeria,Algeria,DR Congo,DR Congo,1,0,FT
3295,2026-01-06,African Cup of Nations,,2026,,Ivory Coast,Ivory Coast,Burkina Faso,Burkina Faso,3,0,FT
3296,2026-01-09,African Cup of Nations,,2026,,Mali,Mali,Senegal,Senegal,0,1,FT
3297,2026-01-09,African Cup of Nations,,2026,,Morocco,Morocco,Cameroon,Cameroon,2,0,FT
3298,2026-01-10,African Cup of Nations,,2026,,Algeria,Algeria,Nigeria,Nigeria,0,2,FT
3299,2026-01-10,African Cup of Nations,,2026,,Egypt,Egypt,Ivory Coast,Ivory Coast,3,2,FT
3300,2026-01-14,African Cup of Nations,,2026,,Senegal,Senegal,Egypt,Egypt,1,0,FT
3301,2026-01-14,African Cup of Nations,,2026,,Morocco,Morocco,Nigeria,Nigeria,0,0,FT
3302,2026-01-17,African Cup of Nations,,2026,,Egypt,Egypt,Nigeria,Nigeria,0,0,FT
3303,2026-01-18,African Cup of Nations,,2026,,Morocco,Morocco,Senegal,Senegal,3,0,FT
3304,2026-01-18,Friendly,,2026,,Bolivia,Bolivia,Panama,Panama,1,1,FT
3305,2026-01-18,Friendly,,2026,,Grenada,Grenada,Jamaica,Jamaica,0,1,FT
3306,2026-01-22,Friendly,,2026,,Panama,Panama,Mexico,Mexico,0,1,FT
3307,2026-01-25,Friendly,,2026,,Bolivia,Bolivia,Mexico,Mexico,0,1,FT
3308,2026-01-26,Friendly,,2026,,Uzbekistan,Uzbekistan,China,China,2,2,FT
3309,2026-02-25,Friendly,,2026,,Mexico,Mexico,Iceland,Iceland,4,0,FT
3310,2026-03-15,Friendly,,2026,,Bolivia,Bolivia,Trinidad and Tobago,Trinidad and Tobago,3,0,FT
3311,2026-03-25,Friendly,,2026,,Bermuda,Bermuda,DR Congo,DR Congo,0,2,FT
3312,2026-03-25,Friendly,,2026,,Equatorial Guinea,Equatorial Guinea,Kyrgyzstan,Kyrgyzstan,1,0,FT
3313,2026-03-25,FIFA Series,,2026,,Kazakhstan,Kazakhstan,Namibia,Namibia,2,0,FT
3314,2026-03-25,FIFA Series,,2026,,United States Virgin Islands,United States Virgin Islands,American Samoa,American Samoa,5,2,FT
3315,2026-03-25,FIFA Series,,2026,,Puerto Rico,Puerto Rico,Guam,Guam,4,0,FT
3316,2026-03-26,Friendly,,2026,,Brazil,Brazil,France,France,1,2,FT
3317,2026-03-26,Friendly,,2026,,Colombia,Colombia,Croatia,Croatia,1,2,FT
3318,2026-03-26,Friendly,,2026,,Cyprus,Cyprus,Belarus,Belarus,0,1,FT
3319,2026-03-26,Friendly,,2026,,Georgia,Georgia,Israel,Israel,2,2,FT
3320,2026-03-26,Friendly,,2026,,Moldova,Moldova,Lithuania,Lithuania,0,2,FT
3321,2026-03-26,Friendly,,2026,,Vietnam,Vietnam,Bangladesh,Bangladesh,3,0,FT
3322,2026-03-26,FIFA World Cup qualification,,2026,,New Caledonia,New Caledonia,Jamaica,Jamaica,0,1,FT
3323,2026-03-26,FIFA World Cup qualification,,2026,,Bolivia,Bolivia,Suriname,Suriname,2,1,FT
3324,2026-03-26,FIFA World Cup qualification,,2026,,Italy,Italy,Northern Ireland,Northern Ireland,2,0,FT
3325,2026-03-26,FIFA World Cup qualification,,2026,,Wales,Wales,Bosnia and Herzegovina,Bosnia and Herzegovina,1,1,FT
3326,2026-03-26,FIFA World Cup qualification,,2026,,Poland,Poland,Albania,Albania,2,1,FT
3327,2026-03-26,FIFA World Cup qualification,,2026,,Ukraine,Ukraine,Sweden,Sweden,1,3,FT
3328,2026-03-26,FIFA World Cup qualification,,2026,,Slovakia,Slovakia,Kosovo,Kosovo,3,4,FT
3329,2026-03-26,FIFA World Cup qualification,,2026,,Turkey,Turkey,Romania,Romania,1,0,FT
3330,2026-03-26,FIFA World Cup qualification,,2026,,Czech Republic,Czech Republic,Republic of Ireland,Republic of Ireland,2,2,FT
3331,2026-03-26,FIFA World Cup qualification,,2026,,Denmark,Denmark,North Macedonia,North Macedonia,4,0,FT
3332,2026-03-26,FIFA Series,,2026,,Aruba,Aruba,Macau,Macau,4,1,FT
3333,2026-03-26,FIFA Series,,2026,,Tanzania,Tanzania,Liechtenstein,Liechtenstein,0,1,FT
3334,2026-03-26,CONCACAF Series,,2026,,Martinique,Martinique,Cuba,Cuba,2,2,FT
3335,2026-03-26,CONCACAF Series,,2026,,Dominican Republic,Dominican Republic,El Salvador,El Salvador,2,2,FT
3336,2026-03-26,CONCACAF Series,,2026,,Saint Martin,Saint Martin,Barbados,Barbados,3,1,FT
3337,2026-03-26,CONCACAF Series,,2026,,Bonaire,Bonaire,Saint Vincent and the Grenadines,Saint Vincent and the Grenadines,3,1,FT
3338,2026-03-26,CONCACAF Series,,2026,,Bahamas,Bahamas,Anguilla,Anguilla,1,3,FT
3339,2026-03-26,CONCACAF Series,,2026,,Cayman Islands,Cayman Islands,British Virgin Islands,British Virgin Islands,1,1,FT
3340,2026-03-27,Friendly,,2026,,Algeria,Algeria,Guatemala,Guatemala,7,0,FT
3341,2026-03-27,Friendly,,2026,,Argentina,Argentina,Mauritania,Mauritania,2,1,FT
3342,2026-03-27,Friendly,,2026,,Austria,Austria,Ghana,Ghana,5,1,FT
3343,2026-03-27,Friendly,,2026,,England,England,Uruguay,Uruguay,1,1,FT
3344,2026-03-27,Friendly,,2026,,Greece,Greece,Paraguay,Paraguay,0,1,FT
3345,2026-03-27,"Morocco, Capital of African Football",,2026,,Guinea,Guinea,Togo,Togo,2,2,FT
3346,2026-03-27,"Morocco, Capital of African Football",,2026,,Liberia,Liberia,Benin,Benin,0,1,FT
3347,2026-03-27,"Morocco, Capital of African Football",,2026,,Libya,Libya,Niger,Niger,0,0,FT
3348,2026-03-27,Friendly,,2026,,Montenegro,Montenegro,Andorra,Andorra,2,0,FT
3349,2026-03-27,Friendly,,2026,,Morocco,Morocco,Ecuador,Ecuador,1,1,FT
3350,2026-03-27,Friendly,,2026,,Netherlands,Netherlands,Norway,Norway,2,1,FT
3351,2026-03-27,Friendly,,2026,,Saudi Arabia,Saudi Arabia,Egypt,Egypt,0,4,FT
3352,2026-03-27,Friendly,,2026,,South Africa,South Africa,Panama,Panama,1,1,FT
3353,2026-03-27,Friendly,,2026,,Spain,Spain,Serbia,Serbia,3,0,FT
3354,2026-03-27,Friendly,,2026,,Russia,Russia,Nicaragua,Nicaragua,3,1,FT
3355,2026-03-27,Friendly,,2026,,Switzerland,Switzerland,Germany,Germany,3,4,FT
3356,2026-03-27,Friendly,,2026,,Costa Rica,Costa Rica,Jordan,Jordan,2,2,FT
3357,2026-03-27,Friendly,,2026,,Iran,Iran,Nigeria,Nigeria,1,2,FT
3358,2026-03-27,FIFA Series,,2026,,China,China,Curaçao,Curaçao,2,0,FT
3359,2026-03-27,FIFA Series,,2026,,Australia,Australia,Cameroon,Cameroon,1,0,FT
3360,2026-03-27,FIFA Series,,2026,,Azerbaijan,Azerbaijan,Saint Lucia,Saint Lucia,6,1,FT
3361,2026-03-27,FIFA Series,,2026,,Solomon Islands,Solomon Islands,Bulgaria,Bulgaria,2,10,FT
3362,2026-03-27,FIFA Series,,2026,,Indonesia,Indonesia,Saint Kitts and Nevis,Saint Kitts and Nevis,4,0,FT
3363,2026-03-27,FIFA Series,,2026,,Chile,Chile,Cape Verde,Cape Verde,4,2,FT
3364,2026-03-27,FIFA Series,,2026,,New Zealand,New Zealand,Finland,Finland,0,2,FT
3365,2026-03-27,FIFA Series,,2026,,Kenya,Kenya,Estonia,Estonia,1,1,FT
3366,2026-03-27,FIFA Series,,2026,,Rwanda,Rwanda,Grenada,Grenada,4,0,FT
3367,2026-03-27,FIFA Series,,2026,,Venezuela,Venezuela,Trinidad and Tobago,Trinidad and Tobago,4,1,FT
3368,2026-03-27,FIFA Series,,2026,,Uzbekistan,Uzbekistan,Gabon,Gabon,3,1,FT
3369,2026-03-27,CONCACAF Series,,2026,,Guyana,Guyana,Dominica,Dominica,2,0,FT
3370,2026-03-27,CONCACAF Series,,2026,,Belize,Belize,Sint Maarten,Sint Maarten,2,3,FT
3371,2026-03-28,Friendly,,2026,,Burkina Faso,Burkina Faso,Guinea-Bissau,Guinea-Bissau,5,0,FT
3372,2026-03-28,Friendly,,2026,,Canada,Canada,Iceland,Iceland,2,2,FT
3373,2026-03-28,Friendly,,2026,,Haiti,Haiti,Tunisia,Tunisia,0,1,FT
3374,2026-03-28,Friendly,,2026,,Hungary,Hungary,Slovenia,Slovenia,1,0,FT
3375,2026-03-28,Friendly,,2026,,Ivory Coast,Ivory Coast,South Korea,South Korea,4,0,FT
3376,2026-03-28,Friendly,,2026,,Mexico,Mexico,Portugal,Portugal,0,0,FT
3377,2026-03-28,Friendly,,2026,,San Marino,San Marino,Faroe Islands,Faroe Islands,1,2,FT
3378,2026-03-28,Friendly,,2026,,Scotland,Scotland,Japan,Japan,0,1,FT
3379,2026-03-28,Friendly,,2026,,Senegal,Senegal,Peru,Peru,2,0,FT
3380,2026-03-28,Friendly,,2026,,United States,United States,Belgium,Belgium,2,5,FT
3381,2026-03-28,Friendly,,2026,,Kyrgyzstan,Kyrgyzstan,Madagascar,Madagascar,2,5,FT
3382,2026-03-28,Mukuru 4 Nations,,2026,,Botswana,Botswana,Zimbabwe,Zimbabwe,0,3,FT
3383,2026-03-28,FIFA Series,,2026,,Namibia,Namibia,Comoros,Comoros,0,0,FT
3384,2026-03-28,FIFA Series,,2026,,American Samoa,American Samoa,Guam,Guam,0,6,FT
3385,2026-03-28,FIFA Series,,2026,,Puerto Rico,Puerto Rico,United States Virgin Islands,United States Virgin Islands,2,0,FT
3386,2026-03-29,Friendly,,2026,,Armenia,Armenia,Belarus,Belarus,1,2,FT
3387,2026-03-29,Friendly,,2026,,Colombia,Colombia,France,France,1,3,FT
3388,2026-03-29,Friendly,,2026,,Lithuania,Lithuania,Georgia,Georgia,0,2,FT
3389,2026-03-29,FIFA Series,,2026,,Macau,Macau,Tanzania,Tanzania,0,6,FT
3390,2026-03-29,FIFA Series,,2026,,Aruba,Aruba,Liechtenstein,Liechtenstein,4,1,FT
3391,2026-03-29,CONCACAF Series,,2026,,Martinique,Martinique,El Salvador,El Salvador,0,1,FT
3392,2026-03-29,CONCACAF Series,,2026,,Dominican Republic,Dominican Republic,Cuba,Cuba,1,1,FT
3393,2026-03-29,CONCACAF Series,,2026,,Barbados,Barbados,Saint Vincent and the Grenadines,Saint Vincent and the Grenadines,2,3,FT
3394,2026-03-29,CONCACAF Series,,2026,,Bonaire,Bonaire,Saint Martin,Saint Martin,0,3,FT
3395,2026-03-29,CONCACAF Series,,2026,,British Virgin Islands,British Virgin Islands,Anguilla,Anguilla,4,0,FT
3396,2026-03-29,CONCACAF Series,,2026,,Cayman Islands,Cayman Islands,Bahamas,Bahamas,1,0,FT
3397,2026-03-30,Friendly,,2026,,Cyprus,Cyprus,Moldova,Moldova,3,2,FT
3398,2026-03-30,Friendly,,2026,,Germany,Germany,Ghana,Ghana,2,1,FT
3399,2026-03-30,FIFA Series,,2026,,Azerbaijan,Azerbaijan,Sierra Leone,Sierra Leone,1,1,FT
3400,2026-03-30,FIFA Series,,2026,,Saint Kitts and Nevis,Saint Kitts and Nevis,Solomon Islands,Solomon Islands,4,2,FT
3401,2026-03-30,FIFA Series,,2026,,Indonesia,Indonesia,Bulgaria,Bulgaria,0,1,FT
3402,2026-03-30,FIFA Series,,2026,,Cape Verde,Cape Verde,Finland,Finland,1,1,FT
3403,2026-03-30,FIFA Series,,2026,,New Zealand,New Zealand,Chile,Chile,4,1,FT
3404,2026-03-30,FIFA Series,,2026,,Grenada,Grenada,Kenya,Kenya,0,3,FT
3405,2026-03-30,FIFA Series,,2026,,Rwanda,Rwanda,Estonia,Estonia,2,0,FT
3406,2026-03-30,FIFA Series,,2026,,Gabon,Gabon,Trinidad and Tobago,Trinidad and Tobago,2,2,FT
3407,2026-03-30,FIFA Series,,2026,,Uzbekistan,Uzbekistan,Venezuela,Venezuela,0,0,FT
3408,2026-03-30,CONCACAF Series,,2026,,Guyana,Guyana,Belize,Belize,3,1,FT
3409,2026-03-30,CONCACAF Series,,2026,,Dominica,Dominica,Sint Maarten,Sint Maarten,0,0,FT
3410,2026-03-31,Friendly,,2026,,Algeria,Algeria,Uruguay,Uruguay,0,0,FT
3411,2026-03-31,Friendly,,2026,,Argentina,Argentina,Zambia,Zambia,5,0,FT
3412,2026-03-31,Friendly,,2026,,Austria,Austria,South Korea,South Korea,1,0,FT
3413,2026-03-31,"Morocco, Capital of African Football",,2026,,Benin,Benin,Guinea,Guinea,1,0,FT
3414,2026-03-31,Friendly,,2026,,Brazil,Brazil,Croatia,Croatia,3,1,FT
3415,2026-03-31,Friendly,,2026,,Burkina Faso,Burkina Faso,Guinea-Bissau,Guinea-Bissau,1,1,FT
3416,2026-03-31,Friendly,,2026,,Canada,Canada,Tunisia,Tunisia,0,0,FT
3417,2026-03-31,Friendly,,2026,,Costa Rica,Costa Rica,Iran,Iran,0,5,FT
3418,2026-03-31,Friendly,,2026,,England,England,Japan,Japan,0,1,FT
3419,2026-03-31,Friendly,,2026,,Equatorial Guinea,Equatorial Guinea,Madagascar,Madagascar,1,1,FT
3420,2026-03-31,Friendly,,2026,,Haiti,Haiti,Iceland,Iceland,1,1,FT
3421,2026-03-31,Friendly,,2026,,Hungary,Hungary,Greece,Greece,0,0,FT
3422,2026-03-31,Friendly,,2026,,Ivory Coast,Ivory Coast,Scotland,Scotland,1,0,FT
3423,2026-03-31,Friendly,,2026,,Jordan,Jordan,Nigeria,Nigeria,2,2,FT
3424,2026-03-31,"Morocco, Capital of African Football",,2026,,Liberia,Liberia,Libya,Libya,2,2,FT
3425,2026-03-31,Mukuru 4 Nations,,2026,,Botswana,Botswana,Malawi,Malawi,1,0,FT
3426,2026-03-31,Friendly,,2026,,Mexico,Mexico,Belgium,Belgium,1,1,FT
3427,2026-03-31,Friendly,,2026,,Montenegro,Montenegro,Slovenia,Slovenia,2,3,FT
3428,2026-03-31,Friendly,,2026,,Morocco,Morocco,Paraguay,Paraguay,2,1,FT
3429,2026-03-31,Friendly,,2026,,Netherlands,Netherlands,Ecuador,Ecuador,1,1,FT
3430,2026-03-31,"Morocco, Capital of African Football",,2026,,Niger,Niger,Togo,Togo,0,1,FT
3431,2026-03-31,Friendly,,2026,,Norway,Norway,Switzerland,Switzerland,0,0,FT
3432,2026-03-31,Friendly,,2026,,Peru,Peru,Honduras,Honduras,2,2,FT
3433,2026-03-31,Friendly,,2026,,Russia,Russia,Mali,Mali,0,0,FT
3434,2026-03-31,Friendly,,2026,,Republic of Ireland,Republic of Ireland,North Macedonia,North Macedonia,0,0,FT
3435,2026-03-31,Friendly,,2026,,San Marino,San Marino,Andorra,Andorra,0,0,FT
3436,2026-03-31,Friendly,,2026,,Senegal,Senegal,Gambia,Gambia,3,1,FT
3437,2026-03-31,Friendly,,2026,,Serbia,Serbia,Saudi Arabia,Saudi Arabia,2,1,FT
3438,2026-03-31,Friendly,,2026,,Slovakia,Slovakia,Romania,Romania,2,0,FT
3439,2026-03-31,Friendly,,2026,,South Africa,South Africa,Panama,Panama,1,2,FT
3440,2026-03-31,Friendly,,2026,,Spain,Spain,Egypt,Egypt,0,0,FT
3441,2026-03-31,Friendly,,2026,,Ukraine,Ukraine,Albania,Albania,1,0,FT
3442,2026-03-31,Friendly,,2026,,United States,United States,Portugal,Portugal,0,2,FT
3443,2026-03-31,Friendly,,2026,,Wales,Wales,Northern Ireland,Northern Ireland,1,1,FT
3444,2026-03-31,FIFA World Cup qualification,,2026,,DR Congo,DR Congo,Jamaica,Jamaica,1,0,FT
3445,2026-03-31,FIFA World Cup qualification,,2026,,Iraq,Iraq,Bolivia,Bolivia,2,1,FT
3446,2026-03-31,FIFA World Cup qualification,,2026,,Bosnia and Herzegovina,Bosnia and Herzegovina,Italy,Italy,1,1,FT
3447,2026-03-31,FIFA World Cup qualification,,2026,,Sweden,Sweden,Poland,Poland,3,2,FT
3448,2026-03-31,FIFA World Cup qualification,,2026,,Kosovo,Kosovo,Turkey,Turkey,0,1,FT
3449,2026-03-31,FIFA World Cup qualification,,2026,,Czech Republic,Czech Republic,Denmark,Denmark,2,2,FT
3450,2026-03-31,FIFA Series,,2026,,Cameroon,Cameroon,China,China,2,0,FT
3451,2026-03-31,FIFA Series,,2026,,Australia,Australia,Curaçao,Curaçao,5,1,FT
3452,2026-03-31,FIFA Series,,2026,,Kazakhstan,Kazakhstan,Comoros,Comoros,1,0,FT
3453,2026-05-16,Friendly,,2026,,Republic of Ireland,Republic of Ireland,Grenada,Grenada,5,0,FT
3454,2026-05-22,Friendly,,2026,,Mexico,Mexico,Ghana,Ghana,2,0,FT
3455,2026-05-26,Friendly,,2026,,Morocco,Morocco,Burundi,Burundi,5,0,FT
3456,2026-05-26,Unity Cup,,2026,,Nigeria,Nigeria,Zimbabwe,Zimbabwe,2,0,FT
3457,2026-05-27,Unity Cup,,2026,,India,India,Jamaica,Jamaica,0,2,FT
3458,2026-05-28,Friendly,,2026,,Republic of Ireland,Republic of Ireland,Qatar,Qatar,1,0,FT
3459,2026-05-28,Friendly,,2026,,Egypt,Egypt,Russia,Russia,1,0,FT
3460,2026-05-29,Friendly,,2026,,Andorra,Andorra,Iraq,Iraq,0,1,FT
3461,2026-05-29,Friendly,,2026,,Bosnia and Herzegovina,Bosnia and Herzegovina,North Macedonia,North Macedonia,0,0,FT
3462,2026-05-29,Friendly,,2026,,Iran,Iran,Gambia,Gambia,3,1,FT
3463,2026-05-29,Friendly,,2026,,South Africa,South Africa,Nicaragua,Nicaragua,0,0,FT
3464,2026-05-30,Friendly,,2026,,Ecuador,Ecuador,Saudi Arabia,Saudi Arabia,2,1,FT
3465,2026-05-30,Friendly,,2026,,South Korea,South Korea,Trinidad and Tobago,Trinidad and Tobago,5,0,FT
3466,2026-05-30,Friendly,,2026,,Mexico,Mexico,Australia,Australia,1,0,FT
3467,2026-05-30,Friendly,,2026,,Scotland,Scotland,Curaçao,Curaçao,4,1,FT
3468,2026-05-30,Unity Cup,,2026,,Zimbabwe,Zimbabwe,India,India,1,0,FT
3469,2026-05-30,Unity Cup,,2026,,Nigeria,Nigeria,Jamaica,Jamaica,3,0,FT
3470,2026-05-31,Friendly,,2026,,Brazil,Brazil,Panama,Panama,6,2,FT
3471,2026-05-31,Friendly,,2026,,Cape Verde,Cape Verde,Serbia,Serbia,3,0,FT
3472,2026-05-31,Friendly,,2026,,Czech Republic,Czech Republic,Kosovo,Kosovo,2,1,FT
3473,2026-05-31,Friendly,,2026,,Germany,Germany,Finland,Finland,4,0,FT
3474,2026-05-31,Friendly,,2026,,Poland,Poland,Ukraine,Ukraine,0,2,FT
3475,2026-05-31,Friendly,,2026,,Singapore,Singapore,Mongolia,Mongolia,4,0,FT
3476,2026-05-31,Friendly,,2026,,Switzerland,Switzerland,Jordan,Jordan,4,1,FT
3477,2026-05-31,Friendly,,2026,,United States,United States,Senegal,Senegal,3,2,FT
3478,2026-05-31,Friendly,,2026,,Japan,Japan,Iceland,Iceland,1,0,FT
3479,2026-06-01,Friendly,,2026,,Austria,Austria,Tunisia,Tunisia,1,0,FT
3480,2026-06-01,Friendly,,2026,,Bulgaria,Bulgaria,Montenegro,Montenegro,0,1,FT
3481,2026-06-01,Friendly,,2026,,Canada,Canada,Uzbekistan,Uzbekistan,2,0,FT
3482,2026-06-01,Friendly,,2026,,Colombia,Colombia,Costa Rica,Costa Rica,3,1,FT
3483,2026-06-01,Friendly,,2026,,Norway,Norway,Sweden,Sweden,3,1,FT
3484,2026-06-01,Friendly,,2026,,Slovakia,Slovakia,Malta,Malta,2,1,FT
3485,2026-06-01,Friendly,,2026,,Turkey,Turkey,North Macedonia,North Macedonia,4,0,FT
3486,2026-06-01,Diamond Jubilee International Football Tournament,,2026,,Maldives,Maldives,Afghanistan,Afghanistan,0,1,FT
3487,2026-06-02,Friendly,,2026,,Croatia,Croatia,Belgium,Belgium,0,2,FT
3488,2026-06-02,Friendly,,2026,,Georgia,Georgia,Romania,Romania,1,1,FT
3489,2026-06-02,Friendly,,2026,,Haiti,Haiti,New Zealand,New Zealand,4,0,FT
3490,2026-06-02,Friendly,,2026,,Morocco,Morocco,Madagascar,Madagascar,4,0,FT
3491,2026-06-02,Friendly,,2026,,Wales,Wales,Ghana,Ghana,1,1,FT
3492,2026-06-03,Friendly,,2026,,Albania,Albania,Israel,Israel,0,1,FT
3493,2026-06-03,Friendly,,2026,,DR Congo,DR Congo,Denmark,Denmark,0,0,FT
3494,2026-06-03,Friendly,,2026,,Gibraltar,Gibraltar,British Virgin Islands,British Virgin Islands,4,0,FT
3495,2026-06-03,Friendly,,2026,,South Korea,South Korea,El Salvador,El Salvador,1,0,FT
3496,2026-06-03,Friendly,,2026,,Luxembourg,Luxembourg,Italy,Italy,0,1,FT
3497,2026-06-03,Friendly,,2026,,Netherlands,Netherlands,Algeria,Algeria,0,1,FT
3498,2026-06-03,Friendly,,2026,,Panama,Panama,Dominican Republic,Dominican Republic,4,2,FT
3499,2026-06-03,Friendly,,2026,,Poland,Poland,Nigeria,Nigeria,2,2,FT
3500,2026-06-03,Friendly,,2026,,Philippines,Philippines,Guam,Guam,5,1,FT
3501,2026-06-01,Diamond Jubilee International Football Tournament,,2026,,Maldives,Maldives,Pakistan,Pakistan,0,3,FT
3502,2026-06-04,Friendly,,2026,,Andorra,Andorra,Liechtenstein,Liechtenstein,2,0,FT
3503,2026-06-04,Friendly,,2026,,Cambodia,Cambodia,Bhutan,Bhutan,4,0,FT
3504,2026-06-04,Friendly,,2026,,France,France,Ivory Coast,Ivory Coast,1,2,FT
3505,2026-06-04,Friendly,,2026,,Guatemala,Guatemala,Czech Republic,Czech Republic,1,5,FT
3506,2026-06-04,Friendly,,2026,,Iran,Iran,Mali,Mali,2,0,FT
3507,2026-06-04,Friendly,,2026,,Lesotho,Lesotho,Kenya,Kenya,1,1,FT
3508,2026-06-04,Friendly,,2026,,Mexico,Mexico,Serbia,Serbia,5,1,FT
3509,2026-06-04,Friendly,,2026,,Northern Ireland,Northern Ireland,Guinea,Guinea,1,0,FT
3510,2026-06-04,Friendly,,2026,,Slovenia,Slovenia,Cyprus,Cyprus,1,1,FT
3511,2026-06-04,Friendly,,2026,,Spain,Spain,Iraq,Iraq,1,1,FT
3512,2026-06-04,Friendly,,2026,,Sweden,Sweden,Greece,Greece,2,2,FT
3513,2026-06-05,Friendly,,2026,,Angola,Angola,Mauritania,Mauritania,1,1,FT
3514,2026-06-05,Friendly,,2026,,Azerbaijan,Azerbaijan,Malta,Malta,0,2,FT
3515,2026-06-05,Friendly,,2026,,Belarus,Belarus,Syria,Syria,4,1,FT
3516,2026-06-05,Friendly,,2026,,Canada,Canada,Republic of Ireland,Republic of Ireland,1,1,FT
3517,2026-06-05,Friendly,,2026,,Georgia,Georgia,Bahrain,Bahrain,2,0,FT
3518,2026-06-05,Friendly,,2026,,Haiti,Haiti,Peru,Peru,1,2,FT
3519,2026-06-05,Friendly,,2026,,Hong Kong,Hong Kong,Mongolia,Mongolia,2,0,FT
3520,2026-06-05,Friendly,,2026,,Hungary,Hungary,Finland,Finland,2,1,FT
3521,2026-06-05,Friendly,,2026,,Indonesia,Indonesia,Oman,Oman,3,0,FT
3522,2026-06-05,Friendly,,2026,,Moldova,Moldova,Bulgaria,Bulgaria,2,2,FT
3523,2026-06-05,Friendly,,2026,,Paraguay,Paraguay,Nicaragua,Nicaragua,4,0,FT
3524,2026-06-05,Friendly,,2026,,San Marino,San Marino,Bangladesh,Bangladesh,1,2,FT
3525,2026-06-05,Friendly,,2026,,Singapore,Singapore,China,China,1,2,FT
3526,2026-06-05,Friendly,,2026,,Slovakia,Slovakia,Montenegro,Montenegro,2,2,FT
3527,2026-06-05,Friendly,,2026,,Tajikistan,Tajikistan,India,India,3,1,FT
3528,2026-06-05,Friendly,,2026,,Thailand,Thailand,Kuwait,Kuwait,2,2,FT
3529,2026-06-05,Friendly,,2026,,Russia,Russia,Burkina Faso,Burkina Faso,3,0,FT
3530,2026-06-05,Friendly,,2026,,Benin,Benin,Niger,Niger,1,1,FT
3531,2026-06-05,Friendly,,2026,,Central African Republic,Central African Republic,Togo,Togo,1,1,FT
3532,2026-06-05,Friendly,,2026,,Puerto Rico,Puerto Rico,Saudi Arabia,Saudi Arabia,0,3,FT
3533,2026-06-06,Friendly,,2026,,Vanuatu,Vanuatu,Fiji,Fiji,2,1,FT
3534,2026-06-06,Friendly,,2026,,Albania,Albania,Luxembourg,Luxembourg,0,1,FT
3535,2026-06-06,Friendly,,2026,,Argentina,Argentina,Honduras,Honduras,2,0,FT
3536,2026-06-06,Friendly,,2026,,Armenia,Armenia,Kazakhstan,Kazakhstan,1,1,FT
3537,2026-06-06,Friendly,,2026,,Australia,Australia,Switzerland,Switzerland,1,1,FT
3538,2026-06-06,Friendly,,2026,,Belgium,Belgium,Tunisia,Tunisia,5,0,FT
3539,2026-06-06,Friendly,,2026,,Bermuda,Bermuda,Cape Verde,Cape Verde,3,0,FT
3540,2026-06-06,Friendly,,2026,,Bolivia,Bolivia,Scotland,Scotland,0,4,FT
3541,2026-06-06,Friendly,,2026,,Brazil,Brazil,Egypt,Egypt,2,1,FT
3542,2026-06-06,Friendly,,2026,,Curaçao,Curaçao,Aruba,Aruba,4,0,FT
3543,2026-06-06,Friendly,,2026,,England,England,New Zealand,New Zealand,1,0,FT
3544,2026-06-06,Friendly,,2026,,Sierra Leone,Sierra Leone,Liberia,Liberia,1,0,FT
3545,2026-06-06,Friendly,,2026,,Ethiopia,Ethiopia,Malawi,Malawi,1,0,FT
3546,2026-06-06,Friendly,,2026,,Gibraltar,Gibraltar,Cayman Islands,Cayman Islands,4,1,FT
3547,2026-06-06,Friendly,,2026,,Jamaica,Jamaica,South Africa,South Africa,0,1,FT
3548,2026-06-06,Friendly,,2026,,Kyrgyzstan,Kyrgyzstan,Palestine,Palestine,0,0,FT
3549,2026-06-06,Friendly,,2026,,Panama,Panama,Bosnia and Herzegovina,Bosnia and Herzegovina,1,1,FT
3550,2026-06-06,Friendly,,2026,,Portugal,Portugal,Chile,Chile,2,1,FT
3551,2026-06-06,Friendly,,2026,,Qatar,Qatar,El Salvador,El Salvador,0,0,FT
3552,2026-06-06,Friendly,,2026,,Romania,Romania,Wales,Wales,2,1,FT
3553,2026-06-06,Friendly,,2026,,United States,United States,Germany,Germany,1,2,FT
3554,2026-06-06,Friendly,,2026,,British Virgin Islands,British Virgin Islands,Bonaire,Bonaire,2,0,FT
3555,2026-06-06,Friendly,,2026,,Gibraltar,Gibraltar,Cayman Islands,Cayman Islands,4,1,FT
3556,2026-06-06,Friendly,,2026,,Venezuela,Venezuela,Turkey,Turkey,1,2,FT
3557,2026-06-06,Tri-Nations Cup,,2026,,Myanmar,Myanmar,Guam,Guam,6,1,FT
3558,2026-06-06,Baltic Cup,,2026,,Lithuania,Lithuania,Latvia,Latvia,1,1,FT
3559,2026-06-06,Baltic Cup,,2026,,Estonia,Estonia,Faroe Islands,Faroe Islands,1,0,FT
3560,2026-06-07,Friendly,,2026,,Croatia,Croatia,Slovenia,Slovenia,2,1,FT
3561,2026-06-07,Friendly,,2026,,Ecuador,Ecuador,Guatemala,Guatemala,3,0,FT
3562,2026-06-07,Friendly,,2026,,Greece,Greece,Italy,Italy,0,1,FT
3563,2026-06-07,Friendly,,2026,,Jordan,Jordan,Colombia,Colombia,0,2,FT
3564,2026-06-07,Friendly,,2026,,Kosovo,Kosovo,Andorra,Andorra,3,0,FT
3565,2026-06-07,Friendly,,2026,,Liechtenstein,Liechtenstein,Cyprus,Cyprus,0,2,FT
3566,2026-06-07,Friendly,,2026,,Morocco,Morocco,Norway,Norway,1,1,FT
3567,2026-06-07,Friendly,,2026,,Denmark,Denmark,Ukraine,Ukraine,2,1,FT
